complaint_id,title,description,department,priority,severity_score,fraud_score,is_duplicate,latitude,longitude,status,created_at
C00001,Loose electric wire,Loose electric wire. Second second which could reflect lay same doctor head environmental fill probably likely board minute drive.,Electrical,Low,4,61,False,17.29559731,78.59056908,In Progress,2025-09-01 08:52:51
C00002,No water supply,No water supply. Inside market language economic religious blood ok federal policy different call.,Water Supply,Low,14,26,False,17.44138131,78.38573648,In Progress,2025-07-04 08:52:51
C00003,Road crack,Road crack. Interview call finally enough career resource manager give such gas future responsibility tonight.,Roads,High,71,81,False,17.2935388,78.41043154,Resolved,2025-07-25 08:52:51
C00004,Trash accumulation,Trash accumulation. Easy to support industry account officer ability throughout write student create space house detail fight chance.,Sanitation,High,77,46,False,17.39088619,78.39025182,Resolved,2026-02-14 08:52:51
C00005,Power outage,Power outage. Travel little off guy try front matter give see contain prove view analysis senior speak herself.,Electrical,Low,4,74,False,17.40073874,78.55352012,Assigned,2026-01-24 08:52:51
C00006,Broken bench,Broken bench. Every environment begin ok former country strategy camera opportunity however huge beautiful piece.,Parks,Medium,37,3,False,17.36483608,78.48276266,Resolved,2026-03-03 08:52:51
C00007,Trash accumulation,Trash accumulation. Picture area explain really out finish game.,Sanitation,Critical,98,30,False,17.24643743,78.5550989,Pending,2025-11-10 08:52:51
C00008,Pipeline burst,Pipeline burst. Star moment through television however discuss election player.,Water Supply,Low,19,95,False,17.27263918,78.49992759,Resolved,2026-03-17 08:52:51
C00009,Unsafe area,Unsafe area. If something relate they situation production compare audience.,Public Safety,Critical,90,55,False,17.26914524,78.35992251,Pending,2025-12-01 08:52:51
C00010,Pipeline burst,Pipeline burst. Lot yard budget much follow compare listen husband thing the.,Water Supply,High,58,21,False,17.25785187,78.58877585,Pending,2026-01-28 08:52:51
C00011,Illegal parking,Illegal parking. Reality address her several in join total box while.,Traffic,High,51,35,False,17.38002236,78.62736426,Pending,2025-12-11 08:52:51
C00012,Damaged playground,Damaged playground. Cold carry method sing these identify recent property condition management stop camera base.,Parks,High,97,22,False,17.49577197,78.46490817,Resolved,2026-04-28 08:52:51
C00013,Traffic congestion,Traffic congestion. Dog store artist still a account whole picture deal it hospital bar vote reveal really number.,Traffic,High,77,19,False,17.35114404,78.35396982,Assigned,2025-08-07 08:52:51
C00014,Pipeline burst,Pipeline burst. Wall firm several side third focus and.,Water Supply,High,81,83,False,17.51306181,78.34335057,Closed,2025-07-15 08:52:51
C00015,No water supply,No water supply. Role beat pick development at fire call read eye society security.,Water Supply,Low,3,3,False,17.4454279,78.55684599,Pending,2026-05-28 08:52:51
C00016,Overflowing waste bins,Overflowing waste bins. Show maintain off reality decide defense responsibility director watch story positive measure.,Sanitation,Medium,44,45,False,17.44232311,78.5297668,Assigned,2025-06-11 08:52:51
C00017,Park maintenance issue,Park maintenance issue. Take study girl technology career perform him lot whether pick until.,Parks,High,82,4,False,17.27938869,78.39265983,Resolved,2026-01-26 08:52:51
C00018,Road crack,Road crack. Vote represent every hard her usually involve though.,Roads,Medium,49,14,False,17.35546434,78.6032886,Resolved,2025-07-07 08:52:51
C00019,Drain blockage,Drain blockage. Manager trouble out billion school television huge serious seven.,Drainage,Low,11,28,False,17.51443088,78.61657688,Assigned,2025-06-23 08:52:51
C00020,Damaged pavement,Damaged pavement. Lot thank when answer write unit step page may actually foot paper.,Roads,High,64,70,False,17.26114778,78.58080065,Assigned,2025-07-26 08:52:51
C00021,Pipeline burst,Pipeline burst. One media wife accept store again production ok.,Water Supply,Critical,84,41,False,17.459572,78.59704952,Closed,2025-12-25 08:52:51
C00022,Waterlogging,Waterlogging. Among million decide party production if purpose without onto trade big.,Drainage,Low,14,76,False,17.45610679,78.3560784,Closed,2025-09-26 08:52:51
C00023,Overflowing waste bins,Overflowing waste bins. South rule suffer although only down start this.,Sanitation,High,79,84,False,17.44283506,78.4853536,Pending,2025-08-08 08:52:51
C00024,Damaged pavement,Damaged pavement. Research under there notice home wish never population western pay.,Roads,High,53,69,False,17.44698998,78.50484742,In Progress,2025-12-24 08:52:51
C00025,Sewage overflow,Sewage overflow. Sometimes baby race quite program film ability interview cut early.,Drainage,Medium,39,61,False,17.45170306,78.59765301,Closed,2026-01-15 08:52:51
C00026,Illegal parking,Illegal parking. Charge again none eye staff size old fire bar safe war those nature sign join.,Traffic,Low,11,72,False,17.31767476,78.59581716,Pending,2025-11-18 08:52:51
C00027,Traffic congestion,Traffic congestion. Station turn be social thousand across wait unit data door although player and song financial.,Traffic,Medium,42,61,False,17.28527389,78.48636525,Resolved,2026-04-15 08:52:51
C00028,Power outage,Power outage. Movie attorney structure set school benefit source hear recent join.,Electrical,Low,2,9,False,17.37142791,78.52478043,In Progress,2026-04-07 08:52:51
C00029,Overflowing waste bins,Overflowing waste bins. Feel sort parent address eat financial professional music.,Sanitation,Low,8,13,False,17.28074848,78.54821856,Pending,2025-09-23 08:52:51
C00030,Abandoned vehicle,Abandoned vehicle. Improve no part through hit capital own top good budget group class identify product.,Public Safety,High,95,69,False,17.4445341,78.56541651,Resolved,2025-12-08 08:52:51
C00031,Unsafe area,Unsafe area. Site modern team plan to total together prove appear law structure father each inside individual happen.,Public Safety,Medium,43,35,False,17.4977322,78.53008046,In Progress,2025-07-09 08:52:51
C00032,Road crack,Road crack. Relationship student know office actually stand better world loss play the although energy occur.,Roads,Medium,39,0,False,17.33549973,78.53100986,Pending,2026-03-05 08:52:51
C00033,Pipeline burst,Pipeline burst. Loss whole someone none our thing establish down nor office draw travel open.,Water Supply,Low,20,6,False,17.33101742,78.37536542,Resolved,2025-10-11 08:52:51
C00034,Garbage not collected,Garbage not collected. Military arrive individual same down general ago player short radio thank tonight loss common.,Sanitation,Low,21,65,False,17.40406133,78.54399314,Resolved,2026-02-13 08:52:51
C00035,No water supply,No water supply. Meet image set no authority society wall make.,Water Supply,Low,21,100,False,17.48373007,78.49059815,Pending,2026-04-05 08:52:51
C00036,Sewage overflow,Sewage overflow. Wall get affect issue move catch land visit positive close speech.,Drainage,High,67,63,True,17.34898853,78.46796748,Closed,2026-05-24 08:52:51
C00037,Damaged playground,Damaged playground. Hospital cell else religious fact learn scene debate cell star door it laugh.,Parks,High,65,16,False,17.25956601,78.37849199,Pending,2026-02-15 08:52:51
C00038,Waterlogging,Waterlogging. However that leader world change particular herself early up evening threat wish director particularly.,Drainage,Low,19,52,False,17.40421608,78.56165304,Pending,2025-09-16 08:52:51
C00039,Pipeline burst,Pipeline burst. Treatment happen more data about drug truth how management show keep.,Water Supply,Low,21,64,False,17.44119141,78.58472103,Resolved,2026-04-25 08:52:51
C00040,Street light not working,Street light not working. Half coach structure reach day black land record hope student full government head.,Electrical,High,99,77,False,17.39403471,78.34692177,Closed,2026-02-14 08:52:51
C00041,Illegal parking,Illegal parking. View again spring sister firm room more.,Traffic,Low,17,1,False,17.36718934,78.49234448,In Progress,2026-02-02 08:52:51
C00042,Abandoned vehicle,Abandoned vehicle. Weight pull support less expert trip my hour style responsibility begin.,Public Safety,Low,11,64,False,17.43938193,78.58330295,Closed,2025-06-04 08:52:51
C00043,Damaged pavement,Damaged pavement. Score table who imagine step artist water whatever lay reveal west movement half executive might.,Roads,High,57,85,False,17.43080663,78.57802764,Pending,2025-08-09 08:52:51
C00044,Abandoned vehicle,Abandoned vehicle. Left officer attention character vote effect international production politics lay total world as nice toward.,Public Safety,High,56,77,False,17.23775701,78.45006151,In Progress,2026-04-25 08:52:51
C00045,Illegal parking,Illegal parking. Speech reflect purpose control step exactly direction everyone kid head suffer near.,Traffic,Medium,42,4,False,17.39441268,78.4020315,In Progress,2025-06-30 08:52:51
C00046,Trash accumulation,Trash accumulation. Side grow surface admit can light just region put seven read bank marriage dark admit.,Sanitation,Low,15,19,False,17.34644137,78.55939326,In Progress,2025-12-03 08:52:51
C00047,Street light not working,Street light not working. Wind end mouth community one lawyer reach yeah certainly opportunity reflect fact guess government whose piece.,Electrical,Medium,26,48,False,17.37079398,78.41457643,Assigned,2025-12-26 08:52:51
C00048,Water leakage,Water leakage. Second ball sell mouth see give make find nature cold give central gas there.,Water Supply,High,51,24,False,17.29784908,78.59722014,Pending,2026-03-29 08:52:51
C00049,Power outage,Power outage. What compare name ready fire single image paper reveal our project write speech space.,Electrical,Medium,50,83,False,17.53462663,78.56281216,Closed,2026-01-11 08:52:51
C00050,Damaged playground,Damaged playground. Bring role information until bit response spend recent summer effort movement general choice manage stuff.,Parks,High,64,60,False,17.42243315,78.35488407,Assigned,2025-07-10 08:52:51
C00051,Drain blockage,Drain blockage. That memory lot forget east front letter ground continue.,Drainage,Critical,100,7,True,17.25224788,78.38920568,In Progress,2025-07-20 08:52:51
C00052,Loose electric wire,Loose electric wire. Instead the sign item certainly teacher hard.,Electrical,Medium,41,19,True,17.46906309,78.34614308,Closed,2026-04-18 08:52:51
C00053,Pipeline burst,Pipeline burst. Run discuss why surface agent century heart unit think floor line try staff range simply song.,Water Supply,Low,22,10,False,17.49602834,78.35009185,Closed,2026-03-26 08:52:51
C00054,Broken bench,Broken bench. Lot black type clear study leave term explain course plan member important beat brother too.,Parks,Medium,32,72,True,17.41958777,78.33747801,Closed,2025-09-08 08:52:51
C00055,Pothole on road,Pothole on road. Beat now decision star use peace anything travel continue own remember.,Roads,High,64,2,False,17.44315617,78.41388127,Assigned,2026-01-02 08:52:51
C00056,Park maintenance issue,Park maintenance issue. Citizen to create I wife hit practice early vote light end member.,Parks,High,90,14,False,17.38888101,78.36943588,Resolved,2025-08-12 08:52:51
C00057,Loose electric wire,Loose electric wire. Once successful head character front goal training piece which establish she pay.,Electrical,Low,13,58,False,17.33052352,78.60650118,In Progress,2025-11-06 08:52:51
C00058,Loose electric wire,Loose electric wire. Tax father church claim get federal successful.,Electrical,Medium,30,9,False,17.40549659,78.36806575,Pending,2025-06-09 08:52:51
C00059,Sewage overflow,Sewage overflow. His career keep protect reduce church institution several.,Drainage,Low,7,66,False,17.44689746,78.37195481,Closed,2025-09-04 08:52:51
C00060,Public nuisance,Public nuisance. Go TV heart boy they detail move church civil reality teacher wear eye.,Public Safety,Low,4,54,False,17.3421509,78.38980102,In Progress,2026-04-18 08:52:51
C00061,Loose electric wire,Loose electric wire. Expert step theory member special majority white argue threat.,Electrical,High,53,2,False,17.43058114,78.44936202,Resolved,2025-10-27 08:52:51
C00062,Waterlogging,Waterlogging. Who far avoid industry media manager hospital others before pattern on final cover society last her.,Drainage,Medium,36,64,False,17.33711783,78.5550463,Assigned,2026-02-02 08:52:51
C00063,Abandoned vehicle,Abandoned vehicle. Challenge bring popular full a bring we north nation who fire defense ever year since.,Public Safety,Medium,48,41,False,17.35360175,78.50704397,Resolved,2025-09-29 08:52:51
C00064,Water leakage,Water leakage. Court really increase bag across forward specific effort up score happy.,Water Supply,Medium,26,94,False,17.4301927,78.56789741,Pending,2025-08-19 08:52:51
C00065,Pipeline burst,Pipeline burst. Bill treat term my sense almost thing forward rise budget special include.,Water Supply,Low,4,84,False,17.48633752,78.40374475,In Progress,2025-10-01 08:52:51
C00066,Power outage,Power outage. Speak land international soldier attention road rich their become.,Electrical,Medium,39,52,True,17.29976541,78.42732521,Closed,2025-09-12 08:52:51
C00067,Overflowing waste bins,Overflowing waste bins. Start base protect attack worker arm thought fast speak.,Sanitation,Low,19,6,False,17.44098286,78.53864332,In Progress,2025-09-13 08:52:51
C00068,Trash accumulation,Trash accumulation. Ok take source game name concern example whole.,Sanitation,Critical,91,19,False,17.32574198,78.62589143,In Progress,2025-12-01 08:52:51
C00069,Illegal parking,Illegal parking. Media majority year return wrong realize then hard everyone star next.,Traffic,Medium,37,77,False,17.23694057,78.48698443,Assigned,2025-08-26 08:52:51
C00070,Power outage,Power outage. Once yourself study deal bank bank realize must as example story also.,Electrical,High,83,93,False,17.36949591,78.44716702,Closed,2026-01-16 08:52:51
C00071,Garbage not collected,Garbage not collected. Fine home source position should later world.,Sanitation,High,60,83,False,17.39996029,78.36027736,Assigned,2026-03-06 08:52:51
C00072,Park maintenance issue,Park maintenance issue. Common each gas mother side business painting.,Parks,Medium,28,70,False,17.35646738,78.53908955,Pending,2026-04-22 08:52:51
C00073,Street light not working,Street light not working. Role though nothing several follow economic recognize back per what current mouth fill.,Electrical,Low,8,6,False,17.27579539,78.63569815,Assigned,2026-05-06 08:52:51
C00074,Pothole on road,Pothole on road. Improve how employee approach rest listen meet since establish score left development bed different short production.,Roads,High,84,9,False,17.24156854,78.43768604,Pending,2025-09-21 08:52:51
C00075,Pipeline burst,Pipeline burst. Her yourself federal voice sing yet but military red court.,Water Supply,Low,6,41,False,17.26567187,78.54330344,Assigned,2025-07-09 08:52:51
C00076,Unsafe area,Unsafe area. Real year build likely far raise whatever hear class.,Public Safety,High,86,3,False,17.34080848,78.59000784,Assigned,2026-02-02 08:52:51
C00077,Waterlogging,Waterlogging. Film wife piece development rather all teach single tend crime simple participant chance effort.,Drainage,Medium,42,4,False,17.27078955,78.4303961,Resolved,2025-09-07 08:52:51
C00078,Garbage not collected,Garbage not collected. Religious lot south kind operation change with.,Sanitation,High,100,70,False,17.29260176,78.48108102,Resolved,2025-09-16 08:52:51
C00079,Broken bench,Broken bench. Southern after pull many cause mission eat tree care special age.,Parks,Medium,37,8,False,17.48599124,78.58051599,Assigned,2025-07-20 08:52:51
C00080,Unsafe area,Unsafe area. Crime treatment matter might address watch find choose machine leader crime fill.,Public Safety,Medium,30,99,False,17.51783522,78.39160722,Assigned,2025-11-17 08:52:51
C00081,No water supply,No water supply. Last commercial memory investment interview kitchen point last think purpose theory across structure stand business.,Water Supply,Medium,50,24,False,17.49463931,78.38224937,Assigned,2026-01-29 08:52:51
C00082,Pothole on road,Pothole on road. Month discover knowledge artist less environment cup computer water south affect material.,Roads,Medium,41,91,False,17.44104578,78.55831772,In Progress,2025-08-01 08:52:51
C00083,Water leakage,Water leakage. Beyond skin week fish prevent economy owner article tree.,Water Supply,Medium,32,57,False,17.43532823,78.61838932,Closed,2025-12-12 08:52:51
C00084,Traffic signal failure,Traffic signal failure. Girl detail record professional yourself above thousand.,Traffic,High,66,25,False,17.45838267,78.4097706,In Progress,2025-06-10 08:52:51
C00085,Illegal parking,Illegal parking. Arrive food full attorney give example establish population later admit early mouth rest use exactly.,Traffic,Low,15,31,False,17.33533559,78.33673521,Pending,2026-04-14 08:52:51
C00086,Trash accumulation,Trash accumulation. Participant between century method true first trouble.,Sanitation,Medium,47,62,False,17.49387952,78.58115751,In Progress,2025-11-02 08:52:51
C00087,Traffic signal failure,Traffic signal failure. Outside always goal stop its involve feeling identify sort nearly.,Traffic,Low,5,32,False,17.24770466,78.37762579,Closed,2026-04-28 08:52:51
C00088,Road crack,Road crack. Staff ago along particular be watch price rise voice debate hit all let.,Roads,Critical,88,94,False,17.33270049,78.62043913,In Progress,2025-10-09 08:52:51
C00089,No water supply,No water supply. Social decade nearly social standard do others else.,Water Supply,High,80,55,False,17.31420939,78.45695042,Closed,2025-10-25 08:52:51
C00090,Garbage not collected,Garbage not collected. Animal give administration group remember hold hair property argue physical west responsibility direction forget.,Sanitation,High,94,58,False,17.39940374,78.62746145,Closed,2025-06-03 08:52:51
C00091,Pipeline burst,Pipeline burst. Lay kid state protect car use season let.,Water Supply,High,67,74,False,17.32351262,78.5551857,Resolved,2026-04-11 08:52:51
C00092,Traffic congestion,Traffic congestion. Decade recent interest Congress quality right skill task loss beautiful.,Traffic,High,84,12,False,17.43994116,78.40645835,In Progress,2025-06-29 08:52:51
C00093,Garbage not collected,Garbage not collected. World always professional character establish develop choice head address air believe minute note ground kitchen weight.,Sanitation,High,63,21,False,17.44635683,78.63366279,Closed,2026-04-08 08:52:51
C00094,Power outage,Power outage. Treat throughout relate half yet society four day act daughter.,Electrical,Low,3,6,False,17.33624644,78.47683453,Resolved,2026-02-28 08:52:51
C00095,Loose electric wire,Loose electric wire. Bed most throughout different man bit entire need.,Electrical,High,68,45,False,17.26495387,78.38149468,Closed,2026-03-03 08:52:51
C00096,Public nuisance,Public nuisance. Visit even popular enough before activity activity offer modern success.,Public Safety,Low,5,87,False,17.33816895,78.46331558,In Progress,2026-05-31 08:52:51
C00097,Trash accumulation,Trash accumulation. Woman film voice show business political green military attack too.,Sanitation,High,67,34,False,17.25080049,78.54465497,Closed,2025-07-16 08:52:51
C00098,Waterlogging,Waterlogging. Catch support significant serious wish possible name mission shake white us ball minute.,Drainage,High,73,83,False,17.48852503,78.38947822,Assigned,2026-01-14 08:52:51
C00099,Sewage overflow,Sewage overflow. Include billion ahead consider almost position better step learn key example training until risk.,Drainage,High,61,78,False,17.3389593,78.34261846,Resolved,2025-06-13 08:52:51
C00100,Overflowing waste bins,Overflowing waste bins. Available read down when alone religious enough difference training organization material spend can can.,Sanitation,Critical,100,61,False,17.39967029,78.61813138,Assigned,2025-07-19 08:52:51
C00101,Waterlogging,Waterlogging. Laugh meet medical certainly here enough develop exist front process forget middle few.,Drainage,High,69,77,False,17.36426027,78.42878744,Resolved,2026-01-11 08:52:51
C00102,Road crack,Road crack. Including than total when pay structure dinner instead hotel hard total whose high experience what believe.,Roads,High,63,66,False,17.36323822,78.58186444,Resolved,2026-02-06 08:52:51
C00103,Damaged playground,Damaged playground. Mrs miss store administration animal five herself drug list popular another.,Parks,High,76,21,False,17.40975436,78.54591509,Assigned,2026-01-25 08:52:51
C00104,Road crack,Road crack. Civil option stuff drop Republican provide Democrat provide camera economic unit.,Roads,Medium,43,41,False,17.50146693,78.44094869,Closed,2025-09-24 08:52:51
C00105,Overflowing waste bins,Overflowing waste bins. Write prevent adult sport military since material.,Sanitation,Low,23,4,False,17.41393765,78.38868938,Resolved,2025-12-02 08:52:51
C00106,No water supply,No water supply. Than season situation age under again agree.,Water Supply,High,86,5,False,17.41007841,78.58135881,In Progress,2026-03-12 08:52:51
C00107,Power outage,Power outage. Support indicate few edge doctor personal administration recent likely main mind test.,Electrical,Low,7,85,True,17.43703874,78.56657079,Resolved,2025-11-01 08:52:51
C00108,Traffic congestion,Traffic congestion. Indeed scene single thus personal look order policy fish door situation nice wind.,Traffic,Low,12,81,False,17.45836291,78.44690279,In Progress,2026-05-05 08:52:51
C00109,Waterlogging,Waterlogging. Front design mention town hour set Democrat free truth professor example degree analysis even but.,Drainage,Medium,41,14,False,17.28443196,78.58324205,Pending,2026-04-29 08:52:51
C00110,Drain blockage,Drain blockage. Travel item crime where base well very inside.,Drainage,Critical,96,9,False,17.51421053,78.5379401,Closed,2026-04-19 08:52:51
C00111,Traffic signal failure,Traffic signal failure. Star around onto simple power power task first ready activity room.,Traffic,Low,21,82,False,17.42042001,78.48259034,Resolved,2026-05-24 08:52:51
C00112,Sewage overflow,Sewage overflow. Time try actually the magazine similar glass present develop nice that human.,Drainage,Critical,88,22,False,17.35247565,78.43524987,Closed,2025-10-29 08:52:51
C00113,Sewage overflow,Sewage overflow. Word local data executive contain remain apply threat pay organization sea of body.,Drainage,Critical,82,49,False,17.29919838,78.43233984,Pending,2026-01-26 08:52:51
C00114,Road crack,Road crack. War them able general civil five also.,Roads,Medium,38,72,False,17.37931007,78.57465975,Assigned,2026-04-22 08:52:51
C00115,Loose electric wire,Loose electric wire. Serve herself lawyer religious ago someone no change else room.,Electrical,High,71,53,False,17.2731443,78.36678424,In Progress,2026-02-25 08:52:51
C00116,Trash accumulation,Trash accumulation. Key feeling loss black actually production piece play indeed.,Sanitation,Critical,89,33,False,17.50381241,78.38389953,Pending,2026-03-05 08:52:51
C00117,Sewage overflow,Sewage overflow. Simple if heavy education actually partner occur cut cut.,Drainage,Critical,85,59,False,17.37781999,78.60362523,Resolved,2025-08-06 08:52:51
C00118,Damaged playground,Damaged playground. Technology each owner fast area any opportunity stock station.,Parks,Critical,90,76,False,17.3348826,78.56917622,Closed,2026-04-20 08:52:51
C00119,Garbage not collected,Garbage not collected. These fire then effect not skill none.,Sanitation,High,94,67,False,17.50230295,78.46487364,Assigned,2025-07-05 08:52:51
C00120,Road crack,Road crack. Happy network woman economic language nearly follow staff artist minute turn.,Roads,Low,22,16,False,17.42231824,78.60915633,Closed,2026-04-12 08:52:51
C00121,Unsafe area,Unsafe area. Investment how result public clear wonder worker compare.,Public Safety,High,71,67,False,17.27326098,78.40098043,Closed,2026-02-03 08:52:51
C00122,Loose electric wire,Loose electric wire. Large call image poor student return couple executive be.,Electrical,Medium,35,58,False,17.29783276,78.51262082,Assigned,2026-04-12 08:52:51
C00123,Loose electric wire,Loose electric wire. Never camera cup involve voice girl official say she.,Electrical,High,72,11,False,17.46085371,78.54243056,Assigned,2026-03-03 08:52:51
C00124,Overflowing waste bins,Overflowing waste bins. Until occur defense responsibility laugh create leader final usually.,Sanitation,Low,8,69,False,17.43926306,78.36432443,Pending,2025-10-03 08:52:51
C00125,Broken bench,Broken bench. Early he throughout property population show share truth continue type chair less.,Parks,High,59,95,True,17.3549506,78.55723434,Assigned,2025-07-22 08:52:51
C00126,Unsafe area,Unsafe area. Line become then trade arrive the forget fact move identify.,Public Safety,Medium,48,33,False,17.2620347,78.60493298,Closed,2026-03-24 08:52:51
C00127,Unsafe area,Unsafe area. Last have modern stand brother trip whether.,Public Safety,High,60,33,True,17.50856899,78.5563107,In Progress,2026-05-17 08:52:51
C00128,Power outage,Power outage. Sometimes manager just black within different wife only exactly why amount choose thank explain value.,Electrical,Low,20,80,False,17.45385392,78.46201915,Pending,2025-10-13 08:52:51
C00129,Traffic signal failure,Traffic signal failure. Out store kind green nothing purpose each half treat.,Traffic,Low,15,69,False,17.43029892,78.34218572,Pending,2026-05-01 08:52:51
C00130,Waterlogging,Waterlogging. Detail leader society toward seven blue draw agent boy stock wide teacher.,Drainage,High,98,86,False,17.46543634,78.63174179,Pending,2025-09-29 08:52:51
C00131,Traffic congestion,Traffic congestion. Identify community throughout interest standard various ball.,Traffic,Medium,44,12,False,17.49257261,78.43042276,Pending,2026-03-14 08:52:51
C00132,Road crack,Road crack. Attorney collection spring exactly rather hour term room.,Roads,Critical,92,4,False,17.28864465,78.50358906,Pending,2026-03-04 08:52:51
C00133,No water supply,No water supply. Seven character make between history time condition nation.,Water Supply,Low,0,47,False,17.34500655,78.59499541,Pending,2026-04-10 08:52:51
C00134,Drain blockage,Drain blockage. Science view yes push themselves laugh feeling remember ball yeah that decade bag similar money.,Drainage,Low,24,62,False,17.51287068,78.39778801,Assigned,2025-08-29 08:52:51
C00135,Waterlogging,Waterlogging. Goal sport tree mission road goal remember beat fall.,Drainage,Medium,36,2,False,17.53073843,78.46927709,Assigned,2025-09-09 08:52:51
C00136,Loose electric wire,Loose electric wire. Recently sure first picture consumer young soldier eat suggest tree old affect line.,Electrical,Medium,47,34,False,17.3072109,78.47280784,In Progress,2025-10-18 08:52:51
C00137,Unsafe area,Unsafe area. Understand long floor population often because everyone fund third Congress.,Public Safety,Medium,49,6,True,17.39742626,78.35551385,In Progress,2025-08-23 08:52:51
C00138,Broken bench,Broken bench. Rest whom culture again experience nation assume top never without.,Parks,Low,12,36,False,17.26445964,78.45089804,Pending,2026-05-28 08:52:51
C00139,Damaged playground,Damaged playground. Allow room theory officer similar economy arrive significant police guy before oil mouth I senior.,Parks,Medium,47,63,False,17.24600756,78.51000965,Resolved,2025-08-22 08:52:51
C00140,Pothole on road,Pothole on road. Safe television these mind listen maintain region under health.,Roads,Critical,95,10,False,17.46334409,78.51323726,Closed,2026-05-29 08:52:51
C00141,Illegal parking,Illegal parking. Stage her middle institution political her fight father responsibility lead great someone simple game sing hold.,Traffic,Low,25,88,False,17.46535931,78.47654076,In Progress,2026-05-25 08:52:51
C00142,Damaged playground,Damaged playground. Another collection want as class general purpose position allow.,Parks,Medium,43,52,False,17.4391687,78.58816996,Closed,2026-05-16 08:52:51
C00143,Pothole on road,Pothole on road. Old marriage keep civil cost knowledge necessary election security three off so life.,Roads,Low,20,89,False,17.3162562,78.62564166,Assigned,2026-05-30 08:52:51
C00144,Road crack,Road crack. During feel necessary citizen spend thought two.,Roads,High,52,10,False,17.36425453,78.57880268,Pending,2026-03-10 08:52:51
C00145,Garbage not collected,Garbage not collected. Half summer boy sign win beautiful enter base.,Sanitation,Low,11,25,True,17.42907739,78.39551964,Assigned,2025-12-09 08:52:51
C00146,No water supply,No water supply. Raise house consider result instead suffer field such son me worry drug book care.,Water Supply,Low,19,93,False,17.40518604,78.53805985,Pending,2025-09-23 08:52:51
C00147,Sewage overflow,Sewage overflow. Must hear cup international time visit discover onto pass impact main we.,Drainage,Low,4,72,False,17.30019157,78.5632727,Closed,2025-10-03 08:52:51
C00148,Traffic congestion,Traffic congestion. Mean parent move accept the serve course.,Traffic,Low,9,35,False,17.24422645,78.54193361,In Progress,2026-02-25 08:52:51
C00149,Damaged playground,Damaged playground. Available either guy police after color store instead.,Parks,High,98,34,False,17.50185043,78.34389875,Pending,2026-02-26 08:52:51
C00150,Public nuisance,Public nuisance. Director use beat politics second discover huge bank know.,Public Safety,Low,15,85,False,17.38923328,78.55333187,Pending,2025-09-22 08:52:51
C00151,Traffic signal failure,Traffic signal failure. Long benefit field I brother space dinner particular player direction garden model.,Traffic,High,98,72,False,17.50772812,78.47322712,Resolved,2025-11-08 08:52:51
C00152,Road crack,Road crack. Scientist subject surface step trouble community minute small value.,Roads,Critical,93,15,False,17.28155251,78.44720755,In Progress,2026-05-18 08:52:51
C00153,Water leakage,Water leakage. Sing example view next cell democratic national into down already identify old chance boy value treat.,Water Supply,Low,23,1,False,17.32869281,78.43126135,Assigned,2025-10-04 08:52:51
C00154,Waterlogging,Waterlogging. Minute become sport better reason city I size kid.,Drainage,Medium,35,44,False,17.26253821,78.58232928,Pending,2025-06-07 08:52:51
C00155,Water leakage,Water leakage. Increase ten allow mind pass before even thing garden including oil apply bring fear.,Water Supply,High,65,96,False,17.45329437,78.44996194,Assigned,2026-04-07 08:52:51
C00156,Road crack,Road crack. Yet wish responsibility their six game where maintain film.,Roads,High,78,81,False,17.48166172,78.56618649,Resolved,2026-05-13 08:52:51
C00157,Loose electric wire,Loose electric wire. Explain about former foot begin strong performance mouth training during leg player.,Electrical,Low,23,35,False,17.25744088,78.57257281,Closed,2025-07-20 08:52:51
C00158,Unsafe area,Unsafe area. Meet international sound lead itself anyone cup girl business all step better building hold her.,Public Safety,High,65,90,True,17.51338928,78.363389,Pending,2025-10-24 08:52:51
C00159,Overflowing waste bins,Overflowing waste bins. Institution room together ask note still personal challenge appear firm foot.,Sanitation,High,84,0,False,17.37389718,78.43638624,Assigned,2025-06-17 08:52:51
C00160,Traffic congestion,Traffic congestion. Early choose offer music place he reality recently news why social ahead determine national sing.,Traffic,Low,14,46,False,17.44374348,78.53419819,Pending,2026-05-22 08:52:51
C00161,Broken bench,Broken bench. Could majority myself cell well prepare offer third goal sense democratic.,Parks,High,67,47,True,17.2616962,78.38487995,Assigned,2025-10-08 08:52:51
C00162,Traffic signal failure,Traffic signal failure. Wind world star tend claim board many world particular move rich.,Traffic,Low,3,12,False,17.38318602,78.47746917,In Progress,2025-10-08 08:52:51
C00163,No water supply,No water supply. Economy difficult glass win mind either respond ok hard nearly something claim control reach.,Water Supply,Low,0,59,False,17.35255533,78.52059586,Pending,2025-12-03 08:52:51
C00164,Road crack,Road crack. Two fall season job thousand car admit art.,Roads,Critical,94,94,False,17.23518168,78.53474778,Assigned,2025-09-18 08:52:51
C00165,Waterlogging,Waterlogging. Perform tax war determine make sell ability necessary simply eat.,Drainage,High,51,83,False,17.31977939,78.5394547,Resolved,2026-01-26 08:52:51
C00166,Sewage overflow,Sewage overflow. American by fund finish write should big I authority executive language.,Drainage,Medium,29,26,True,17.37940345,78.45389585,Closed,2025-09-27 08:52:51
C00167,Damaged playground,Damaged playground. Level turn candidate activity particular poor among send not activity leader whole magazine piece field.,Parks,High,82,62,False,17.38271694,78.55069258,Closed,2025-08-07 08:52:51
C00168,Park maintenance issue,Park maintenance issue. President garden source heart power third beautiful.,Parks,Medium,38,71,False,17.37598971,78.41224647,Pending,2026-03-21 08:52:51
C00169,Public nuisance,Public nuisance. Event hold you control stand range style training foot spring piece.,Public Safety,Low,22,19,False,17.48038425,78.47865303,Resolved,2025-10-18 08:52:51
C00170,Road crack,Road crack. Cup tell foreign cover focus myself report action hotel less family idea television mention weight development.,Roads,High,92,37,False,17.29120063,78.35528204,In Progress,2025-11-10 08:52:51
C00171,Damaged playground,Damaged playground. Authority dog road group sense marriage environment also current group TV.,Parks,High,72,94,False,17.29310321,78.63479309,Assigned,2025-08-15 08:52:51
C00172,Damaged pavement,Damaged pavement. Region per source concern sure raise similar year.,Roads,High,78,3,False,17.39016274,78.43162902,Resolved,2025-10-11 08:52:51
C00173,Road crack,Road crack. Himself red president American teacher get so low.,Roads,Critical,82,44,False,17.29501762,78.5885191,Assigned,2025-08-11 08:52:51
C00174,Abandoned vehicle,Abandoned vehicle. Together billion away administration need employee major house condition life cause cut organization call.,Public Safety,Low,16,4,False,17.42946659,78.54804006,Pending,2026-02-23 08:52:51
C00175,Loose electric wire,Loose electric wire. Dog whose serious anyone amount central price four mention green mind give sing vote begin.,Electrical,High,75,10,False,17.47154874,78.35219973,In Progress,2025-11-11 08:52:51
C00176,Damaged playground,Damaged playground. Only represent far account different resource adult fact stop medical already.,Parks,High,63,56,False,17.27185769,78.35875326,Closed,2025-08-09 08:52:51
C00177,No water supply,No water supply. Often job example test performance education dream save degree senior candidate offer discover.,Water Supply,High,67,68,False,17.40253419,78.48129771,Closed,2026-01-18 08:52:51
C00178,Road crack,Road crack. Join away letter finally treatment interesting field democratic.,Roads,Low,12,65,False,17.48851764,78.60483803,Pending,2025-08-21 08:52:51
C00179,Loose electric wire,Loose electric wire. Lay method keep house purpose give race condition school within more bit movement life.,Electrical,Critical,91,87,False,17.4904909,78.45614959,Assigned,2025-07-10 08:52:51
C00180,Traffic congestion,Traffic congestion. Training foot interest use year get like spring member woman cold meeting very general chance.,Traffic,Low,24,81,False,17.36803919,78.57292812,Pending,2025-06-08 08:52:51
C00181,Unsafe area,Unsafe area. Worker lot rock large thought difficult actually civil sort common person however north son weight science.,Public Safety,High,98,27,True,17.32010026,78.55848987,Assigned,2026-05-23 08:52:51
C00182,Pothole on road,Pothole on road. Standard risk because he most course five grow around name all million commercial show.,Roads,High,84,36,False,17.42331984,78.35755886,Resolved,2026-02-18 08:52:51
C00183,Power outage,Power outage. Couple public official money rather military training maintain already keep.,Electrical,Low,22,74,False,17.28262708,78.40705447,Pending,2026-05-27 08:52:51
C00184,No water supply,No water supply. Suggest Mrs focus risk tax image less less.,Water Supply,Low,2,85,False,17.3650853,78.47134591,Resolved,2025-07-18 08:52:51
C00185,No water supply,No water supply. Nice college party huge area in tax natural better he sign special.,Water Supply,Critical,85,75,False,17.24682956,78.46269893,Closed,2026-03-09 08:52:51
C00186,Road crack,Road crack. Miss measure PM often economy need need true American growth admit simply short night.,Roads,High,86,100,False,17.27140325,78.60149356,Pending,2025-06-15 08:52:51
C00187,Power outage,Power outage. Worry key growth practice able compare least speech character property.,Electrical,Critical,99,6,False,17.25633976,78.36634576,Resolved,2025-08-05 08:52:51
C00188,Water leakage,Water leakage. Bit bill fear increase example far network our traditional southern me goal community alone major.,Water Supply,Medium,38,1,False,17.41392826,78.45373216,Assigned,2025-07-01 08:52:51
C00189,Garbage not collected,Garbage not collected. Data yourself card land two down most road staff choice wait its everybody.,Sanitation,Medium,45,32,False,17.40879058,78.55987308,Pending,2025-07-06 08:52:51
C00190,Damaged playground,Damaged playground. Structure site group follow identify people number herself perform red.,Parks,High,90,63,False,17.28019689,78.62541143,Closed,2025-10-05 08:52:51
C00191,Drain blockage,Drain blockage. Spring free oil along responsibility building human stop peace happy tough offer stand.,Drainage,Medium,44,48,False,17.36071778,78.54021957,Resolved,2026-03-30 08:52:51
C00192,Damaged playground,Damaged playground. West American relationship interesting much food or let leave.,Parks,Medium,32,80,False,17.40883412,78.52480005,Assigned,2025-07-20 08:52:51
C00193,Illegal parking,Illegal parking. Nor over next drop rock wall must population war.,Traffic,High,91,64,False,17.30290649,78.38065717,Resolved,2026-04-12 08:52:51
C00194,Traffic congestion,Traffic congestion. Degree brother sign office sign alone course such step able PM black walk money scene.,Traffic,High,81,41,False,17.47903532,78.52772538,Pending,2025-06-28 08:52:51
C00195,Unsafe area,Unsafe area. Adult material option say easy official center laugh.,Public Safety,High,79,47,False,17.44101813,78.39873048,Assigned,2025-09-03 08:52:51
C00196,Unsafe area,Unsafe area. Yes discover interest strong during gun heavy easy.,Public Safety,Medium,32,76,True,17.32429096,78.6189874,Resolved,2025-09-05 08:52:51
C00197,Traffic congestion,Traffic congestion. Especially hour book several prepare strategy opportunity again born wait out nature.,Traffic,High,57,38,False,17.4537088,78.46275821,Pending,2026-01-24 08:52:51
C00198,Overflowing waste bins,Overflowing waste bins. Discuss table feeling common reduce nation place certainly parent three attorney.,Sanitation,Medium,44,0,False,17.26703873,78.58444828,Resolved,2026-02-25 08:52:51
C00199,Public nuisance,Public nuisance. Smile shake keep relate blue attack about effort quickly answer team.,Public Safety,High,65,78,False,17.23870366,78.34079741,In Progress,2026-01-19 08:52:51
C00200,Traffic congestion,Traffic congestion. Very listen still down put south capital mother.,Traffic,Medium,33,48,False,17.47111029,78.59631743,Closed,2026-02-07 08:52:51
C00201,Traffic signal failure,Traffic signal failure. Amount read born better reduce color science sell claim.,Traffic,Critical,88,38,False,17.36096487,78.45288168,Closed,2025-12-24 08:52:51
C00202,Water leakage,Water leakage. Model see free attack situation matter add similar reveal can college.,Water Supply,High,74,54,True,17.43748222,78.42143453,Assigned,2026-05-24 08:52:51
C00203,Overflowing waste bins,Overflowing waste bins. Anyone hotel to trial financial next send fly threat just board less.,Sanitation,Medium,42,90,False,17.42926333,78.54652546,Resolved,2026-04-03 08:52:51
C00204,Broken bench,Broken bench. Deal answer music skin agree five person leader message want hotel whom close.,Parks,High,60,81,False,17.45463525,78.34563513,Assigned,2026-02-24 08:52:51
C00205,Road crack,Road crack. News relationship no step assume matter assume country Mrs hit.,Roads,Critical,100,98,False,17.28433176,78.340129,In Progress,2026-01-12 08:52:51
C00206,Traffic congestion,Traffic congestion. Think meeting to western us turn wear.,Traffic,Medium,33,71,False,17.27058077,78.40900476,Pending,2025-10-25 08:52:51
C00207,Street light not working,Street light not working. Successful threat like practice win hundred machine condition development yeah school red teach.,Electrical,High,53,36,False,17.46305372,78.42223168,Closed,2026-01-14 08:52:51
C00208,Pipeline burst,Pipeline burst. Run personal act despite table with heart finally over on.,Water Supply,Critical,96,71,False,17.23693993,78.45743241,Assigned,2026-02-05 08:52:51
C00209,Pipeline burst,Pipeline burst. Season career either book quite only majority outside beat security drop.,Water Supply,High,69,64,False,17.36916677,78.4989183,Resolved,2025-10-29 08:52:51
C00210,Traffic signal failure,Traffic signal failure. Consumer boy direction family they number guess together election simply.,Traffic,Medium,40,90,False,17.39457383,78.58382272,Pending,2025-12-22 08:52:51
C00211,No water supply,No water supply. Still believe professional set couple participant note building thank you deep project popular source.,Water Supply,Medium,50,57,False,17.43582339,78.45328821,In Progress,2025-09-10 08:52:51
C00212,Damaged playground,Damaged playground. Such material sometimes plant decision other sometimes agreement while how.,Parks,Critical,96,63,False,17.50840339,78.35787776,Assigned,2026-02-14 08:52:51
C00213,Public nuisance,Public nuisance. Along to direction shake simple person health street claim be because Congress public particularly project.,Public Safety,Medium,47,64,False,17.34292155,78.45821537,Resolved,2025-10-28 08:52:51
C00214,Road crack,Road crack. Support available political quite method whose action represent improve.,Roads,Low,4,74,False,17.40184836,78.41389148,Closed,2026-01-19 08:52:51
C00215,Park maintenance issue,Park maintenance issue. Piece shoulder in mind final focus you I their market front each.,Parks,High,61,43,True,17.50654506,78.34065486,Resolved,2025-10-01 08:52:51
C00216,Drain blockage,Drain blockage. Although too nor right black decide garden maybe never draw.,Drainage,Critical,93,91,False,17.48757153,78.54428756,Pending,2026-01-12 08:52:51
C00217,Trash accumulation,Trash accumulation. Themselves ever range ok fine role church shake fast hundred.,Sanitation,Medium,40,9,False,17.28940716,78.52899595,Resolved,2026-02-25 08:52:51
C00218,Park maintenance issue,Park maintenance issue. Well head man decade other opportunity purpose civil.,Parks,Medium,35,21,False,17.44632877,78.59640252,In Progress,2025-07-22 08:52:51
C00219,Garbage not collected,Garbage not collected. Fear everyone sign range statement such onto area four nearly side stock environment.,Sanitation,Low,10,54,False,17.42396383,78.61256704,Closed,2025-10-17 08:52:51
C00220,Drain blockage,Drain blockage. Age produce view father animal human style team situation sit over a whose.,Drainage,Low,8,20,False,17.40529459,78.54997516,Closed,2025-11-09 08:52:51
C00221,Unsafe area,Unsafe area. Former road require what consumer economic culture fine leave door design would by power especially.,Public Safety,High,72,4,True,17.26151211,78.61513447,In Progress,2026-04-17 08:52:51
C00222,Overflowing waste bins,Overflowing waste bins. Firm onto west step beat up later reason television enjoy.,Sanitation,High,58,18,False,17.29071578,78.42234704,In Progress,2026-05-17 08:52:51
C00223,Street light not working,Street light not working. People fine character bag necessary get part entire bank stay.,Electrical,High,57,17,True,17.44961278,78.35067954,In Progress,2026-01-28 08:52:51
C00224,Traffic signal failure,Traffic signal failure. Action example road fly goal pretty case clearly them economy indeed along high time set lay.,Traffic,High,77,32,False,17.46507233,78.42233447,In Progress,2025-08-23 08:52:51
C00225,Garbage not collected,Garbage not collected. Would design purpose share simple cut artist far room process.,Sanitation,Low,22,52,False,17.35531673,78.38700591,Assigned,2026-05-07 08:52:51
C00226,Loose electric wire,Loose electric wire. Machine rich time mission time day structure draw party provide great industry.,Electrical,Medium,29,23,False,17.45296966,78.44990488,Resolved,2025-07-17 08:52:51
C00227,Broken bench,Broken bench. Else determine TV similar case cost rate idea the type trip.,Parks,High,59,81,False,17.31711703,78.46011078,Resolved,2025-08-30 08:52:51
C00228,Garbage not collected,Garbage not collected. Tree spend challenge feel soon answer option interest hundred scientist purpose lay work reality front.,Sanitation,High,87,20,False,17.30444688,78.58068529,Pending,2025-08-17 08:52:51
C00229,Road crack,Road crack. Research visit exist writer trade effect later though.,Roads,Low,1,27,False,17.2547725,78.42224272,Closed,2025-06-23 08:52:51
C00230,No water supply,No water supply. Total truth activity own have drive general every treatment themselves watch left season.,Water Supply,High,55,92,False,17.50664554,78.58885376,In Progress,2026-05-21 08:52:51
C00231,Illegal parking,Illegal parking. Face make team color stand rather treatment person interest bring nothing skill clearly.,Traffic,Critical,83,41,False,17.37643459,78.5306466,In Progress,2025-08-17 08:52:51
C00232,Public nuisance,Public nuisance. Let fire professional remain second base develop upon spend anything deal none they seat lose.,Public Safety,Critical,99,81,False,17.24109983,78.47975416,Resolved,2026-01-12 08:52:51
C00233,Drain blockage,Drain blockage. Painting wife deal building account hair drive.,Drainage,Low,0,59,False,17.41297938,78.62704943,Pending,2025-12-07 08:52:51
C00234,Waterlogging,Waterlogging. Author short make research space buy scientist.,Drainage,Low,3,88,False,17.51774558,78.38843968,Assigned,2025-10-16 08:52:51
C00235,Drain blockage,Drain blockage. Style check debate election five let understand within himself improve as.,Drainage,Critical,93,99,False,17.2861173,78.45821151,In Progress,2025-10-07 08:52:51
C00236,Water leakage,Water leakage. Black modern total create wrong should good campaign position various beat million.,Water Supply,Critical,88,36,False,17.38596575,78.37084807,In Progress,2025-06-04 08:52:51
C00237,Road crack,Road crack. Because develop responsibility ready why response send experience never capital letter question audience note.,Roads,Medium,26,33,False,17.42453335,78.4837176,In Progress,2025-12-15 08:52:51
C00238,Traffic signal failure,Traffic signal failure. Over news alone sell ago always skin doctor charge data him ten entire oil.,Traffic,Medium,28,23,False,17.36091644,78.39102824,In Progress,2026-04-09 08:52:51
C00239,Damaged pavement,Damaged pavement. Strategy when act mean they upon coach but place short.,Roads,Medium,36,28,False,17.34226393,78.41053014,Resolved,2025-09-17 08:52:51
C00240,Public nuisance,Public nuisance. Attention tree finally at film when high leave responsibility friend push prove first future customer.,Public Safety,Medium,47,84,False,17.23616018,78.433035,Pending,2026-03-17 08:52:51
C00241,Overflowing waste bins,Overflowing waste bins. Gun between draw give possible nothing picture speak.,Sanitation,Medium,26,30,False,17.44976791,78.40863029,Closed,2025-07-27 08:52:51
C00242,Overflowing waste bins,Overflowing waste bins. Site single human scientist present sea like give remain area.,Sanitation,High,70,40,False,17.48137784,78.39643905,Closed,2026-02-11 08:52:51
C00243,Power outage,Power outage. Town capital enjoy drug trip model accept paper decide student quality.,Electrical,Low,0,43,False,17.24076247,78.34717993,Closed,2026-04-09 08:52:51
C00244,Power outage,Power outage. Story require of bill even authority close even way list political physical late.,Electrical,Low,8,38,False,17.39423357,78.53401335,Closed,2025-11-22 08:52:51
C00245,Power outage,Power outage. Personal sometimes paper science mind move despite assume simple event.,Electrical,High,61,93,False,17.35650994,78.39408453,In Progress,2026-03-22 08:52:51
C00246,Unsafe area,Unsafe area. Program purpose participant those artist knowledge order economy show upon consumer war administration continue cut.,Public Safety,Low,22,24,False,17.43318421,78.41363015,Assigned,2025-12-22 08:52:51
C00247,Damaged pavement,Damaged pavement. Free situation grow whom entire building writer whether step we wear.,Roads,High,54,73,False,17.51941255,78.63485471,Assigned,2026-01-09 08:52:51
C00248,Unsafe area,Unsafe area. Just meet over young present security available garden long mother mission today together cup.,Public Safety,Low,24,82,False,17.36374443,78.52117499,Closed,2025-08-18 08:52:51
C00249,Overflowing waste bins,Overflowing waste bins. By economy cell program example talk of pattern point family.,Sanitation,Medium,49,30,False,17.27404297,78.59716964,Resolved,2026-03-03 08:52:51
C00250,Illegal parking,Illegal parking. Let run yeah value risk information fire performance court.,Traffic,Low,4,4,False,17.4899861,78.40729477,Pending,2025-12-03 08:52:51
C00251,Pipeline burst,Pipeline burst. Sport city suggest he move off head may young really to.,Water Supply,High,91,38,False,17.29124337,78.4182793,Pending,2026-04-09 08:52:51
C00252,Power outage,Power outage. When financial help difference under success assume way fact four pull and trouble.,Electrical,Low,21,52,False,17.29303002,78.4932191,Assigned,2025-07-24 08:52:51
C00253,Drain blockage,Drain blockage. You pass stage west represent set data community which.,Drainage,Low,12,58,False,17.37471188,78.56291388,Resolved,2025-12-29 08:52:51
C00254,Overflowing waste bins,Overflowing waste bins. Budget line letter indicate certainly manage enjoy early me trouble before president.,Sanitation,Low,24,6,False,17.29483557,78.44974039,Resolved,2025-10-14 08:52:51
C00255,Park maintenance issue,Park maintenance issue. Any task discover window beautiful along information less draw out item town do particular quality over.,Parks,High,70,20,False,17.31839348,78.40370107,Closed,2026-01-24 08:52:51
C00256,Garbage not collected,Garbage not collected. Prevent line decade smile along create help ask find draw explain hair wall perform second.,Sanitation,High,72,50,False,17.45491878,78.37343562,In Progress,2026-04-17 08:52:51
C00257,Unsafe area,Unsafe area. Rather consider series truth doctor feel value there bill expect voice successful Congress.,Public Safety,Low,9,5,False,17.5077915,78.46946318,Assigned,2026-03-19 08:52:51
C00258,Public nuisance,Public nuisance. Someone hold surface manager pick simple school.,Public Safety,Low,13,15,False,17.44199751,78.43592411,Assigned,2025-07-07 08:52:51
C00259,Traffic congestion,Traffic congestion. Read class participant democratic player here body serve.,Traffic,Low,2,92,False,17.34520384,78.59503545,In Progress,2025-06-28 08:52:51
C00260,Water leakage,Water leakage. Meeting thank beautiful sister hotel maybe reveal teacher stand property blood himself finish response.,Water Supply,High,71,29,False,17.39600253,78.40746467,In Progress,2026-02-16 08:52:51
C00261,Drain blockage,Drain blockage. Management change social party age all consumer now soon both apply stuff cold.,Drainage,Low,19,9,False,17.29351274,78.46971598,In Progress,2025-12-15 08:52:51
C00262,Loose electric wire,Loose electric wire. Order better science between father common try dark question behavior.,Electrical,Medium,49,89,False,17.31708659,78.50278766,Closed,2025-10-16 08:52:51
C00263,Overflowing waste bins,Overflowing waste bins. Tonight boy third reduce really stuff little fire new well family sing.,Sanitation,High,56,54,False,17.34622816,78.57843717,Pending,2025-07-27 08:52:51
C00264,Garbage not collected,Garbage not collected. Near name eight shake hope grow drug analysis early.,Sanitation,Low,14,12,False,17.51942584,78.51720397,Resolved,2025-11-23 08:52:51
C00265,Waterlogging,Waterlogging. Position indeed anything just significant position less federal current as authority although government theory.,Drainage,Medium,41,82,False,17.50316582,78.47392944,Assigned,2026-01-02 08:52:51
C00266,No water supply,No water supply. My together go learn finally cultural civil full.,Water Supply,Medium,36,60,False,17.24366562,78.48105911,Assigned,2025-07-17 08:52:51
C00267,Abandoned vehicle,Abandoned vehicle. Check American station serve half note role that far through him college bar light.,Public Safety,High,72,63,False,17.25682263,78.55713127,In Progress,2025-06-11 08:52:51
C00268,Illegal parking,Illegal parking. Shoulder point particularly lay minute administration for future office pretty sing skin after history of.,Traffic,High,82,57,False,17.38523851,78.37721489,Pending,2026-05-21 08:52:51
C00269,Broken bench,Broken bench. Cover class try difference military sea general happy understand accept cost option.,Parks,High,72,7,False,17.47544479,78.61620801,Assigned,2025-11-03 08:52:51
C00270,Abandoned vehicle,Abandoned vehicle. They nation inside bill certain service from life skin cause.,Public Safety,High,60,25,False,17.4408258,78.56298834,Assigned,2026-02-05 08:52:51
C00271,Garbage not collected,Garbage not collected. From understand both debate catch hear apply raise something full.,Sanitation,Medium,37,71,False,17.52075489,78.48454873,Resolved,2025-11-08 08:52:51
C00272,Unsafe area,Unsafe area. Wrong kid green carry century still act statement line.,Public Safety,High,54,15,False,17.29247681,78.42541162,Assigned,2026-01-16 08:52:51
C00273,Loose electric wire,Loose electric wire. Morning again something seat among management quite blue garden.,Electrical,Low,0,52,False,17.26647947,78.58735458,Assigned,2025-09-01 08:52:51
C00274,Trash accumulation,Trash accumulation. Quite southern through husband heavy history father method design fish whether unit.,Sanitation,Low,0,78,False,17.26166012,78.38146214,Resolved,2026-03-14 08:52:51
C00275,Sewage overflow,Sewage overflow. Likely medical effect sign one east late writer newspaper offer even.,Drainage,Low,0,22,False,17.37602694,78.57928444,Assigned,2026-04-19 08:52:51
C00276,Damaged playground,Damaged playground. Set message just positive evening cup or child receive ability herself west chance benefit lose.,Parks,High,89,86,False,17.47812614,78.50910003,In Progress,2026-04-17 08:52:51
C00277,Pothole on road,Pothole on road. Word feel modern smile nation animal expert idea meeting season.,Roads,Low,19,42,False,17.44130721,78.41116217,Resolved,2026-03-16 08:52:51
C00278,Park maintenance issue,Park maintenance issue. Including society agent race rest some agency environmental girl any entire challenge them describe employee say.,Parks,High,92,34,False,17.40501603,78.36850429,Assigned,2026-01-16 08:52:51
C00279,Street light not working,Street light not working. Rule senior same address only open know possible he.,Electrical,Low,17,71,False,17.34618398,78.40865896,Closed,2026-05-23 08:52:51
C00280,Street light not working,Street light not working. Point effect opportunity glass culture garden smile peace detail hard describe day live always speech.,Electrical,Medium,49,29,False,17.50798665,78.55533816,Closed,2025-10-08 08:52:51
C00281,Unsafe area,Unsafe area. Civil player college final western security although after.,Public Safety,High,87,67,False,17.38279724,78.35232508,In Progress,2025-08-03 08:52:51
C00282,Road crack,Road crack. May poor run tend agree significant available agency staff tell perform from school single seem child.,Roads,Medium,48,24,False,17.3334369,78.45230483,In Progress,2026-04-06 08:52:51
C00283,Overflowing waste bins,Overflowing waste bins. Computer brother need thing among news themselves hundred office hear wonder.,Sanitation,High,67,21,False,17.36992526,78.49328514,In Progress,2026-01-24 08:52:51
C00284,Loose electric wire,Loose electric wire. Western free call deal control effort prevent song.,Electrical,Medium,42,65,True,17.30052422,78.43445922,Resolved,2025-10-28 08:52:51
C00285,Power outage,Power outage. Less method car decade about whatever change no skill citizen decide your hundred hundred upon executive.,Electrical,High,79,88,False,17.49417038,78.46350872,Resolved,2026-01-02 08:52:51
C00286,Unsafe area,Unsafe area. Skill television religious picture once man free really other shake.,Public Safety,Medium,28,77,True,17.32944836,78.50097272,In Progress,2026-01-19 08:52:51
C00287,Drain blockage,Drain blockage. Interview enter draw couple mouth president town issue identify.,Drainage,High,56,76,False,17.27934963,78.55255151,Closed,2026-05-13 08:52:51
C00288,Pothole on road,Pothole on road. Civil keep water fish safe interview threat two family agent image easy store field senior.,Roads,Low,18,30,False,17.49081465,78.36306443,Resolved,2026-03-10 08:52:51
C00289,Damaged playground,Damaged playground. Wind partner result create actually age seek.,Parks,High,62,97,False,17.25541361,78.55421526,Pending,2025-07-25 08:52:51
C00290,Pipeline burst,Pipeline burst. Issue ask most describe three front tree view identify campaign agent can wonder and clearly somebody.,Water Supply,High,64,96,False,17.33487749,78.54977685,Closed,2025-08-22 08:52:51
C00291,Pipeline burst,Pipeline burst. View charge administration family student marriage stage.,Water Supply,High,68,51,True,17.52087565,78.61300651,Assigned,2025-09-04 08:52:51
C00292,Pipeline burst,Pipeline burst. Professor among sing either speech science truth discuss red personal movement see between off organization provide.,Water Supply,High,93,70,False,17.31977519,78.3506304,In Progress,2025-08-01 08:52:51
C00293,Unsafe area,Unsafe area. Course four could skill mother action pass wish father study fire would.,Public Safety,High,90,0,False,17.30034142,78.57050647,Assigned,2025-11-16 08:52:51
C00294,Abandoned vehicle,Abandoned vehicle. Four skin bar own public animal number expect.,Public Safety,Low,22,76,False,17.40517707,78.57609167,Closed,2026-05-28 08:52:51
C00295,Trash accumulation,Trash accumulation. Mission training single spring effort window green truth move particular officer.,Sanitation,Medium,45,71,False,17.35622287,78.39557136,Closed,2026-03-07 08:52:51
C00296,Traffic signal failure,Traffic signal failure. Force big make feel keep drop great city should here million wait Mr.,Traffic,Medium,34,69,False,17.38130258,78.43550355,Closed,2026-01-12 08:52:51
C00297,Pipeline burst,Pipeline burst. Training art beyond today its population prevent class value of various professional including around.,Water Supply,Medium,28,81,False,17.44527528,78.44408219,Closed,2025-08-06 08:52:51
C00298,Damaged pavement,Damaged pavement. Degree whose whatever beautiful address lay daughter money especially short analysis across here evidence note teach.,Roads,Medium,37,76,False,17.39238728,78.40546618,Assigned,2026-01-16 08:52:51
C00299,Pothole on road,Pothole on road. He hold near teach threat have modern fact evening opportunity consumer including.,Roads,Low,25,38,False,17.46892617,78.6215116,Closed,2025-12-09 08:52:51
C00300,Overflowing waste bins,Overflowing waste bins. Age president just for specific I else be happy ball collection.,Sanitation,Critical,96,0,False,17.38421705,78.57083356,In Progress,2026-05-05 08:52:51
C00301,Road crack,Road crack. Detail actually she among whole meeting election author design film choice family weight crime state.,Roads,High,75,51,False,17.48298915,78.56361357,In Progress,2026-06-02 08:52:51
C00302,Damaged playground,Damaged playground. Again meet city finish court so describe help.,Parks,High,91,44,False,17.28614507,78.40010652,In Progress,2025-11-18 08:52:51
C00303,Illegal parking,Illegal parking. Explain candidate ever out senior name party.,Traffic,Medium,32,95,False,17.37773584,78.49919599,Closed,2025-12-11 08:52:51
C00304,Traffic congestion,Traffic congestion. Page past arm might seem right including tell movement charge fund when.,Traffic,Low,25,13,False,17.2977467,78.37262118,In Progress,2025-08-30 08:52:51
C00305,Unsafe area,Unsafe area. Use agree truth yet test reason four Republican color.,Public Safety,High,71,25,False,17.24809621,78.38142901,Closed,2026-03-30 08:52:51
C00306,Overflowing waste bins,Overflowing waste bins. Small stock week citizen threat smile paper war federal agent myself civil man.,Sanitation,Medium,44,21,False,17.34397593,78.45739624,Resolved,2025-08-25 08:52:51
C00307,Garbage not collected,Garbage not collected. Drug road part total then various environmental.,Sanitation,Low,6,13,False,17.44736553,78.38418024,Resolved,2025-11-08 08:52:51
C00308,No water supply,No water supply. Grow room right scientist when maybe will civil her finally agree bad according us sign.,Water Supply,Low,14,67,False,17.29812784,78.55193289,Closed,2025-10-10 08:52:51
C00309,Loose electric wire,Loose electric wire. Old see ability fight wish test although education.,Electrical,Low,13,37,False,17.52453097,78.48570358,Closed,2026-04-29 08:52:51
C00310,Damaged playground,Damaged playground. Minute growth certain professor nice begin prove maintain new color outside actually deep simply first everyone.,Parks,Critical,89,24,False,17.39959016,78.58139453,Assigned,2026-05-28 08:52:51
C00311,Garbage not collected,Garbage not collected. Street with money it personal Mr choose stay lose lose hair practice argue.,Sanitation,Critical,83,64,False,17.26152667,78.41375528,Resolved,2025-09-02 08:52:51
C00312,Unsafe area,Unsafe area. Offer care nature wind medical everything point type machine his teacher rest keep remain.,Public Safety,Medium,34,59,False,17.51183758,78.50113036,Pending,2025-12-29 08:52:51
C00313,Garbage not collected,Garbage not collected. Politics close into want go rise high son.,Sanitation,High,98,76,False,17.39317719,78.42003364,Resolved,2026-04-18 08:52:51
C00314,Trash accumulation,Trash accumulation. Organization outside new item big where course knowledge.,Sanitation,Low,18,67,False,17.3376779,78.55894479,In Progress,2026-03-19 08:52:51
C00315,Sewage overflow,Sewage overflow. Find deal cost allow from training sign glass toward risk him first.,Drainage,Critical,88,36,False,17.23635548,78.55717862,Resolved,2025-08-13 08:52:51
C00316,Traffic congestion,Traffic congestion. Memory need of trouble surface care write fast different wonder available order voice water might.,Traffic,Low,5,75,False,17.40747475,78.34883924,In Progress,2025-07-10 08:52:51
C00317,Waterlogging,Waterlogging. Upon state change rest have less improve many present level.,Drainage,High,54,40,False,17.52829964,78.5852621,In Progress,2025-12-14 08:52:51
C00318,Waterlogging,Waterlogging. Course increase turn economic community suffer interest Congress today worry audience beat social politics.,Drainage,Medium,46,22,False,17.40120878,78.54371196,Closed,2025-11-25 08:52:51
C00319,Abandoned vehicle,Abandoned vehicle. Professional listen today add every rather environment off measure happen science few.,Public Safety,Low,8,30,False,17.4029398,78.41602095,Assigned,2025-11-14 08:52:51
C00320,Drain blockage,Drain blockage. Heavy rest address sometimes hard couple out Mr onto too green heavy Mrs drug important.,Drainage,Medium,33,52,False,17.28604573,78.63626109,Closed,2025-10-26 08:52:51
C00321,Traffic congestion,Traffic congestion. Star return where skill meeting say current hundred affect moment give trial forward enough learn doctor.,Traffic,High,56,80,False,17.35957418,78.52229264,Pending,2025-08-04 08:52:51
C00322,Drain blockage,Drain blockage. Week argue course war may cell example rather avoid main rich involve help.,Drainage,Low,14,77,False,17.24383323,78.42150392,Closed,2026-05-16 08:52:51
C00323,Unsafe area,Unsafe area. Our show whether above agreement maybe ask much tax.,Public Safety,High,89,55,False,17.32794052,78.37937745,In Progress,2025-07-09 08:52:51
C00324,Pothole on road,Pothole on road. Evidence part similar choice information whole middle miss dark.,Roads,Low,23,31,True,17.43816115,78.62242676,Closed,2026-01-10 08:52:51
C00325,Garbage not collected,Garbage not collected. Build firm six wish open risk firm hard report fall visit.,Sanitation,Low,23,13,False,17.43526927,78.43992059,Resolved,2026-04-22 08:52:51
C00326,Trash accumulation,Trash accumulation. Theory throw consider unit reveal fund special citizen resource after thus indicate.,Sanitation,Low,1,38,False,17.2355269,78.53778983,In Progress,2026-04-17 08:52:51
C00327,Loose electric wire,Loose electric wire. Election clearly allow would issue experience watch doctor.,Electrical,Medium,50,0,False,17.43079589,78.50276173,Closed,2025-12-29 08:52:51
C00328,Sewage overflow,Sewage overflow. Ago with have cost push about stand could weight interesting place exactly reflect fight.,Drainage,High,77,59,False,17.25709042,78.56591036,Resolved,2025-12-01 08:52:51
C00329,Garbage not collected,Garbage not collected. Record director individual paper its would figure us commercial hard feeling.,Sanitation,Medium,32,9,False,17.53059703,78.59915334,Assigned,2025-08-10 08:52:51
C00330,Park maintenance issue,Park maintenance issue. Image simply hot expect least billion above anyone eat clearly offer election else.,Parks,Medium,40,69,True,17.49791381,78.44713133,Assigned,2025-12-09 08:52:51
C00331,Damaged pavement,Damaged pavement. Both more act arrive system realize play.,Roads,High,69,52,False,17.33453252,78.51972486,Assigned,2025-10-27 08:52:51
C00332,Overflowing waste bins,Overflowing waste bins. Head us be law subject lead together then best save scene performance apply study.,Sanitation,Medium,32,99,True,17.30978448,78.59325061,Pending,2025-07-02 08:52:51
C00333,Garbage not collected,Garbage not collected. Agreement factor north process plan wall recognize indeed be network star lay artist firm head.,Sanitation,High,55,85,False,17.43965075,78.45096735,Pending,2026-04-15 08:52:51
C00334,Water leakage,Water leakage. Political into guy reason growth year result nothing policy late arrive.,Water Supply,Medium,41,10,False,17.28469817,78.62234087,Assigned,2025-12-02 08:52:51
C00335,Traffic congestion,Traffic congestion. She least institution candidate argue soon much then.,Traffic,Low,4,11,False,17.40784738,78.37223679,Closed,2025-09-21 08:52:51
C00336,Overflowing waste bins,Overflowing waste bins. Year effect hospital out others site a.,Sanitation,Low,0,85,False,17.40845581,78.62911228,Assigned,2025-11-01 08:52:51
C00337,Overflowing waste bins,Overflowing waste bins. What change would these add run west deal bit.,Sanitation,High,76,42,False,17.47059402,78.49740784,Assigned,2025-06-20 08:52:51
C00338,Traffic congestion,Traffic congestion. Thank poor weight edge poor carry window allow however mean strategy thank fall.,Traffic,High,52,69,False,17.45961039,78.34844781,Pending,2026-02-06 08:52:51
C00339,Broken bench,Broken bench. Large hot network present color final send.,Parks,High,65,85,False,17.49965708,78.55190631,In Progress,2025-08-01 08:52:51
C00340,Garbage not collected,Garbage not collected. Offer add reduce where wish such Congress agree human education present necessary hot my.,Sanitation,High,75,66,False,17.48399121,78.58409931,Resolved,2025-10-21 08:52:51
C00341,Drain blockage,Drain blockage. Win rest east hope agreement you just phone size have.,Drainage,Critical,89,80,False,17.42381714,78.40517347,Resolved,2025-12-28 08:52:51
C00342,Pipeline burst,Pipeline burst. Move adult degree pay guess certain tell early ready.,Water Supply,High,88,22,False,17.31663096,78.51921906,In Progress,2025-08-20 08:52:51
C00343,No water supply,No water supply. Recent term author simple eat power garden blood by professor audience image.,Water Supply,High,79,40,False,17.4848999,78.58927394,Resolved,2025-08-11 08:52:51
C00344,Pothole on road,Pothole on road. Which or discuss industry range official part like add end although not.,Roads,High,74,69,False,17.39322393,78.53975202,Pending,2025-10-11 08:52:51
C00345,Traffic congestion,Traffic congestion. It career account right wind appear address.,Traffic,High,53,81,False,17.52096358,78.35335055,Assigned,2026-04-08 08:52:51
C00346,Overflowing waste bins,Overflowing waste bins. Section decide door fire executive movement firm civil something task above stuff.,Sanitation,High,69,41,False,17.47270741,78.54596537,In Progress,2026-01-14 08:52:51
C00347,Damaged pavement,Damaged pavement. Lot fall this political well old participant economic glass dark.,Roads,High,67,66,False,17.34520899,78.40109343,Closed,2025-06-14 08:52:51
C00348,Waterlogging,Waterlogging. Degree catch tough agency politics risk mother mention stuff.,Drainage,High,64,20,False,17.52912502,78.36661971,Resolved,2025-12-19 08:52:51
C00349,Waterlogging,Waterlogging. Use institution poor popular possible run economy bring war wear stay.,Drainage,High,88,48,False,17.33191693,78.62366355,Pending,2025-12-11 08:52:51
C00350,Illegal parking,Illegal parking. Realize son choice money yet camera tax know never father enter total key chance view conference.,Traffic,High,68,23,False,17.26582005,78.43370585,Assigned,2025-10-14 08:52:51
C00351,Public nuisance,Public nuisance. Deep show agent moment ago goal finally value land hear.,Public Safety,Medium,41,43,False,17.39731817,78.50090361,Assigned,2025-10-19 08:52:51
C00352,Sewage overflow,Sewage overflow. Though difference wear poor go yourself party increase three film today boy animal recent.,Drainage,Medium,39,94,False,17.46711231,78.58828134,In Progress,2026-01-09 08:52:51
C00353,Loose electric wire,Loose electric wire. After couple mission shoulder four use at both away people drop local care heart take.,Electrical,Critical,95,98,True,17.31623144,78.62894599,Assigned,2025-09-07 08:52:51
C00354,Garbage not collected,Garbage not collected. Small small remain feel song walk partner job red season amount.,Sanitation,Low,0,35,False,17.48095997,78.45613011,Resolved,2026-03-12 08:52:51
C00355,Waterlogging,Waterlogging. Top stuff administration more expert something practice more mean about message imagine difficult thus strong.,Drainage,High,66,88,False,17.4566327,78.45670264,Closed,2025-07-02 08:52:51
C00356,Park maintenance issue,Park maintenance issue. Phone week down send reveal none approach only subject war eat analysis.,Parks,Low,25,67,False,17.49230357,78.43756224,Closed,2026-03-07 08:52:51
C00357,Power outage,Power outage. Place marriage public page other assume black perhaps.,Electrical,Low,4,24,False,17.35743907,78.48724452,Resolved,2026-02-13 08:52:51
C00358,Unsafe area,Unsafe area. Campaign share affect early half pay strong road dark develop third believe begin.,Public Safety,Low,2,23,False,17.45210612,78.39111697,Resolved,2025-11-19 08:52:51
C00359,Loose electric wire,Loose electric wire. As TV mouth opportunity present none alone.,Electrical,High,52,81,False,17.40699019,78.56835421,Assigned,2025-07-07 08:52:51
C00360,Sewage overflow,Sewage overflow. Charge result success talk security agent financial place drive attention face lead mouth ten.,Drainage,Low,7,61,False,17.32296747,78.47591345,Pending,2025-11-14 08:52:51
C00361,Pipeline burst,Pipeline burst. Become class decide finish record cold visit discover office term reason training sing case example.,Water Supply,Critical,93,24,False,17.52167343,78.5698389,Assigned,2025-06-08 08:52:51
C00362,Trash accumulation,Trash accumulation. Goal it television music professor sport class north.,Sanitation,Low,1,90,False,17.52561184,78.47429704,Pending,2025-06-08 08:52:51
C00363,Road crack,Road crack. Thank Congress only fund program now try court report upon task relate.,Roads,Low,19,85,True,17.51113062,78.39820147,Pending,2026-05-16 08:52:51
C00364,Damaged pavement,Damaged pavement. What goal ready pay road stuff safe decade wind ahead.,Roads,High,76,23,False,17.46881643,78.38468892,Pending,2025-06-08 08:52:51
C00365,Road crack,Road crack. Organization institution or image goal learn response general unit.,Roads,High,56,15,False,17.51665711,78.45907135,Pending,2025-08-10 08:52:51
C00366,Road crack,Road crack. Night not condition wall health cultural better blue already prepare author decade.,Roads,Low,12,96,False,17.37906989,78.41680766,Pending,2026-01-09 08:52:51
C00367,Road crack,Road crack. Newspaper with media interview continue recently whole positive choice choose sense name authority.,Roads,High,75,65,False,17.51711395,78.50638638,Closed,2025-07-03 08:52:51
C00368,Traffic congestion,Traffic congestion. Themselves listen work difference again east consumer later.,Traffic,High,91,96,False,17.47454682,78.42517034,Resolved,2026-04-11 08:52:51
C00369,Park maintenance issue,Park maintenance issue. Media tell western enjoy modern tell house own watch there foreign thus executive personal night.,Parks,High,51,51,False,17.41533907,78.41167615,Assigned,2026-05-19 08:52:51
C00370,Water leakage,Water leakage. Pull mind recognize news budget picture close day benefit.,Water Supply,Low,3,97,True,17.35568379,78.46076817,Assigned,2026-04-20 08:52:51
C00371,Traffic congestion,Traffic congestion. Analysis fight shoulder mention couple according news fund three low risk health former consider eye.,Traffic,Critical,99,76,False,17.49916403,78.52280893,Closed,2026-02-13 08:52:51
C00372,Damaged playground,Damaged playground. Minute church safe health can after plan require.,Parks,High,57,82,False,17.36014238,78.41792833,Assigned,2025-12-23 08:52:51
C00373,Loose electric wire,Loose electric wire. List west kind artist method real tell herself wide five.,Electrical,High,54,31,False,17.42300645,78.53992995,Pending,2026-02-12 08:52:51
C00374,Power outage,Power outage. Night challenge dinner baby raise owner painting attention want.,Electrical,Low,14,48,False,17.37195202,78.5111695,In Progress,2026-01-08 08:52:51
C00375,Illegal parking,Illegal parking. Field property rock seat decade lose nature resource fact trip too political.,Traffic,Low,1,99,False,17.38068899,78.3724531,Assigned,2026-04-16 08:52:51
C00376,Public nuisance,Public nuisance. War instead professor decade perform apply suddenly audience the concern we follow open hotel.,Public Safety,High,72,58,False,17.43443072,78.62297517,Closed,2026-02-09 08:52:51
C00377,No water supply,No water supply. Exist trouble choice to radio dog lose board might.,Water Supply,High,75,59,False,17.36395958,78.40323917,Closed,2026-02-18 08:52:51
C00378,Damaged pavement,Damaged pavement. Small through firm thus behind shake in full stuff democratic call federal guess throughout company.,Roads,Medium,43,52,False,17.35609206,78.35024403,Resolved,2025-06-16 08:52:51
C00379,Broken bench,Broken bench. Prevent themselves design simple media establish hot anyone include try task move face here task be.,Parks,Low,20,74,False,17.45384907,78.63158353,Pending,2026-02-04 08:52:51
C00380,Road crack,Road crack. Personal material can quality participant mean set production thing major never TV.,Roads,Critical,93,98,False,17.38875361,78.34841246,Assigned,2026-01-21 08:52:51
C00381,Waterlogging,Waterlogging. Executive church fire Republican picture arrive quickly blood join instead third.,Drainage,High,51,39,False,17.46662877,78.63425765,Resolved,2025-11-10 08:52:51
C00382,Power outage,Power outage. Stand range cultural strong what debate first as style president evidence his garden.,Electrical,Critical,81,57,False,17.3821447,78.3737067,Resolved,2025-10-09 08:52:51
C00383,Unsafe area,Unsafe area. Senior service girl strategy hair green bill strong main also threat race respond actually.,Public Safety,Low,23,88,False,17.38749108,78.45041944,Assigned,2025-11-21 08:52:51
C00384,Water leakage,Water leakage. Mind behind certain both fly network cut religious always others song worry chair.,Water Supply,Medium,37,68,False,17.41953491,78.44836221,In Progress,2026-05-13 08:52:51
C00385,Public nuisance,Public nuisance. Federal next parent body notice represent end.,Public Safety,Low,5,78,False,17.48599457,78.63326619,Pending,2025-11-13 08:52:51
C00386,Unsafe area,Unsafe area. Grow lose reach clearly career speak evening she degree risk decide example be world inside something.,Public Safety,Low,18,81,False,17.4332224,78.43156158,Resolved,2025-07-28 08:52:51
C00387,Waterlogging,Waterlogging. Spend with compare employee movie recently may commercial other deep wide whose phone.,Drainage,Low,9,26,False,17.50161773,78.62569883,Closed,2025-11-16 08:52:51
C00388,Waterlogging,Waterlogging. Citizen not occur pay name page capital sea arrive long whether ok business since though here.,Drainage,High,51,15,False,17.48417432,78.51217706,In Progress,2026-02-08 08:52:51
C00389,Road crack,Road crack. Side data shake enjoy low subject community eat song most.,Roads,High,72,60,False,17.42548187,78.46760634,Resolved,2026-05-03 08:52:51
C00390,Loose electric wire,Loose electric wire. Third record animal business notice early usually should collection.,Electrical,High,81,82,False,17.52473627,78.48942858,Resolved,2025-10-28 08:52:51
C00391,Sewage overflow,Sewage overflow. Could culture summer ahead yes simply talk describe mission successful father get.,Drainage,Medium,50,47,False,17.25381582,78.38280546,Resolved,2026-04-15 08:52:51
C00392,Road crack,Road crack. Would seat approach several prove poor skin apply explain offer arrive own close air.,Roads,Low,17,58,True,17.38384788,78.52642108,Assigned,2025-06-17 08:52:51
C00393,Park maintenance issue,Park maintenance issue. Major bring share wife hospital brother half.,Parks,Low,24,30,False,17.35427235,78.49683952,Closed,2026-01-06 08:52:51
C00394,Traffic signal failure,Traffic signal failure. Too across top follow policy Congress bar building history or check scientist drive who short property.,Traffic,Low,8,7,False,17.42695776,78.39186787,Closed,2025-09-17 08:52:51
C00395,Pothole on road,Pothole on road. Role east serious me story true describe lose agree.,Roads,High,54,96,False,17.26643857,78.58410392,Pending,2025-08-20 08:52:51
C00396,Illegal parking,Illegal parking. Term against gun whose million talk growth use training.,Traffic,Critical,81,72,False,17.32515524,78.54046592,Closed,2025-06-30 08:52:51
C00397,Traffic signal failure,Traffic signal failure. Know break nearly big east relate first boy technology leader week arm yet her.,Traffic,Medium,27,49,False,17.33715495,78.38146223,Resolved,2025-12-01 08:52:51
C00398,Sewage overflow,Sewage overflow. Where treatment even memory by stand yes defense.,Drainage,High,51,15,False,17.40174201,78.50435756,Pending,2026-01-27 08:52:51
C00399,Traffic congestion,Traffic congestion. Practice water various hundred environment talk part raise for sport deal often education.,Traffic,High,68,56,False,17.50028179,78.35053694,Resolved,2026-02-19 08:52:51
C00400,Overflowing waste bins,Overflowing waste bins. Production happen notice few his dark cold major generation could just.,Sanitation,High,59,8,False,17.4323712,78.45298032,Resolved,2025-11-03 08:52:51
C00401,Pipeline burst,Pipeline burst. Person close catch they student company article better shake single like.,Water Supply,High,56,4,False,17.24080514,78.35165777,Pending,2025-12-29 08:52:51
C00402,Traffic signal failure,Traffic signal failure. Language attorney away determine south nature time reflect moment phone wind herself mean.,Traffic,High,70,71,False,17.40665055,78.38638213,In Progress,2026-04-11 08:52:51
C00403,Drain blockage,Drain blockage. Part leg task adult feeling hot my east life these about far kind too that may.,Drainage,High,65,40,False,17.47362658,78.55937878,Assigned,2025-06-29 08:52:51
C00404,Traffic signal failure,Traffic signal failure. Resource Congress national team agent else standard sell million owner billion sometimes.,Traffic,Medium,47,19,False,17.29714522,78.42514743,Closed,2026-06-03 08:52:51
C00405,Unsafe area,Unsafe area. Billion Democrat show book manager else be thousand fish high moment idea tax father.,Public Safety,High,51,82,False,17.28262184,78.60945484,In Progress,2026-05-24 08:52:51
C00406,Pothole on road,Pothole on road. View population indeed well teacher example nation require.,Roads,Medium,44,66,False,17.36555331,78.46080728,Pending,2026-04-12 08:52:51
C00407,Drain blockage,Drain blockage. Heart office almost issue miss explain remember east wait five.,Drainage,Medium,29,38,False,17.25503265,78.57414821,In Progress,2025-06-20 08:52:51
C00408,Overflowing waste bins,Overflowing waste bins. Music course film beat research chair pressure movement bar how drop speech newspaper.,Sanitation,Medium,32,71,False,17.41569804,78.51756467,In Progress,2026-02-18 08:52:51
C00409,Abandoned vehicle,Abandoned vehicle. Low instead stage free low quite set officer each wish friend television president water president.,Public Safety,High,85,81,False,17.4392415,78.57383487,Resolved,2025-09-27 08:52:51
C00410,Power outage,Power outage. You paper cold last ask stand high process analysis strong reality within seem arrive party.,Electrical,Low,3,69,False,17.46816641,78.59738086,Assigned,2025-09-22 08:52:51
C00411,Loose electric wire,Loose electric wire. Industry detail forget last out your popular sound cover add themselves explain its really.,Electrical,Low,24,76,False,17.42298087,78.58206596,Pending,2026-02-08 08:52:51
C00412,Park maintenance issue,Park maintenance issue. Day involve something young better out at more commercial.,Parks,Low,7,71,False,17.38637989,78.46292505,Resolved,2025-10-11 08:52:51
C00413,Sewage overflow,Sewage overflow. Blood institution sport man of foot truth pressure tonight data term.,Drainage,Low,19,6,False,17.24422143,78.37882508,In Progress,2026-01-25 08:52:51
C00414,Unsafe area,Unsafe area. Evening single pass red provide once without stock for.,Public Safety,High,73,6,False,17.24170455,78.48853248,Closed,2025-11-06 08:52:51
C00415,Road crack,Road crack. Scientist company company catch lot camera person be science stuff defense cost yard.,Roads,Low,18,15,False,17.48691719,78.45863654,Closed,2025-12-19 08:52:51
C00416,Pothole on road,Pothole on road. Design prepare stand if day quite no general figure feel stop here teach mission learn according.,Roads,Low,11,52,False,17.52040026,78.4076627,Assigned,2025-09-09 08:52:51
C00417,Traffic signal failure,Traffic signal failure. Keep go interesting often type better school fill state.,Traffic,Critical,100,50,False,17.48520653,78.46211259,In Progress,2025-12-25 08:52:51
C00418,Damaged pavement,Damaged pavement. Who use amount likely make budget official bag close radio.,Roads,Medium,32,86,False,17.50124126,78.36459948,Assigned,2025-12-20 08:52:51
C00419,Road crack,Road crack. Coach clear happy without sea after direction collection anything nothing put news hot one test.,Roads,High,74,92,False,17.2534744,78.50634987,Assigned,2025-06-04 08:52:51
C00420,Water leakage,Water leakage. Republican group heart east able recently safe continue computer.,Water Supply,High,64,33,False,17.34012627,78.49166407,In Progress,2026-02-22 08:52:51
C00421,Garbage not collected,Garbage not collected. Debate glass kitchen sing perhaps only letter body man official concern main.,Sanitation,High,57,65,False,17.504545,78.37374802,Assigned,2026-05-02 08:52:51
C00422,Traffic congestion,Traffic congestion. Eye seem state small wish vote our whether suddenly young relate.,Traffic,High,59,91,False,17.49113549,78.51498723,Resolved,2026-03-02 08:52:51
C00423,Unsafe area,Unsafe area. Situation little power view foreign receive often lay dark rest nature.,Public Safety,High,57,50,False,17.24092837,78.46441475,Resolved,2025-06-16 08:52:51
C00424,Unsafe area,Unsafe area. Side design present they through rock have focus.,Public Safety,Critical,88,97,False,17.23828692,78.38535822,Assigned,2025-08-15 08:52:51
C00425,Loose electric wire,Loose electric wire. Sort two personal sure from drive provide court subject hotel eat somebody imagine agency life.,Electrical,Medium,31,93,False,17.51356614,78.44692769,Assigned,2025-10-29 08:52:51
C00426,Broken bench,Broken bench. Order nice yes example stop physical alone east defense certainly enough color federal.,Parks,High,60,70,False,17.49038042,78.46971346,Assigned,2025-11-26 08:52:51
C00427,Pipeline burst,Pipeline burst. Crime question up huge federal example free establish.,Water Supply,Medium,48,54,False,17.3783125,78.43453257,Resolved,2025-12-12 08:52:51
C00428,Trash accumulation,Trash accumulation. They focus buy market president science why major message material everyone game account hit list.,Sanitation,High,61,18,False,17.44885241,78.38945949,Assigned,2025-11-14 08:52:51
C00429,Pipeline burst,Pipeline burst. Goal behind activity between join measure event particularly student central.,Water Supply,Medium,34,27,False,17.51595852,78.62750025,In Progress,2025-12-04 08:52:51
C00430,No water supply,No water supply. Thought Congress key hour watch dream six study.,Water Supply,High,78,11,False,17.48900805,78.60936794,Resolved,2025-06-04 08:52:51
C00431,Pipeline burst,Pipeline burst. Though voice mission arm itself need water.,Water Supply,High,72,11,False,17.30196614,78.34495086,In Progress,2025-12-24 08:52:51
C00432,Broken bench,Broken bench. Long risk above head yeah ten make difficult summer rest religious west.,Parks,High,67,95,False,17.50149958,78.44536031,Closed,2025-12-03 08:52:51
C00433,Damaged pavement,Damaged pavement. West current increase assume remember work allow condition chair design.,Roads,Low,10,52,False,17.28193068,78.4492886,Pending,2026-01-27 08:52:51
C00434,Pipeline burst,Pipeline burst. Building challenge cultural bit measure everyone age head avoid.,Water Supply,Medium,44,53,False,17.26923739,78.44580335,In Progress,2025-10-24 08:52:51
C00435,Broken bench,Broken bench. Our article public indicate activity learn debate wall.,Parks,Medium,36,86,False,17.45796343,78.42382419,Assigned,2025-07-10 08:52:51
C00436,Waterlogging,Waterlogging. Decide there church arm especially evidence meet improve stop hand radio series building.,Drainage,High,91,39,False,17.30445959,78.51447951,Pending,2025-09-18 08:52:51
C00437,Damaged playground,Damaged playground. Easy quality change factor pretty theory reduce loss picture scene drive.,Parks,High,57,56,False,17.46064004,78.42136344,Closed,2025-06-28 08:52:51
C00438,Damaged playground,Damaged playground. Conference decide important else spring trip serious agree these ten century dream.,Parks,High,53,5,False,17.34902839,78.58603906,In Progress,2026-02-14 08:52:51
C00439,No water supply,No water supply. Simple open activity although economy hundred age population model Congress personal now pick call painting door.,Water Supply,Critical,92,75,False,17.37498338,78.62525651,In Progress,2026-05-24 08:52:51
C00440,Drain blockage,Drain blockage. Ahead employee professional central begin hour certain section agree.,Drainage,High,69,59,False,17.30032947,78.58888417,Assigned,2025-06-22 08:52:51
C00441,Pothole on road,Pothole on road. Receive source sense force concern others my century now least state save game.,Roads,High,91,15,False,17.29303168,78.61535299,Assigned,2026-02-06 08:52:51
C00442,Broken bench,Broken bench. Turn smile one ahead history mission face common public set the size hold.,Parks,Low,16,51,True,17.3530055,78.48804516,In Progress,2026-03-16 08:52:51
C00443,Broken bench,Broken bench. Event yes worry out design focus compare dream music hot oil develop dinner management.,Parks,High,51,43,False,17.51932437,78.42205589,In Progress,2025-09-13 08:52:51
C00444,Park maintenance issue,Park maintenance issue. Contain idea exist radio several door she nice far picture make.,Parks,Critical,94,15,False,17.26330432,78.54739992,Assigned,2025-11-06 08:52:51
C00445,Overflowing waste bins,Overflowing waste bins. Agree writer court choice although name reflect point lead.,Sanitation,Critical,84,18,False,17.26168321,78.60682621,Closed,2025-12-11 08:52:51
C00446,Park maintenance issue,Park maintenance issue. Forget season part two piece enter good her assume not.,Parks,High,53,13,False,17.32518229,78.63534998,Pending,2026-04-15 08:52:51
C00447,Power outage,Power outage. Particularly performance enough cold forget city institution person force.,Electrical,High,81,66,False,17.43604575,78.343715,Pending,2026-05-13 08:52:51
C00448,Sewage overflow,Sewage overflow. Agency can end old fund exactly decision field discuss dream fact address democratic outside evening today.,Drainage,Critical,81,79,False,17.25863636,78.59059882,Assigned,2026-05-19 08:52:51
C00449,Pothole on road,Pothole on road. Pretty anything game movement about political lay school perform statement list occur.,Roads,Low,24,55,False,17.30663455,78.43133209,Pending,2026-05-14 08:52:51
C00450,Road crack,Road crack. Look last foot camera future wonder never seat.,Roads,Medium,32,51,False,17.48418932,78.34676749,Closed,2025-06-13 08:52:51
C00451,Loose electric wire,Loose electric wire. Shoulder surface own raise international close language can PM sing look.,Electrical,High,70,95,False,17.34321629,78.62309808,Assigned,2026-02-03 08:52:51
C00452,Unsafe area,Unsafe area. Significant threat hot trade act relate world fight speak bit produce foreign.,Public Safety,Critical,85,69,False,17.49695319,78.35540362,Closed,2026-01-10 08:52:51
C00453,Broken bench,Broken bench. Enjoy his grow both able one husband memory accept movement would experience win pattern material.,Parks,High,82,67,False,17.51642647,78.39085129,In Progress,2025-06-29 08:52:51
C00454,Traffic congestion,Traffic congestion. Son since yeah couple edge across teacher Congress among.,Traffic,Low,19,92,False,17.2586303,78.44322386,Closed,2025-06-28 08:52:51
C00455,Water leakage,Water leakage. No return boy move white for tax writer accept system organization tell keep when.,Water Supply,Critical,93,46,False,17.29735199,78.58523952,Pending,2025-08-06 08:52:51
C00456,Public nuisance,Public nuisance. Scene explain ok century should however soldier thank director market short address crime size.,Public Safety,Medium,49,96,False,17.33938532,78.35655166,Pending,2025-08-19 08:52:51
C00457,Drain blockage,Drain blockage. Marriage figure effort grow fall professional cultural many federal western industry environmental entire safe.,Drainage,High,82,95,False,17.4702372,78.53391517,Resolved,2025-06-17 08:52:51
C00458,Waterlogging,Waterlogging. Ago although ball produce economic last above require beyond can would fire according of.,Drainage,High,71,98,False,17.24815633,78.36040704,Closed,2025-07-09 08:52:51
C00459,Sewage overflow,Sewage overflow. Unit author car work yard sound dinner should wife.,Drainage,Low,23,49,False,17.33254408,78.4978784,Pending,2025-06-23 08:52:51
C00460,Illegal parking,Illegal parking. Event nice participant letter relationship stay public bed recently note.,Traffic,Low,5,63,False,17.32120494,78.45755737,Assigned,2026-01-15 08:52:51
C00461,Overflowing waste bins,Overflowing waste bins. Baby soldier say guy tree about evidence that.,Sanitation,High,84,40,False,17.43116172,78.48931701,In Progress,2025-07-19 08:52:51
C00462,Pipeline burst,Pipeline burst. Base break serious around community near form job wonder hit growth enough or.,Water Supply,High,99,100,False,17.26779824,78.5221505,Assigned,2026-03-05 08:52:51
C00463,Garbage not collected,Garbage not collected. It rich show strong often chance perhaps usually seven region team fine.,Sanitation,Low,0,77,False,17.3725672,78.57418267,Assigned,2026-04-17 08:52:51
C00464,Road crack,Road crack. Car when third under customer drop rich city black too foot develop.,Roads,Low,2,81,False,17.28929318,78.53173826,Resolved,2025-07-27 08:52:51
C00465,Water leakage,Water leakage. Attack both high option drop product fall according him practice source stay poor way send design.,Water Supply,High,97,6,False,17.43920203,78.58087705,Assigned,2026-02-17 08:52:51
C00466,Street light not working,Street light not working. Other money thousand morning table camera forget bed box writer study teach.,Electrical,Low,5,30,False,17.47961036,78.58604901,Closed,2025-09-13 08:52:51
C00467,Garbage not collected,Garbage not collected. Surface some hair school forget Democrat learn fight raise.,Sanitation,Low,12,94,False,17.44474659,78.43193922,Closed,2025-07-25 08:52:51
C00468,Broken bench,Broken bench. Out especially big memory concern subject majority national attention response government watch type involve skin.,Parks,Medium,47,92,False,17.35038914,78.41978046,Assigned,2025-11-18 08:52:51
C00469,Sewage overflow,Sewage overflow. Race share bit everything I enter war hair.,Drainage,Low,5,27,False,17.5306358,78.49319915,Pending,2026-02-23 08:52:51
C00470,Park maintenance issue,Park maintenance issue. First ball reach factor stay eat information religious building yourself such when relate.,Parks,High,95,9,False,17.35067142,78.63254004,Resolved,2026-04-12 08:52:51
C00471,Illegal parking,Illegal parking. Air stage together fish physical truth chance upon Mrs serve without particular kind.,Traffic,Medium,33,51,False,17.36139866,78.36764666,Pending,2025-07-31 08:52:51
C00472,Broken bench,Broken bench. High choose hour talk environmental join bit answer real read animal half indeed within.,Parks,High,99,7,True,17.41658567,78.43205201,Assigned,2025-10-28 08:52:51
C00473,Overflowing waste bins,Overflowing waste bins. All think stand say light experience left establish president image resource kid.,Sanitation,High,88,92,False,17.3445647,78.36530919,Resolved,2026-04-11 08:52:51
C00474,Abandoned vehicle,Abandoned vehicle. Country learn most force more peace ever bill blue single first.,Public Safety,Medium,30,17,False,17.41978609,78.34908101,In Progress,2025-06-06 08:52:51
C00475,Traffic congestion,Traffic congestion. Moment grow suggest out property at eat PM hear mention a special.,Traffic,Low,5,61,False,17.43750525,78.57217441,In Progress,2026-03-17 08:52:51
C00476,Sewage overflow,Sewage overflow. Standard life couple within beautiful whom painting why future green.,Drainage,Low,8,75,False,17.4040819,78.47570012,Closed,2026-04-10 08:52:51
C00477,Pothole on road,Pothole on road. Small operation white with defense a blood line wind clear despite style.,Roads,Low,2,46,True,17.45604667,78.55870129,In Progress,2026-04-24 08:52:51
C00478,Trash accumulation,Trash accumulation. Along begin social or social apply peace during interesting consumer.,Sanitation,Low,25,39,False,17.45816725,78.45093528,Resolved,2025-06-24 08:52:51
C00479,Abandoned vehicle,Abandoned vehicle. Concern ten purpose reach get one land return dark us toward ground them drop chance.,Public Safety,Critical,84,32,False,17.50803952,78.35011803,Closed,2025-08-10 08:52:51
C00480,No water supply,No water supply. However family it life little we different.,Water Supply,Medium,45,21,False,17.3435487,78.43345272,In Progress,2025-08-01 08:52:51
C00481,Pothole on road,Pothole on road. Though billion young art need ever suddenly visit garden ask there our soldier statement letter.,Roads,Medium,49,41,False,17.40021228,78.34547506,Pending,2025-06-25 08:52:51
C00482,Trash accumulation,Trash accumulation. Evening authority him find growth address never since physical doctor available sense.,Sanitation,High,70,99,False,17.38266344,78.45837387,In Progress,2025-12-05 08:52:51
C00483,Damaged playground,Damaged playground. Loss evening remain believe yes recent return key chance group our add.,Parks,Medium,36,44,False,17.34986601,78.4068889,Resolved,2025-07-20 08:52:51
C00484,Public nuisance,Public nuisance. Over establish outside decision kid easy exactly firm poor nation recently something no result leg.,Public Safety,Low,25,70,False,17.47055174,78.57505347,In Progress,2026-04-21 08:52:51
C00485,Road crack,Road crack. I school property fly huge anything mission century hard minute.,Roads,High,66,63,False,17.41314868,78.54246379,In Progress,2025-06-20 08:52:51
C00486,Overflowing waste bins,Overflowing waste bins. Participant begin listen particularly name himself future us figure peace land foreign option.,Sanitation,High,55,78,False,17.50698137,78.46897991,Closed,2025-09-24 08:52:51
C00487,Trash accumulation,Trash accumulation. Summer to small leader read produce figure near apply.,Sanitation,Medium,31,99,False,17.39891947,78.43730784,Pending,2025-06-08 08:52:51
C00488,Garbage not collected,Garbage not collected. Action who population guy four thus tell appear their father certainly expert.,Sanitation,High,74,42,False,17.3828391,78.47943357,Closed,2025-12-31 08:52:51
C00489,Pothole on road,Pothole on road. Game who six off start investment debate.,Roads,Critical,96,20,False,17.3255002,78.52837133,Closed,2026-01-23 08:52:51
C00490,Street light not working,Street light not working. Factor consumer hear sure record note response money seat that natural themselves.,Electrical,High,77,25,False,17.48521594,78.53851433,Closed,2025-10-08 08:52:51
C00491,Damaged playground,Damaged playground. Care war I concern employee law American return seem.,Parks,High,55,25,False,17.51991661,78.49429457,Resolved,2025-07-29 08:52:51
C00492,Road crack,Road crack. Yeah affect much player region shoulder while first catch partner interest tonight central phone point personal.,Roads,High,64,17,False,17.43677058,78.41182462,In Progress,2025-11-16 08:52:51
C00493,Pipeline burst,Pipeline burst. First assume might responsibility way peace contain show few.,Water Supply,Medium,38,83,False,17.28652048,78.60649335,Closed,2026-01-23 08:52:51
C00494,Water leakage,Water leakage. Voice just popular smile economy start couple table myself member yard learn.,Water Supply,High,55,0,False,17.38347281,78.60400788,Pending,2025-06-25 08:52:51
C00495,Damaged pavement,Damaged pavement. Worker under relate star parent family commercial above central.,Roads,Low,24,57,False,17.53449415,78.61859653,Closed,2026-04-16 08:52:51
C00496,Drain blockage,Drain blockage. Already fine these modern think federal end.,Drainage,Low,5,48,False,17.35464661,78.45155216,Closed,2026-02-19 08:52:51
C00497,Waterlogging,Waterlogging. When who election add practice nearly vote child six feeling west.,Drainage,Medium,30,27,True,17.44827722,78.39152429,Closed,2025-09-16 08:52:51
C00498,Waterlogging,Waterlogging. Check order white mission particular option defense herself billion feeling half gun discuss charge professor huge.,Drainage,Medium,45,85,False,17.24431911,78.49878264,Pending,2025-09-23 08:52:51
C00499,Traffic signal failure,Traffic signal failure. Provide former special watch environment name defense individual population Republican guess hand letter.,Traffic,Critical,88,39,False,17.47825456,78.58622348,Resolved,2026-04-30 08:52:51
C00500,Traffic congestion,Traffic congestion. Item available president cultural election up age wish level president.,Traffic,Medium,40,8,False,17.42070463,78.43499204,In Progress,2025-06-14 08:52:51
C00501,Traffic signal failure,Traffic signal failure. Left break happy structure become someone simply student people fight station doctor.,Traffic,Medium,35,13,False,17.49747591,78.40429384,Pending,2026-02-13 08:52:51
C00502,Unsafe area,Unsafe area. Person travel sign join direction anyone evidence fall wait appear sign light bag look middle program.,Public Safety,Low,11,1,False,17.44892459,78.50785711,Pending,2026-01-15 08:52:51
C00503,Road crack,Road crack. Whole food upon thus behavior know particularly part anyone drive possible decide rather subject quickly.,Roads,High,66,34,False,17.27595693,78.52786092,Closed,2025-09-29 08:52:51
C00504,Damaged playground,Damaged playground. Rest close too pull member you owner respond during in social consumer true others model value.,Parks,High,62,72,False,17.51831533,78.51548856,In Progress,2025-09-25 08:52:51
C00505,Unsafe area,Unsafe area. Seven magazine safe never against I window education social make while military voice production since work.,Public Safety,Low,16,58,True,17.49924011,78.54372604,In Progress,2025-10-05 08:52:51
C00506,Garbage not collected,Garbage not collected. Nation few local line join beautiful brother several involve resource call either factor more dog.,Sanitation,Medium,42,65,True,17.43456072,78.42942651,Closed,2025-07-17 08:52:51
C00507,Trash accumulation,Trash accumulation. Gun list stand be medical future black business institution yet.,Sanitation,High,65,25,False,17.42908571,78.60905617,Assigned,2026-02-02 08:52:51
C00508,Damaged playground,Damaged playground. During forget participant risk really seem music leg quality only order.,Parks,High,75,71,False,17.27326391,78.5793185,Assigned,2025-11-02 08:52:51
C00509,Broken bench,Broken bench. Fly six likely nor order book protect great develop store leave still.,Parks,Low,24,99,False,17.38014209,78.45569149,Assigned,2025-07-26 08:52:51
C00510,Abandoned vehicle,Abandoned vehicle. Because late standard edge family group check forget drug free.,Public Safety,Medium,29,21,False,17.50857005,78.60907301,Closed,2025-08-30 08:52:51
C00511,Drain blockage,Drain blockage. Check local bring or lose agree capital American sure them little surface.,Drainage,High,58,4,False,17.26994271,78.43894212,Assigned,2025-06-04 08:52:51
C00512,No water supply,No water supply. Really sound no know from modern course enough position series.,Water Supply,Low,20,21,True,17.28229968,78.49155571,In Progress,2026-05-10 08:52:51
C00513,Water leakage,Water leakage. Attack discussion employee next forget pretty carry civil.,Water Supply,Low,9,4,False,17.36392658,78.57991482,Pending,2025-10-02 08:52:51
C00514,Abandoned vehicle,Abandoned vehicle. Major bed probably blood compare they have sister book within family across wall last blue.,Public Safety,Low,2,1,False,17.23912912,78.4910483,In Progress,2026-02-06 08:52:51
C00515,Public nuisance,Public nuisance. Hotel perhaps interest capital wrong dark meeting good front discussion food participant beyond opportunity.,Public Safety,Low,2,66,True,17.36674408,78.44591083,Assigned,2025-09-17 08:52:51
C00516,Traffic signal failure,Traffic signal failure. Bar relate himself despite prove court blood late hold everyone character land.,Traffic,Low,16,22,True,17.39224083,78.54059857,Resolved,2026-03-15 08:52:51
C00517,Overflowing waste bins,Overflowing waste bins. Rate beyond follow simply production create dinner black else source large arrive develop class meet director.,Sanitation,Medium,28,52,False,17.42342926,78.37497069,In Progress,2025-07-30 08:52:51
C00518,Traffic congestion,Traffic congestion. Idea of represent total gas onto bar dinner safe prevent way TV manage current carry represent.,Traffic,High,79,65,False,17.3278608,78.63068188,Resolved,2026-03-08 08:52:51
C00519,Garbage not collected,Garbage not collected. Young quite particular song fill administration tax total owner feel finish network myself reality.,Sanitation,Low,18,6,False,17.25623545,78.51450108,Pending,2026-04-23 08:52:51
C00520,Waterlogging,Waterlogging. Realize glass sound picture lay own field way resource smile recent.,Drainage,Medium,30,84,False,17.45313874,78.58582212,Pending,2025-08-04 08:52:51
C00521,Broken bench,Broken bench. Member lose such performance security sister maintain customer.,Parks,High,55,64,False,17.47676324,78.63599215,Assigned,2025-06-04 08:52:51
C00522,Traffic signal failure,Traffic signal failure. Make despite security among care tough center else.,Traffic,High,58,68,True,17.44063871,78.45951836,Resolved,2025-07-23 08:52:51
C00523,Sewage overflow,Sewage overflow. Better democratic would blue west feeling lay seat third to region nor writer.,Drainage,High,97,28,False,17.32387081,78.40033682,Assigned,2025-10-17 08:52:51
C00524,Damaged playground,Damaged playground. Realize arm third career perhaps capital hard of wait provide forward mean government adult so letter.,Parks,High,65,51,False,17.46836832,78.56705497,In Progress,2026-01-04 08:52:51
C00525,Power outage,Power outage. Together animal author culture author war this our.,Electrical,Critical,92,91,True,17.23580726,78.45470521,Resolved,2025-11-25 08:52:51
C00526,No water supply,No water supply. Serious option whom gun attorney notice product person soldier later tough matter before available policy.,Water Supply,Low,6,3,False,17.44700184,78.34289775,Resolved,2025-11-20 08:52:51
C00527,Drain blockage,Drain blockage. Wind house language likely two artist partner student bit job.,Drainage,Medium,29,23,False,17.25848779,78.38706934,Resolved,2026-04-03 08:52:51
C00528,Unsafe area,Unsafe area. Star here friend tend year deep young.,Public Safety,Medium,49,40,False,17.37834733,78.63663236,In Progress,2026-02-10 08:52:51
C00529,Public nuisance,Public nuisance. Occur sound report interview during Republican part box.,Public Safety,High,64,4,False,17.38591178,78.63073625,Closed,2025-11-23 08:52:51
C00530,Damaged playground,Damaged playground. Hope tell safe dinner before skill indicate of either.,Parks,High,52,88,True,17.41347699,78.40745969,Assigned,2026-03-25 08:52:51
C00531,Damaged pavement,Damaged pavement. Most arm spend school really certain car.,Roads,High,70,17,False,17.2466279,78.54008846,Resolved,2026-05-13 08:52:51
C00532,Loose electric wire,Loose electric wire. Newspaper form teacher herself change stand successful arrive.,Electrical,High,84,37,False,17.39555731,78.55222319,Assigned,2026-04-05 08:52:51
C00533,Overflowing waste bins,Overflowing waste bins. Least face situation apply direction success beautiful growth Congress finally knowledge prepare wrong ten discussion.,Sanitation,Low,13,2,False,17.35857596,78.3518929,In Progress,2025-07-11 08:52:51
C00534,Broken bench,Broken bench. Life fund other billion open far whatever beautiful pretty identify market service if since choice great.,Parks,Critical,81,76,False,17.33111685,78.62374164,Pending,2025-06-10 08:52:51
C00535,Damaged playground,Damaged playground. Laugh condition heart understand send life under policy increase including.,Parks,Critical,100,92,False,17.30381653,78.57356618,In Progress,2026-03-05 08:52:51
C00536,Park maintenance issue,Park maintenance issue. Community amount out number painting rather crime public soon.,Parks,Low,8,56,False,17.41194131,78.39446591,Pending,2026-02-09 08:52:51
C00537,Power outage,Power outage. Affect entire serious language policy buy baby.,Electrical,High,54,82,False,17.38116526,78.48080848,Resolved,2025-12-11 08:52:51
C00538,Park maintenance issue,Park maintenance issue. General himself sit bad no scene work thank organization whole firm force design within beat operation.,Parks,High,76,66,False,17.4692566,78.50522043,Pending,2025-11-29 08:52:51
C00539,Street light not working,Street light not working. Tend agent his easy land foot within almost from game cell out.,Electrical,Critical,94,67,False,17.29627795,78.58065803,In Progress,2026-02-14 08:52:51
C00540,Loose electric wire,Loose electric wire. Into last indicate must professor organization media surface outside.,Electrical,Low,19,22,False,17.32003519,78.61848514,Assigned,2026-01-11 08:52:51
C00541,Waterlogging,Waterlogging. Movie decision close member lawyer special why environment street water myself politics develop.,Drainage,Medium,41,4,False,17.28593967,78.55312561,Closed,2026-04-17 08:52:51
C00542,Overflowing waste bins,Overflowing waste bins. Build step exactly test glass professional its here raise bed such teach.,Sanitation,Low,23,70,False,17.38333255,78.63388436,Assigned,2025-10-13 08:52:51
C00543,Traffic congestion,Traffic congestion. Wish nation action well interesting include him establish class because plant small memory he.,Traffic,High,72,55,False,17.49728965,78.59198001,Closed,2026-01-06 08:52:51
C00544,Overflowing waste bins,Overflowing waste bins. Top executive everyone teacher traditional draw next official dark.,Sanitation,Medium,38,16,False,17.37204377,78.36219474,Resolved,2026-03-04 08:52:51
C00545,Water leakage,Water leakage. Direction forward special start break article after strong model for above pick might international future.,Water Supply,Low,17,89,True,17.46390591,78.58085534,Resolved,2026-02-21 08:52:51
C00546,Sewage overflow,Sewage overflow. Interview wide few what huge military pattern again kitchen pressure science.,Drainage,Low,24,58,False,17.46446333,78.52365285,Pending,2026-04-07 08:52:51
C00547,Overflowing waste bins,Overflowing waste bins. Itself turn others seat suggest follow number manage property relationship truth mother factor.,Sanitation,High,72,57,False,17.44395586,78.4979469,Resolved,2026-03-15 08:52:51
C00548,Broken bench,Broken bench. Together land plant serve attack hospital sort.,Parks,Low,15,71,False,17.33448226,78.36452289,Closed,2026-06-02 08:52:51
C00549,Garbage not collected,Garbage not collected. General certainly community idea everything spend serve.,Sanitation,Low,8,86,True,17.3378993,78.34857257,Closed,2025-11-14 08:52:51
C00550,Overflowing waste bins,Overflowing waste bins. Type how among class add she tend middle middle information magazine.,Sanitation,High,52,1,False,17.43753204,78.54080815,Assigned,2026-02-25 08:52:51
C00551,Road crack,Road crack. Reality argue investment modern easy wonder then couple hope network pretty drop high organization.,Roads,Low,1,20,False,17.31626264,78.55962351,Pending,2025-10-20 08:52:51
C00552,Sewage overflow,Sewage overflow. Drive stand cover simply stuff interesting there health will.,Drainage,Low,18,21,False,17.33966906,78.57545224,Assigned,2025-09-13 08:52:51
C00553,Park maintenance issue,Park maintenance issue. Or TV station before collection director win between wish friend.,Parks,High,89,5,False,17.26291281,78.56543308,Assigned,2025-08-13 08:52:51
C00554,Pipeline burst,Pipeline burst. Million form enjoy else remain pretty issue area offer third audience style pattern professional.,Water Supply,High,73,59,False,17.30546218,78.44168924,Resolved,2026-02-06 08:52:51
C00555,Power outage,Power outage. Protect money security raise also series hold fish Democrat another morning.,Electrical,Medium,31,89,False,17.48880769,78.37849161,Assigned,2026-01-07 08:52:51
C00556,Garbage not collected,Garbage not collected. Wrong office quality money remember meeting act.,Sanitation,Medium,26,83,False,17.32854026,78.38374863,In Progress,2026-01-14 08:52:51
C00557,Pothole on road,Pothole on road. Speech ago push expect method program pressure.,Roads,High,72,17,False,17.24620178,78.39403431,Assigned,2026-04-24 08:52:51
C00558,Park maintenance issue,Park maintenance issue. Head school per new his could I hard cut fine feel matter whom before wait interest.,Parks,Critical,86,17,False,17.27421984,78.61810796,Resolved,2025-12-10 08:52:51
C00559,Abandoned vehicle,Abandoned vehicle. Challenge gun available station significant level just poor leader rock.,Public Safety,High,57,96,False,17.50868667,78.48586176,Closed,2025-08-05 08:52:51
C00560,Damaged playground,Damaged playground. Yourself easy this fly against already wide thank.,Parks,High,83,15,False,17.27241442,78.59914187,Assigned,2026-05-21 08:52:51
C00561,Pipeline burst,Pipeline burst. Win stop week middle shoulder Mr collection accept half standard may.,Water Supply,Medium,29,32,False,17.24021144,78.50888861,In Progress,2025-12-03 08:52:51
C00562,Drain blockage,Drain blockage. Prepare month can land property notice major figure peace discussion either most.,Drainage,High,62,21,True,17.32642504,78.38609869,Closed,2025-11-21 08:52:51
C00563,Damaged playground,Damaged playground. Science try modern clear practice kitchen police floor or production I another member war example.,Parks,Medium,40,38,False,17.29065455,78.55339844,In Progress,2025-10-27 08:52:51
C00564,Trash accumulation,Trash accumulation. Such herself career majority enjoy TV yeah.,Sanitation,Low,8,3,False,17.2437165,78.40901063,Assigned,2025-12-21 08:52:51
C00565,Waterlogging,Waterlogging. Plan behavior whom hair join return star.,Drainage,High,75,78,False,17.30907437,78.52910949,Closed,2026-01-16 08:52:51
C00566,Waterlogging,Waterlogging. Onto mouth contain pick type health nearly local shoulder table girl.,Drainage,Critical,100,40,False,17.5109799,78.54132308,In Progress,2026-04-01 08:52:51
C00567,Damaged playground,Damaged playground. Walk road last somebody citizen increase religious each candidate.,Parks,Medium,32,78,False,17.39193084,78.34905805,Resolved,2025-07-16 08:52:51
C00568,Damaged pavement,Damaged pavement. Security walk couple point include key may listen nice in memory out character according concern.,Roads,Low,16,91,False,17.34465587,78.42794726,Resolved,2026-01-06 08:52:51
C00569,Power outage,Power outage. Himself what hope image reality cover card very beyond public.,Electrical,High,73,16,False,17.50119412,78.60905811,Assigned,2025-08-28 08:52:51
C00570,Water leakage,Water leakage. Expect notice type may movie nation job show understand.,Water Supply,Critical,86,24,False,17.52918022,78.56521049,Pending,2026-05-15 08:52:51
C00571,Illegal parking,Illegal parking. You who at recently that suddenly hot region world somebody necessary Mrs across close deal boy.,Traffic,Medium,38,61,False,17.29717867,78.37684327,Assigned,2026-03-16 08:52:51
C00572,Waterlogging,Waterlogging. Evening federal hit girl majority medical prove cup street forward feeling responsibility attack.,Drainage,High,89,52,False,17.44858318,78.56694773,Pending,2026-01-02 08:52:51
C00573,Trash accumulation,Trash accumulation. Why water instead special necessary education throw.,Sanitation,Low,22,83,False,17.36640311,78.56199647,In Progress,2025-10-06 08:52:51
C00574,Damaged playground,Damaged playground. Law type hold management former wish go training low culture.,Parks,Medium,49,40,False,17.44412651,78.55393414,Pending,2026-06-03 08:52:51
C00575,Sewage overflow,Sewage overflow. Place manager address necessary others myself no throw region him newspaper case behavior.,Drainage,Medium,40,80,True,17.41715744,78.56742505,In Progress,2026-05-28 08:52:51
C00576,Damaged playground,Damaged playground. Day party wife win exactly include realize discussion single apply any.,Parks,Low,11,11,False,17.43486275,78.40194182,Closed,2025-10-13 08:52:51
C00577,Waterlogging,Waterlogging. Before write arrive until animal too give century should leg brother case tough action year.,Drainage,High,90,54,False,17.26869951,78.41603119,Pending,2025-06-21 08:52:51
C00578,Pothole on road,Pothole on road. Respond bit international able about hot operation.,Roads,High,66,18,False,17.46061612,78.37199452,Pending,2026-03-24 08:52:51
C00579,Street light not working,Street light not working. Picture none east bit positive give owner four suggest.,Electrical,High,73,31,False,17.34985,78.47578985,Closed,2026-04-06 08:52:51
C00580,Unsafe area,Unsafe area. Business build among pay time player need probably.,Public Safety,Low,15,98,False,17.42524099,78.3460114,In Progress,2025-06-19 08:52:51
C00581,Trash accumulation,Trash accumulation. Not space like company result class street.,Sanitation,Critical,93,34,False,17.31206224,78.42335122,Assigned,2026-04-01 08:52:51
C00582,Sewage overflow,Sewage overflow. At support when future charge alone ability thousand challenge poor miss.,Drainage,High,75,40,False,17.51859598,78.4386535,Assigned,2025-06-13 08:52:51
C00583,Road crack,Road crack. Plan hair station far very decide edge product player do personal pattern white apply.,Roads,Critical,90,40,False,17.24815976,78.61293345,Assigned,2025-12-26 08:52:51
C00584,Street light not working,Street light not working. Leader memory number half fast recent look leader control less over half build difference.,Electrical,High,75,2,False,17.38885648,78.3483531,Resolved,2025-06-09 08:52:51
C00585,No water supply,No water supply. Detail site subject year trip behind several blue community exactly society close game thank television.,Water Supply,High,54,80,False,17.40074697,78.47585171,Closed,2026-01-25 08:52:51
C00586,Illegal parking,Illegal parking. Camera discover everybody investment in car actually line.,Traffic,Critical,90,4,False,17.41412299,78.61459479,Assigned,2026-02-28 08:52:51
C00587,Traffic congestion,Traffic congestion. Point charge become head down matter best recognize current.,Traffic,Medium,28,47,True,17.25335174,78.47319978,Resolved,2025-12-07 08:52:51
C00588,Traffic signal failure,Traffic signal failure. Tell least story sort free maintain reveal understand name plant son between small position.,Traffic,High,56,96,False,17.23762726,78.49507358,Pending,2026-06-01 08:52:51
C00589,Loose electric wire,Loose electric wire. Again enter speech suddenly Democrat account husband TV hand one policy.,Electrical,Low,8,16,False,17.3059001,78.34942934,Assigned,2025-10-27 08:52:51
C00590,Public nuisance,Public nuisance. That history detail ground stop still any blue whose.,Public Safety,Critical,86,10,False,17.36784642,78.37775417,Resolved,2025-10-26 08:52:51
C00591,Drain blockage,Drain blockage. Big return history save population professor make thank.,Drainage,Critical,90,39,False,17.53359958,78.60218368,Pending,2025-11-08 08:52:51
C00592,Broken bench,Broken bench. Fall pattern suffer citizen read behavior degree debate note treatment.,Parks,Medium,50,4,False,17.45674362,78.39166673,In Progress,2025-12-02 08:52:51
C00593,Overflowing waste bins,Overflowing waste bins. One these seek stop there sister his Congress moment wonder machine.,Sanitation,Critical,86,90,True,17.3490104,78.56044918,Resolved,2025-08-16 08:52:51
C00594,Trash accumulation,Trash accumulation. Child often feel reduce protect commercial high stock experience back wide information science.,Sanitation,Medium,47,62,False,17.39035963,78.35415013,Resolved,2026-03-23 08:52:51
C00595,Park maintenance issue,Park maintenance issue. Easy small view might live professional page government industry actually drop possible executive color rest.,Parks,High,76,0,False,17.36253068,78.34323732,In Progress,2025-07-22 08:52:51
C00596,Drain blockage,Drain blockage. Cell avoid loss world become west owner help relationship small candidate rate successful ten.,Drainage,High,65,53,False,17.24843896,78.42427502,Assigned,2025-10-04 08:52:51
C00597,Street light not working,Street light not working. Language change cell painting specific however south compare material.,Electrical,Medium,30,12,False,17.23889309,78.63544945,Closed,2025-12-31 08:52:51
C00598,Drain blockage,Drain blockage. Successful lay catch how free term laugh traditional money few better watch father against people perhaps.,Drainage,High,56,0,False,17.44498916,78.59143509,In Progress,2026-02-06 08:52:51
C00599,Trash accumulation,Trash accumulation. Himself state such everyone deep possible good.,Sanitation,Low,10,6,False,17.24553453,78.40380559,Closed,2025-10-28 08:52:51
C00600,Pipeline burst,Pipeline burst. Off phone federal space oil stop agency consider management chair police hotel cover picture over.,Water Supply,Low,19,16,False,17.35641647,78.53849467,In Progress,2025-10-27 08:52:51
C00601,Unsafe area,Unsafe area. Conference whose build first magazine less unit.,Public Safety,Low,16,37,False,17.30227206,78.54344204,In Progress,2025-11-25 08:52:51
C00602,Road crack,Road crack. Eye debate deal nothing almost loss issue of together season change foot raise and cut field.,Roads,Medium,40,55,False,17.42750846,78.63440088,Closed,2026-05-03 08:52:51
C00603,Damaged playground,Damaged playground. These arrive radio painting page trouble film.,Parks,High,53,44,False,17.46564382,78.34676734,Assigned,2026-04-30 08:52:51
C00604,No water supply,No water supply. Trade same prove draw tend school worry meet century list statement hand natural bed ok send.,Water Supply,Low,12,23,False,17.27077398,78.59652593,Assigned,2025-11-13 08:52:51
C00605,Power outage,Power outage. Compare grow director generation artist present strong himself lot kind reveal different dream.,Electrical,High,83,7,False,17.25293149,78.36518781,In Progress,2026-02-27 08:52:51
C00606,Street light not working,Street light not working. Instead walk light special chair operation find forget write able season year poor.,Electrical,Low,0,11,False,17.25360115,78.478149,Resolved,2026-04-07 08:52:51
C00607,Drain blockage,Drain blockage. Son nation difficult smile real east performance mouth.,Drainage,High,71,29,False,17.38040991,78.61854103,In Progress,2026-02-27 08:52:51
C00608,Pothole on road,Pothole on road. With stand those feel two whose little remember democratic.,Roads,High,82,72,False,17.45014097,78.57131747,In Progress,2026-01-25 08:52:51
C00609,Pothole on road,Pothole on road. Old use true guess each member know community crime fast long crime beautiful can expert open.,Roads,Medium,33,70,True,17.47153216,78.4898523,In Progress,2025-08-07 08:52:51
C00610,Garbage not collected,Garbage not collected. Science shake build rate present who product even choice job surface card relate case evening.,Sanitation,High,64,16,False,17.37963198,78.50784681,Resolved,2025-08-25 08:52:51
C00611,Garbage not collected,Garbage not collected. Network pattern blue great lawyer of increase grow property someone popular price goal option want send.,Sanitation,High,85,21,False,17.25462417,78.57752,Pending,2025-12-15 08:52:51
C00612,Unsafe area,Unsafe area. Represent Democrat front experience race machine particularly.,Public Safety,Low,14,23,False,17.50874928,78.47816516,Pending,2025-06-19 08:52:51
C00613,Pothole on road,Pothole on road. Floor trip including else listen point real.,Roads,Low,12,63,False,17.49727849,78.56248378,Closed,2026-03-07 08:52:51
C00614,Loose electric wire,Loose electric wire. Pattern present everyone stage staff model high lead before sure push catch.,Electrical,Low,1,14,False,17.26138686,78.60673232,Pending,2025-12-19 08:52:51
C00615,Traffic congestion,Traffic congestion. Action his safe choose grow manager less room establish.,Traffic,Medium,46,59,False,17.33161444,78.39131042,Pending,2026-03-22 08:52:51
C00616,Damaged pavement,Damaged pavement. Between notice soon movie success save my debate.,Roads,High,73,11,False,17.3525716,78.59322422,Pending,2025-10-07 08:52:51
C00617,Loose electric wire,Loose electric wire. During maybe nearly perform herself after medical until year because soon large factor.,Electrical,High,89,60,False,17.4870221,78.36028726,Assigned,2025-06-29 08:52:51
C00618,Waterlogging,Waterlogging. Here difference summer organization serious particularly should herself treatment.,Drainage,High,83,9,True,17.33911876,78.52928789,Closed,2026-04-27 08:52:51
C00619,No water supply,No water supply. Large us against fast cell big oil radio act gas true partner provide they take.,Water Supply,High,75,68,False,17.53027832,78.47381318,Assigned,2025-10-22 08:52:51
C00620,Drain blockage,Drain blockage. But quite weight forward what even pretty drop organization boy available ok return particular.,Drainage,High,55,59,False,17.38252843,78.48063554,Closed,2025-11-14 08:52:51
C00621,Illegal parking,Illegal parking. Everything including course add yard believe husband call follow heavy service.,Traffic,Low,8,45,True,17.38905871,78.40504792,In Progress,2026-01-11 08:52:51
C00622,Road crack,Road crack. Social country everyone dark five difference local common machine all important explain note value term serve.,Roads,Low,1,60,False,17.26903284,78.47414608,Assigned,2025-06-23 08:52:51
C00623,Traffic signal failure,Traffic signal failure. Fill dream trial former form reflect weight many.,Traffic,Low,21,42,False,17.24131073,78.52266682,Resolved,2025-11-22 08:52:51
C00624,Road crack,Road crack. Sign seem relationship policy discussion rich effect especially player lot ability value pick member.,Roads,High,100,6,False,17.46066936,78.3445698,Assigned,2026-04-01 08:52:51
C00625,No water supply,No water supply. Race would kind toward similar third nation north seek draw suffer bad.,Water Supply,Low,20,39,False,17.27613153,78.45683235,Assigned,2026-01-08 08:52:51
C00626,Power outage,Power outage. Husband action institution like pay employee quite.,Electrical,Low,12,57,False,17.49896002,78.51655441,Assigned,2026-01-12 08:52:51
C00627,Garbage not collected,Garbage not collected. Reduce executive idea team opportunity staff job party gas opportunity type writer six age to.,Sanitation,Low,13,44,False,17.33093714,78.37364349,In Progress,2026-03-06 08:52:51
C00628,Garbage not collected,Garbage not collected. History laugh course police democratic fine others light group surface enter behavior all.,Sanitation,High,70,98,False,17.5138733,78.35149646,Pending,2025-07-07 08:52:51
C00629,Garbage not collected,Garbage not collected. Structure happen capital write term husband source technology.,Sanitation,Low,7,84,False,17.4965661,78.56575122,Assigned,2025-11-13 08:52:51
C00630,Pothole on road,Pothole on road. Table rate thing court figure participant food hundred listen cover last off visit real budget.,Roads,High,65,98,False,17.41587276,78.45334703,Assigned,2025-11-03 08:52:51
C00631,Unsafe area,Unsafe area. One only method order decide or where wonder politics.,Public Safety,Medium,50,19,False,17.44405908,78.57082202,Assigned,2025-09-21 08:52:51
C00632,Park maintenance issue,Park maintenance issue. Both order research culture senior food fine today contain political grow officer give what lot.,Parks,Medium,42,82,False,17.31568599,78.3711116,In Progress,2026-01-14 08:52:51
C00633,Pipeline burst,Pipeline burst. Spring community others dinner crime teach bring area including note organization base teach.,Water Supply,High,65,15,True,17.32440876,78.39999037,Assigned,2025-06-21 08:52:51
C00634,Road crack,Road crack. Board six eye cut beat author herself spring.,Roads,Critical,92,85,False,17.30726812,78.35261826,Pending,2026-01-11 08:52:51
C00635,Waterlogging,Waterlogging. Someone eye across discussion nor pass Republican either baby society.,Drainage,Low,14,52,False,17.26668317,78.49663795,In Progress,2026-02-28 08:52:51
C00636,Public nuisance,Public nuisance. Sea possible reason across check art low national civil foreign response.,Public Safety,Medium,30,75,False,17.38490244,78.42070399,Resolved,2025-12-24 08:52:51
C00637,Road crack,Road crack. Write forget cover out produce sense number sign traditional capital recent expect.,Roads,Critical,87,10,False,17.38651474,78.43202503,Assigned,2026-05-15 08:52:51
C00638,Pipeline burst,Pipeline burst. Nation plant happy offer catch suddenly first play buy current so.,Water Supply,High,65,0,True,17.53260115,78.41968588,Pending,2026-04-19 08:52:51
C00639,Water leakage,Water leakage. Would loss sell lot democratic second away measure treat whatever machine top same.,Water Supply,Medium,41,72,False,17.33131519,78.48985108,Assigned,2025-06-14 08:52:51
C00640,Loose electric wire,Loose electric wire. Poor result bag simply onto ahead message by ten moment radio.,Electrical,Critical,96,32,False,17.47115956,78.39652909,In Progress,2025-08-10 08:52:51
C00641,Damaged pavement,Damaged pavement. Answer close medical dream artist go discover cell hospital month adult west before when.,Roads,Low,19,8,False,17.28751958,78.47644448,Assigned,2025-06-04 08:52:51
C00642,Broken bench,Broken bench. Way both food training here Democrat sort join career thus value risk determine fall whole none.,Parks,Low,10,49,False,17.26112469,78.467931,Closed,2026-02-06 08:52:51
C00643,Damaged pavement,Damaged pavement. Be discussion article political at top assume remember attorney trip final mouth call speech newspaper.,Roads,High,65,93,False,17.52768578,78.41188431,Pending,2025-11-20 08:52:51
C00644,Damaged pavement,Damaged pavement. Position run participant spend live off on item deep too remain type whom health base.,Roads,High,69,8,False,17.49791383,78.52228254,Resolved,2025-10-16 08:52:51
C00645,Loose electric wire,Loose electric wire. Number crime former any behavior prevent system far network tough heart bring then material write late.,Electrical,Medium,36,38,False,17.40321633,78.34925856,Closed,2025-08-10 08:52:51
C00646,Pipeline burst,Pipeline burst. Seem seem church whether garden break experience.,Water Supply,Low,23,77,False,17.36032608,78.47200351,Resolved,2026-05-24 08:52:51
C00647,Traffic signal failure,Traffic signal failure. Key game marriage necessary common break list whatever Congress our.,Traffic,Critical,89,69,False,17.28478131,78.57588766,Pending,2025-12-05 08:52:51
C00648,Abandoned vehicle,Abandoned vehicle. Attack beautiful fund me analysis do successful him keep street tonight specific take expect music.,Public Safety,Medium,39,77,False,17.41879001,78.58840877,Resolved,2025-10-03 08:52:51
C00649,Park maintenance issue,Park maintenance issue. Buy work force firm let without single trip support player.,Parks,High,58,38,False,17.52446119,78.55652681,Assigned,2025-12-31 08:52:51
C00650,Park maintenance issue,Park maintenance issue. Why give eight whom away father drug must whether wind better.,Parks,Medium,48,94,False,17.357165,78.47557443,Pending,2025-12-25 08:52:51
C00651,Overflowing waste bins,Overflowing waste bins. Risk report last seven choice interview including collection level chance available next.,Sanitation,High,82,79,False,17.25580558,78.38705278,In Progress,2025-06-08 08:52:51
C00652,Park maintenance issue,Park maintenance issue. Site so everybody end when surface television democratic wind act.,Parks,Low,17,4,True,17.23556836,78.62151681,Assigned,2026-02-11 08:52:51
C00653,Traffic signal failure,Traffic signal failure. Entire film put happen join care occur benefit experience little citizen run skill company training difficult.,Traffic,Low,25,40,False,17.2714999,78.40344696,In Progress,2026-04-25 08:52:51
C00654,Power outage,Power outage. Technology she future road stage born employee wind wish girl building perform beautiful sense.,Electrical,Medium,30,32,False,17.29399952,78.50641373,Pending,2026-01-01 08:52:51
C00655,Pipeline burst,Pipeline burst. Ok citizen Republican white employee several letter.,Water Supply,Low,11,29,False,17.35615163,78.49200996,Resolved,2026-02-20 08:52:51
C00656,Drain blockage,Drain blockage. Brother he him source fast behavior cause sign stage.,Drainage,Low,14,45,False,17.29764009,78.56166917,In Progress,2025-12-25 08:52:51
C00657,Street light not working,Street light not working. World minute between indicate indeed goal factor agency a plan money imagine green scene bar senior.,Electrical,Critical,95,32,False,17.3087003,78.42506495,Assigned,2026-03-22 08:52:51
C00658,Park maintenance issue,Park maintenance issue. Develop her practice economy gas thus him but make administration.,Parks,High,72,78,False,17.28442824,78.55581543,Assigned,2026-04-08 08:52:51
C00659,Traffic signal failure,Traffic signal failure. Try point often score art nearly adult decide court at success music second politics service.,Traffic,Medium,31,74,False,17.43243836,78.60543792,Closed,2026-02-15 08:52:51
C00660,Road crack,Road crack. Expert house evidence across public peace garden item it traditional institution role chance both.,Roads,High,67,53,False,17.33181945,78.58354689,Assigned,2026-04-26 08:52:51
C00661,Abandoned vehicle,Abandoned vehicle. College blood discuss method short brother hundred memory realize.,Public Safety,High,65,18,False,17.23912984,78.45139832,Assigned,2025-06-10 08:52:51
C00662,Damaged pavement,Damaged pavement. Ready campaign personal yourself star say song subject six event prevent.,Roads,High,80,40,False,17.46783197,78.43417101,Resolved,2025-11-27 08:52:51
C00663,Trash accumulation,Trash accumulation. Occur change head standard garden year past tend concern.,Sanitation,High,61,79,False,17.25540195,78.60692469,Closed,2025-10-07 08:52:51
C00664,Park maintenance issue,Park maintenance issue. Can vote report fly wonder time whatever house skin world might.,Parks,Medium,45,42,False,17.31486091,78.34945802,Closed,2026-04-08 08:52:51
C00665,Sewage overflow,Sewage overflow. Detail around bit eight raise one medical trial beautiful need fire sense buy.,Drainage,Medium,39,58,False,17.37493159,78.51673136,Resolved,2026-05-29 08:52:51
C00666,Traffic congestion,Traffic congestion. Serious one various third though social memory billion century sit next public.,Traffic,High,75,4,False,17.5165782,78.55413676,Closed,2025-09-15 08:52:51
C00667,Traffic signal failure,Traffic signal failure. Them notice relate very although tonight cold technology television sister news drop risk strategy group.,Traffic,Critical,81,38,False,17.46104467,78.4368543,Resolved,2025-06-11 08:52:51
C00668,Park maintenance issue,Park maintenance issue. Camera suffer garden really nature suffer military will.,Parks,Low,16,57,False,17.42949231,78.35666071,Pending,2026-04-25 08:52:51
C00669,Pothole on road,Pothole on road. Wall design necessary far model individual challenge civil sport table science letter because.,Roads,Medium,39,61,False,17.35103327,78.45726115,In Progress,2026-03-26 08:52:51
C00670,Traffic signal failure,Traffic signal failure. Standard card Mr down tonight in fish spend discussion attention relationship.,Traffic,Low,9,55,False,17.47232289,78.58432966,Assigned,2025-09-12 08:52:51
C00671,Public nuisance,Public nuisance. Economic heavy significant light speech method evidence major at wait and group member foreign concern.,Public Safety,Critical,91,9,False,17.48304818,78.40641835,Closed,2026-03-25 08:52:51
C00672,Damaged pavement,Damaged pavement. Budget south simple miss agent realize gun.,Roads,Low,19,56,False,17.37362881,78.55299379,Assigned,2026-05-19 08:52:51
C00673,Water leakage,Water leakage. Administration identify recognize some food one offer individual tough tend certainly red through call tax.,Water Supply,Medium,42,58,False,17.33822452,78.53390412,Resolved,2025-08-12 08:52:51
C00674,Damaged pavement,Damaged pavement. Worker magazine partner real century bag draw never expert arrive buy.,Roads,High,82,14,False,17.48588346,78.42916829,In Progress,2025-11-19 08:52:51
C00675,Damaged pavement,Damaged pavement. Image product idea well against upon radio issue street anything man seek want your.,Roads,High,61,32,False,17.322664,78.56082714,Assigned,2026-03-15 08:52:51
C00676,Illegal parking,Illegal parking. Small similar condition happy mean letter music speech place.,Traffic,Low,20,45,False,17.37491043,78.58000863,Pending,2025-09-17 08:52:51
C00677,Drain blockage,Drain blockage. Sit reach event thousand artist call environmental significant wait pay democratic.,Drainage,High,68,59,False,17.49248401,78.42518449,Resolved,2026-05-16 08:52:51
C00678,Park maintenance issue,Park maintenance issue. Alone phone value argue they describe environment.,Parks,Medium,47,17,False,17.30798082,78.40457659,Closed,2025-12-14 08:52:51
C00679,Illegal parking,Illegal parking. Activity customer window his how case figure note way authority near read.,Traffic,Critical,97,95,False,17.44413879,78.55688634,In Progress,2026-05-04 08:52:51
C00680,Loose electric wire,Loose electric wire. Again cost network claim meet run toward painting best ability church college.,Electrical,Critical,85,70,False,17.34850036,78.63489612,In Progress,2026-01-16 08:52:51
C00681,Damaged playground,Damaged playground. Should best around section exactly spend present coach almost sort relate focus people kid.,Parks,High,93,68,False,17.47117921,78.5547072,Pending,2026-04-14 08:52:51
C00682,Road crack,Road crack. Whose beat edge key production recognize color protect because.,Roads,Critical,94,80,False,17.39321445,78.42348217,In Progress,2026-05-18 08:52:51
C00683,Broken bench,Broken bench. Fact important policy yard save condition cost could official color every current.,Parks,High,58,78,False,17.52492458,78.54511304,Closed,2026-01-29 08:52:51
C00684,Water leakage,Water leakage. Carry front cup return certainly history professional try mouth.,Water Supply,High,90,23,False,17.25844857,78.56072477,Closed,2026-02-27 08:52:51
C00685,Pipeline burst,Pipeline burst. While Republican after reflect Mr far term memory pretty major break book great hold recently customer.,Water Supply,Medium,32,57,False,17.28835109,78.36906709,In Progress,2026-04-10 08:52:51
C00686,Trash accumulation,Trash accumulation. Card control the director cold industry mouth world fly power city enough democratic both try.,Sanitation,Low,1,78,False,17.26469167,78.58032763,In Progress,2026-01-16 08:52:51
C00687,Traffic congestion,Traffic congestion. Turn will term all out them analysis.,Traffic,Critical,90,18,False,17.45473526,78.58551624,Pending,2026-02-22 08:52:51
C00688,Public nuisance,Public nuisance. Along someone back wall perhaps debate toward attention pressure.,Public Safety,High,61,87,False,17.51149598,78.40873975,Pending,2026-02-08 08:52:51
C00689,Power outage,Power outage. Call week not reflect little purpose phone will task source yourself.,Electrical,Medium,29,95,False,17.44604912,78.45007141,Pending,2025-07-18 08:52:51
C00690,Pipeline burst,Pipeline burst. Itself force audience baby write fast charge.,Water Supply,Medium,42,41,True,17.41829916,78.46985668,Assigned,2025-06-29 08:52:51
C00691,Public nuisance,Public nuisance. Affect last administration sea wide while item specific model.,Public Safety,Medium,49,31,False,17.33173082,78.53176205,In Progress,2025-10-17 08:52:51
C00692,Overflowing waste bins,Overflowing waste bins. Easy dark grow another about none us fund yeah minute article north section themselves shake southern.,Sanitation,Low,15,50,False,17.33091876,78.46331462,In Progress,2025-06-29 08:52:51
C00693,Water leakage,Water leakage. Alone lot popular mother scene account attorney positive on group happy action main provide however.,Water Supply,High,83,69,False,17.27246035,78.61784385,Pending,2026-02-03 08:52:51
C00694,Street light not working,Street light not working. Heart visit travel girl course face debate night than foot response many eight.,Electrical,Medium,39,6,False,17.432462,78.49279437,Closed,2025-10-22 08:52:51
C00695,Abandoned vehicle,Abandoned vehicle. Condition use late new tell usually media draw.,Public Safety,High,56,94,False,17.46967075,78.50385816,Pending,2026-02-17 08:52:51
C00696,Loose electric wire,Loose electric wire. Could training ever mission believe performance certain visit such part only team when office decision drop.,Electrical,Critical,97,83,False,17.29154819,78.48816776,In Progress,2026-01-23 08:52:51
C00697,Loose electric wire,Loose electric wire. Region future ready face Mr specific your.,Electrical,Low,10,71,False,17.48502063,78.38200217,Pending,2026-01-19 08:52:51
C00698,Traffic congestion,Traffic congestion. Never join three clearly just call analysis summer speech camera most race test fund.,Traffic,Medium,39,78,False,17.36794548,78.42242788,In Progress,2026-06-01 08:52:51
C00699,Waterlogging,Waterlogging. Note degree someone serious rich in traditional political.,Drainage,High,76,98,False,17.38443443,78.49899222,Closed,2025-11-09 08:52:51
C00700,Damaged playground,Damaged playground. Artist board sure behavior concern including well street run.,Parks,Low,0,25,False,17.35956411,78.63469223,Closed,2025-12-30 08:52:51
C00701,Street light not working,Street light not working. Begin find off suddenly case account modern skill.,Electrical,High,80,56,False,17.29275464,78.50909628,Pending,2025-08-18 08:52:51
C00702,Waterlogging,Waterlogging. Clearly once add choice machine need around how many wish remember some seek loss life area.,Drainage,Low,4,45,False,17.49705901,78.52741836,Pending,2025-08-18 08:52:51
C00703,Power outage,Power outage. Front still character night hit can maintain positive throughout read.,Electrical,Critical,99,63,False,17.39906619,78.373582,Closed,2026-03-21 08:52:51
C00704,Overflowing waste bins,Overflowing waste bins. Within it evening child buy group game necessary.,Sanitation,Medium,36,81,False,17.36888717,78.54968468,Closed,2026-02-26 08:52:51
C00705,Trash accumulation,Trash accumulation. That fine remain sometimes ever magazine determine simple wish reach chair cut improve guess.,Sanitation,High,76,3,False,17.33232158,78.34819896,Resolved,2026-01-25 08:52:51
C00706,Pothole on road,Pothole on road. Subject join personal prepare total statement source.,Roads,Medium,34,54,True,17.27855402,78.61241755,Assigned,2025-11-06 08:52:51
C00707,Public nuisance,Public nuisance. Only perform up notice those standard live box six decide rate system degree.,Public Safety,Critical,94,67,False,17.37106904,78.6008741,Resolved,2025-11-25 08:52:51
C00708,Abandoned vehicle,Abandoned vehicle. Would food sing theory accept general traditional industry eye body else financial degree.,Public Safety,High,86,49,False,17.50377894,78.62002436,Resolved,2025-07-15 08:52:51
C00709,Sewage overflow,Sewage overflow. Think police ever current I prove side turn along clear hand time seek send.,Drainage,High,51,28,False,17.36456652,78.4524733,Assigned,2026-02-24 08:52:51
C00710,Waterlogging,Waterlogging. More executive beyond very lawyer now continue improve day seem air southern past.,Drainage,Low,2,92,False,17.27287089,78.54265597,Resolved,2026-05-05 08:52:51
C00711,Unsafe area,Unsafe area. Here want population may figure if form wall mention let instead certain country serve short.,Public Safety,Critical,89,41,False,17.53171091,78.44678481,Assigned,2025-09-24 08:52:51
C00712,Broken bench,Broken bench. Nothing live medical either kind agree spend.,Parks,Low,5,55,False,17.42081767,78.57252399,Resolved,2025-08-17 08:52:51
C00713,No water supply,No water supply. Despite stock soldier population sure itself table subject forget exactly leader.,Water Supply,High,90,64,False,17.4498952,78.52639231,Closed,2025-12-27 08:52:51
C00714,Sewage overflow,Sewage overflow. Other glass loss street friend theory voice huge place difficult west create six machine poor building.,Drainage,Critical,96,2,False,17.46263327,78.35610704,Resolved,2025-12-18 08:52:51
C00715,Illegal parking,Illegal parking. Compare four consumer against finally how clear budget method represent peace nice cold.,Traffic,Low,1,39,False,17.51415987,78.35847424,Assigned,2025-10-07 08:52:51
C00716,Sewage overflow,Sewage overflow. Rock name let already happy kid difference shake similar until require community success cover.,Drainage,Medium,44,89,False,17.33032587,78.49765789,In Progress,2025-10-17 08:52:51
C00717,Overflowing waste bins,Overflowing waste bins. Summer treatment plant he interview if huge.,Sanitation,Low,21,77,False,17.42105554,78.36144794,In Progress,2026-02-27 08:52:51
C00718,Public nuisance,Public nuisance. Thought oil official so similar little president front attorney front sport back we.,Public Safety,Low,11,82,False,17.42174338,78.5409926,Closed,2026-04-02 08:52:51
C00719,Broken bench,Broken bench. Hand trial never through move stand station politics cause development ability hot.,Parks,Medium,32,93,False,17.35159126,78.49904747,Closed,2025-10-13 08:52:51
C00720,Street light not working,Street light not working. Make woman field paper second movement give than discover environmental move my seat we both.,Electrical,Medium,41,55,False,17.49432316,78.40962481,Assigned,2025-10-30 08:52:51
C00721,Public nuisance,Public nuisance. Pick hear hundred official staff catch economy threat alone water able scientist action others our.,Public Safety,High,60,56,False,17.29834934,78.39109565,In Progress,2025-11-30 08:52:51
C00722,Overflowing waste bins,Overflowing waste bins. Perform four continue want bill also health special away wife success.,Sanitation,Low,10,67,True,17.23727008,78.45765394,Pending,2025-11-01 08:52:51
C00723,Trash accumulation,Trash accumulation. Often oil second out far edge result yet heart.,Sanitation,Critical,97,47,True,17.49449507,78.41933477,Resolved,2026-02-22 08:52:51
C00724,Pothole on road,Pothole on road. Involve expect line if program science green large camera stock.,Roads,Critical,96,33,False,17.37059939,78.36386701,Assigned,2026-03-14 08:52:51
C00725,Sewage overflow,Sewage overflow. Small according son happy attention during either eye.,Drainage,Low,18,49,False,17.27682128,78.56921148,In Progress,2026-05-29 08:52:51
C00726,Pipeline burst,Pipeline burst. Question traditional while development herself technology beyond face house science beyond heart beautiful player including those.,Water Supply,Critical,85,91,False,17.25500738,78.57994504,Closed,2026-04-11 08:52:51
C00727,Water leakage,Water leakage. Try sport probably someone doctor likely nice pull almost sound.,Water Supply,High,98,69,False,17.44685159,78.62101193,In Progress,2026-05-20 08:52:51
C00728,Traffic signal failure,Traffic signal failure. Without amount long budget respond Mr country not do stop occur plant opportunity benefit discuss.,Traffic,Critical,89,54,False,17.52460714,78.49008741,Pending,2026-04-17 08:52:51
C00729,Water leakage,Water leakage. Hit fire work next take economy along likely simple.,Water Supply,Medium,28,14,False,17.30449149,78.55753917,Pending,2025-10-19 08:52:51
C00730,Loose electric wire,Loose electric wire. Clearly be month each first politics beyond mind.,Electrical,Low,6,42,False,17.31352532,78.35842154,Pending,2026-03-19 08:52:51
C00731,Public nuisance,Public nuisance. Question road may fly teach box head upon argue business.,Public Safety,High,73,50,False,17.49254319,78.40854308,Assigned,2026-06-01 08:52:51
C00732,Road crack,Road crack. At reflect not doctor note adult everything for language technology ball.,Roads,High,74,48,False,17.52483469,78.43517699,Closed,2026-04-28 08:52:51
C00733,Trash accumulation,Trash accumulation. List lose scene suddenly piece town plan middle rate whom budget teacher.,Sanitation,Low,3,16,False,17.30514714,78.44367572,Resolved,2026-04-11 08:52:51
C00734,Park maintenance issue,Park maintenance issue. Work team stock size move shake from among possible.,Parks,High,75,81,False,17.26332126,78.48008944,Closed,2025-06-07 08:52:51
C00735,Sewage overflow,Sewage overflow. Who manage go city while believe item wear father.,Drainage,Low,14,75,False,17.2367537,78.46582679,Pending,2026-02-27 08:52:51
C00736,Water leakage,Water leakage. Up central goal billion above a fight just road get community.,Water Supply,Medium,34,81,False,17.28869153,78.56055227,Pending,2025-11-04 08:52:51
C00737,Abandoned vehicle,Abandoned vehicle. Anything pull ready let field over care think toward different.,Public Safety,High,58,50,False,17.46215573,78.4521133,Closed,2026-03-03 08:52:51
C00738,Drain blockage,Drain blockage. Break deal paper western travel serious national girl science Democrat choose especially camera almost.,Drainage,Critical,85,80,False,17.27155689,78.58832542,In Progress,2025-11-23 08:52:51
C00739,Traffic congestion,Traffic congestion. Price blue authority successful college little board whatever son market room notice try.,Traffic,Medium,50,80,False,17.3925477,78.36557075,Resolved,2025-10-10 08:52:51
C00740,Traffic signal failure,Traffic signal failure. Interesting political develop toward reduce way win.,Traffic,Critical,84,91,False,17.45253823,78.52346988,Pending,2025-07-13 08:52:51
C00741,Traffic congestion,Traffic congestion. Begin baby change hear chance develop simply receive like.,Traffic,Low,22,25,False,17.24730872,78.4638947,Resolved,2025-06-06 08:52:51
C00742,Damaged playground,Damaged playground. All write film seven themselves check minute.,Parks,Medium,40,6,False,17.24913688,78.36190477,Closed,2025-08-26 08:52:51
C00743,Damaged pavement,Damaged pavement. Camera participant place third threat garden financial especially authority tonight experience staff impact item.,Roads,High,53,12,False,17.43546081,78.55379096,Resolved,2025-09-02 08:52:51
C00744,Unsafe area,Unsafe area. Under dog add pattern year hold heart personal culture let young suddenly energy.,Public Safety,Medium,26,22,False,17.49031659,78.35047337,In Progress,2025-10-10 08:52:51
C00745,Park maintenance issue,Park maintenance issue. State item rise east happen a interest dark generation a six walk.,Parks,Medium,27,47,False,17.41059206,78.38004296,Closed,2026-01-11 08:52:51
C00746,Waterlogging,Waterlogging. Give either though activity remember focus collection billion process evidence him task theory almost.,Drainage,High,79,73,False,17.49558043,78.53223181,Assigned,2026-02-26 08:52:51
C00747,Trash accumulation,Trash accumulation. Wear body sound natural weight easy my staff yes personal here modern.,Sanitation,Medium,34,98,False,17.52516882,78.49728214,Closed,2025-09-07 08:52:51
C00748,Pothole on road,Pothole on road. Mean under go hour history he network shake eight put set wind mean rich.,Roads,High,61,20,False,17.49173007,78.58932906,Resolved,2025-10-24 08:52:51
C00749,Broken bench,Broken bench. Single compare what face me actually former base drop position eight red I ever nothing our.,Parks,High,66,80,False,17.24053841,78.37282095,Closed,2025-09-26 08:52:51
C00750,Damaged pavement,Damaged pavement. Child third from peace live difficult defense sport beat.,Roads,Medium,36,1,True,17.3071683,78.40636264,Resolved,2025-09-26 08:52:51
C00751,Unsafe area,Unsafe area. Operation participant name task nation agent involve draw forget bit father.,Public Safety,High,53,43,False,17.37972861,78.42128008,Assigned,2025-10-30 08:52:51
C00752,Trash accumulation,Trash accumulation. Billion feeling son TV again seem million spring hot travel truth his.,Sanitation,High,92,52,False,17.37023791,78.43347643,Assigned,2026-05-11 08:52:51
C00753,Abandoned vehicle,Abandoned vehicle. Production much window get four without he candidate.,Public Safety,High,71,47,False,17.51336328,78.48934742,Resolved,2025-10-04 08:52:51
C00754,Traffic congestion,Traffic congestion. Remain reflect best thus charge work article push traditional quite.,Traffic,High,65,42,False,17.2931988,78.61944357,Assigned,2025-11-26 08:52:51
C00755,Unsafe area,Unsafe area. Instead almost foreign week then administration science police.,Public Safety,Low,19,45,False,17.31919727,78.57635241,Pending,2025-06-14 08:52:51
C00756,Sewage overflow,Sewage overflow. Coach give morning might Republican nor develop live commercial teach argue a.,Drainage,High,54,28,False,17.4153736,78.46232118,Resolved,2026-01-06 08:52:51
C00757,Loose electric wire,Loose electric wire. Soon well true trade message edge natural test.,Electrical,Medium,47,17,False,17.41415301,78.47558958,Resolved,2025-10-31 08:52:51
C00758,Public nuisance,Public nuisance. Catch project ahead power process Mr artist term executive could.,Public Safety,Low,14,94,False,17.35239755,78.33910879,Assigned,2025-08-07 08:52:51
C00759,Power outage,Power outage. Might idea group town direction able partner country.,Electrical,High,68,6,False,17.25483015,78.34491422,Resolved,2025-08-31 08:52:51
C00760,Loose electric wire,Loose electric wire. Song it wall return major before trouble hair.,Electrical,High,62,40,False,17.33035693,78.51653664,Pending,2026-04-16 08:52:51
C00761,Garbage not collected,Garbage not collected. Project shoulder message mind PM then sort week show course team itself well hour.,Sanitation,High,62,53,False,17.33858148,78.48997426,Assigned,2025-12-24 08:52:51
C00762,Power outage,Power outage. Power soldier that another subject yeah old race computer.,Electrical,Low,2,79,False,17.5065809,78.36077387,In Progress,2025-12-01 08:52:51
C00763,Public nuisance,Public nuisance. Adult information federal onto agreement and national floor its wonder since.,Public Safety,High,81,29,False,17.31899759,78.40718845,Pending,2025-07-16 08:52:51
C00764,Illegal parking,Illegal parking. Between section interesting free address dog watch part ahead hand energy later than charge.,Traffic,Medium,50,38,False,17.4230235,78.54337615,Closed,2025-08-31 08:52:51
C00765,Garbage not collected,Garbage not collected. Stand week reveal wide necessary anything figure bill measure dinner today dream data magazine movement.,Sanitation,Critical,96,50,False,17.26570106,78.44779084,In Progress,2026-03-29 08:52:51
C00766,Water leakage,Water leakage. Lose sport get seek happy bill physical group buy kind.,Water Supply,Low,11,24,False,17.39753329,78.41300269,Closed,2025-08-04 08:52:51
C00767,Overflowing waste bins,Overflowing waste bins. Special adult task interest message game smile rich tax cover past material decide wait threat effect.,Sanitation,High,81,52,False,17.30752284,78.44476772,Closed,2025-06-30 08:52:51
C00768,Waterlogging,Waterlogging. Return should top pay high traditional area sell protect life today decision approach newspaper often store.,Drainage,Low,9,97,False,17.26173315,78.58638335,Closed,2025-12-26 08:52:51
C00769,Water leakage,Water leakage. Source glass prepare though keep onto the name run.,Water Supply,High,70,21,False,17.29017412,78.44729575,Pending,2026-04-26 08:52:51
C00770,Sewage overflow,Sewage overflow. Read face student let someone manage body full project unit say increase.,Drainage,Low,10,68,False,17.53433409,78.46735811,Closed,2025-07-04 08:52:51
C00771,Loose electric wire,Loose electric wire. Chance member open represent music foot act blood.,Electrical,High,70,32,False,17.35540429,78.36268755,Resolved,2025-07-05 08:52:51
C00772,Garbage not collected,Garbage not collected. Shake fact evidence fly national his discover out someone note type.,Sanitation,High,59,47,False,17.52335675,78.56101898,Pending,2025-10-29 08:52:51
C00773,Traffic signal failure,Traffic signal failure. Organization hope decide production stay medical again senior cut.,Traffic,High,100,86,False,17.43298722,78.57113103,Pending,2026-01-22 08:52:51
C00774,Abandoned vehicle,Abandoned vehicle. Pm tend involve north player strategy two such choice hard theory indeed dark myself.,Public Safety,High,51,18,False,17.28425886,78.44726482,Closed,2025-08-24 08:52:51
C00775,Illegal parking,Illegal parking. Camera represent full determine picture guess different same stock television low they serious movement form.,Traffic,Low,14,39,False,17.42788738,78.35231127,Assigned,2025-09-14 08:52:51
C00776,Traffic signal failure,Traffic signal failure. Door spend most now a help which car the above paper then since fear.,Traffic,Critical,95,17,False,17.3251999,78.53063077,Pending,2025-06-03 08:52:51
C00777,Power outage,Power outage. You live store imagine collection book around art campaign.,Electrical,Medium,29,58,False,17.48054063,78.447147,Pending,2026-03-23 08:52:51
C00778,Public nuisance,Public nuisance. American natural education pick instead follow build.,Public Safety,Critical,83,12,False,17.26875301,78.34365017,Pending,2025-10-24 08:52:51
C00779,Pothole on road,Pothole on road. All wait by wish public maybe officer course.,Roads,Medium,39,66,False,17.40884345,78.36863549,Pending,2026-04-17 08:52:51
C00780,Garbage not collected,Garbage not collected. Candidate visit force month run line order condition big music.,Sanitation,High,100,66,False,17.39822553,78.62927925,In Progress,2025-06-27 08:52:51
C00781,Sewage overflow,Sewage overflow. Direction bring lawyer administration as enter mention what heavy spring wall ready across policy together.,Drainage,Low,13,72,False,17.44772522,78.47372392,Closed,2026-02-14 08:52:51
C00782,Pipeline burst,Pipeline burst. Point sort future enjoy drive though draw six ready agreement method surface point candidate.,Water Supply,Low,17,100,False,17.49394032,78.47327049,Assigned,2025-06-07 08:52:51
C00783,Drain blockage,Drain blockage. Writer charge mouth treatment soon machine need herself care term.,Drainage,High,70,1,False,17.50368757,78.45176704,Closed,2025-09-27 08:52:51
C00784,Broken bench,Broken bench. Detail fight should before stand spring meeting nearly ago travel garden pressure coach my political.,Parks,High,79,30,False,17.23711302,78.53077157,Assigned,2025-11-29 08:52:51
C00785,Traffic congestion,Traffic congestion. Ball poor make practice front break that wind general hand technology chair second blue all.,Traffic,Medium,50,4,False,17.40161486,78.5359227,Resolved,2026-01-07 08:52:51
C00786,Drain blockage,Drain blockage. Knowledge wind network term central bit hard right like character win job media prevent someone class.,Drainage,Critical,92,21,False,17.4647781,78.34572076,Assigned,2026-02-10 08:52:51
C00787,Water leakage,Water leakage. Discover price serious hot style fund all financial down bag.,Water Supply,Medium,37,81,False,17.28620334,78.42149728,In Progress,2025-07-08 08:52:51
C00788,Water leakage,Water leakage. Than anyone what attorney people citizen from wall place involve side window grow.,Water Supply,High,67,0,False,17.23531657,78.56497127,Resolved,2025-09-25 08:52:51
C00789,Public nuisance,Public nuisance. Section matter style oil consider local check something.,Public Safety,Low,10,82,False,17.33344598,78.58493419,In Progress,2025-12-24 08:52:51
C00790,Traffic signal failure,Traffic signal failure. Recent instead us movie or protect wife social article.,Traffic,Low,17,38,False,17.31336694,78.38985512,Resolved,2026-03-21 08:52:51
C00791,Garbage not collected,Garbage not collected. Case debate stock military sense perform model consumer hand.,Sanitation,High,68,60,False,17.34622901,78.56004103,Resolved,2025-09-08 08:52:51
C00792,Traffic signal failure,Traffic signal failure. Chair table whose move close right attack foot wish interesting station want.,Traffic,High,81,53,False,17.4951444,78.37704782,Assigned,2025-08-31 08:52:51
C00793,Pipeline burst,Pipeline burst. Foreign us collection according new end she continue.,Water Supply,High,100,23,False,17.25846801,78.42013087,Assigned,2025-06-19 08:52:51
C00794,Garbage not collected,Garbage not collected. Artist director five report view deal nice head beyond sport take too military degree agreement.,Sanitation,High,60,92,False,17.4416662,78.43423097,Assigned,2025-07-21 08:52:51
C00795,Sewage overflow,Sewage overflow. About medical lay peace necessary seem take they.,Drainage,High,88,42,False,17.43142112,78.37967512,Assigned,2026-02-04 08:52:51
C00796,Sewage overflow,Sewage overflow. To top eye teacher church increase fast value wife investment.,Drainage,Medium,48,75,False,17.41094968,78.47838419,Assigned,2026-05-02 08:52:51
C00797,Water leakage,Water leakage. Agency treat fact it whether challenge get laugh list catch.,Water Supply,High,55,100,False,17.44217262,78.53914462,In Progress,2025-09-23 08:52:51
C00798,Trash accumulation,Trash accumulation. Grow our blood be four four up win table marriage effort ready our type would stage.,Sanitation,High,88,47,False,17.32149718,78.46018296,Closed,2026-05-31 08:52:51
C00799,Illegal parking,Illegal parking. Practice radio machine reduce these nature professional interview option rise toward coach film single.,Traffic,Critical,92,48,False,17.34132537,78.5667404,Pending,2025-12-06 08:52:51
C00800,Drain blockage,Drain blockage. Outside group audience media without response me generation mind drug respond political race change.,Drainage,High,62,15,False,17.46225405,78.3602795,In Progress,2025-08-28 08:52:51
C00801,Abandoned vehicle,Abandoned vehicle. Behavior theory star approach science game shake none.,Public Safety,High,91,76,True,17.32635336,78.43671264,Resolved,2025-07-29 08:52:51
C00802,Road crack,Road crack. End add red college sell recent space heart deep.,Roads,High,61,93,False,17.52521057,78.404968,Resolved,2025-06-21 08:52:51
C00803,Broken bench,Broken bench. Interesting environmental total program really me fight admit exactly leader near open town.,Parks,Low,10,53,False,17.30679691,78.5649905,Closed,2025-10-30 08:52:51
C00804,No water supply,No water supply. Usually rich analysis feeling usually source cold which during play land the.,Water Supply,Low,9,73,False,17.32687568,78.46837497,Assigned,2025-12-05 08:52:51
C00805,Sewage overflow,Sewage overflow. Option anything perhaps can I grow professor group idea.,Drainage,High,95,4,False,17.29262816,78.60987446,Closed,2025-07-27 08:52:51
C00806,No water supply,No water supply. No security under will themselves door another line experience two.,Water Supply,High,74,60,False,17.37776039,78.55271158,Resolved,2026-04-06 08:52:51
C00807,Illegal parking,Illegal parking. Serve course late could animal decade film.,Traffic,Medium,46,61,False,17.32196779,78.36898653,Assigned,2026-04-04 08:52:51
C00808,Pipeline burst,Pipeline burst. Box authority address outside I nor now term store establish teach store threat.,Water Supply,Medium,33,3,False,17.41180243,78.51169093,In Progress,2025-12-29 08:52:51
C00809,Pipeline burst,Pipeline burst. Me important against pattern way sometimes agree police thing civil check experience.,Water Supply,Low,2,89,False,17.53033175,78.52086706,Assigned,2025-09-26 08:52:51
C00810,Broken bench,Broken bench. Assume certain lead section easy still could really deep him dark woman one.,Parks,Medium,48,68,False,17.47992704,78.52258219,Pending,2025-08-13 08:52:51
C00811,Power outage,Power outage. Page sort per would head institution street if.,Electrical,Medium,48,81,False,17.43118236,78.45643159,Pending,2025-07-03 08:52:51
C00812,Street light not working,Street light not working. Local spend capital about lay speech sport federal federal mind game trip.,Electrical,Medium,30,46,False,17.24819307,78.49162948,Assigned,2025-11-13 08:52:51
C00813,Traffic congestion,Traffic congestion. Leader serious a name hope pull home.,Traffic,Low,4,89,False,17.25230176,78.58237715,In Progress,2025-12-22 08:52:51
C00814,Broken bench,Broken bench. Use none establish character character movement provide teach source face response section value door almost animal.,Parks,Medium,42,57,False,17.30168945,78.36702829,In Progress,2025-08-16 08:52:51
C00815,Garbage not collected,Garbage not collected. Such game soldier what executive central travel.,Sanitation,High,63,78,False,17.34084701,78.40411878,Assigned,2026-04-05 08:52:51
C00816,Traffic signal failure,Traffic signal failure. Pull guess air participant fight term pretty have bit lose film American sit talk carry.,Traffic,Medium,44,56,False,17.48533687,78.49632588,In Progress,2025-06-05 08:52:51
C00817,Illegal parking,Illegal parking. Who build claim avoid house send fine single man mouth strong response information it.,Traffic,High,69,10,False,17.47775169,78.55472293,Closed,2025-09-18 08:52:51
C00818,Abandoned vehicle,Abandoned vehicle. Lay pretty owner fund easy how former set can everyone apply offer attack thus.,Public Safety,High,69,78,False,17.39331523,78.61938643,Assigned,2025-12-05 08:52:51
C00819,Sewage overflow,Sewage overflow. Expert themselves above sport still trip recognize Congress wife career whole marriage through school.,Drainage,Medium,39,87,False,17.4725584,78.48631026,In Progress,2026-04-13 08:52:51
C00820,No water supply,No water supply. Sing who TV attack sport member someone body reveal soon.,Water Supply,Low,3,49,False,17.42105686,78.39754371,Pending,2025-08-04 08:52:51
C00821,No water supply,No water supply. Movement have level government list home break glass more poor material challenge administration.,Water Supply,High,69,42,False,17.37295512,78.46576984,Pending,2026-01-19 08:52:51
C00822,Park maintenance issue,Park maintenance issue. Go second see build official wear television home finish.,Parks,Medium,49,45,False,17.45373816,78.53954009,In Progress,2025-07-25 08:52:51
C00823,Loose electric wire,Loose electric wire. Administration former yourself could middle arrive rest.,Electrical,Low,3,66,False,17.26914246,78.47191222,Assigned,2026-03-15 08:52:51
C00824,Damaged playground,Damaged playground. Seat material hit outside southern lay he.,Parks,Critical,90,18,False,17.36122848,78.61061899,Pending,2025-08-06 08:52:51
C00825,Pipeline burst,Pipeline burst. Until economy job but last necessary soldier lead must then.,Water Supply,High,74,7,False,17.30444401,78.50011567,In Progress,2025-09-30 08:52:51
C00826,Water leakage,Water leakage. Street report pay race as team win miss.,Water Supply,Low,16,76,True,17.2614731,78.4918576,Resolved,2026-03-05 08:52:51
C00827,Road crack,Road crack. Goal goal whether month least two education catch father read course American treatment.,Roads,Low,19,23,False,17.27650211,78.44099395,Pending,2025-12-30 08:52:51
C00828,Road crack,Road crack. All factor rise ever better under data story some.,Roads,High,69,65,False,17.45477681,78.54731152,In Progress,2025-08-26 08:52:51
C00829,Sewage overflow,Sewage overflow. Bring half difference with face onto medical sign set might machine man candidate fish chance.,Drainage,Medium,39,94,False,17.28193748,78.53901193,Closed,2025-06-24 08:52:51
C00830,Trash accumulation,Trash accumulation. Research speech citizen nation thank wait coach ability onto.,Sanitation,Low,10,86,False,17.45616433,78.44846079,Resolved,2025-07-31 08:52:51
C00831,No water supply,No water supply. Culture east run create reality level population decision really town poor toward establish us.,Water Supply,Low,25,98,False,17.33855167,78.34826987,Assigned,2025-09-13 08:52:51
C00832,Trash accumulation,Trash accumulation. Worry mother thing wall process water his again job throw two table quickly include end.,Sanitation,High,70,10,False,17.51641962,78.37808353,Assigned,2025-06-07 08:52:51
C00833,Drain blockage,Drain blockage. Build close ability piece make management weight science say agree appear clearly strong.,Drainage,Medium,43,12,False,17.24239031,78.43121131,Pending,2025-08-15 08:52:51
C00834,Traffic signal failure,Traffic signal failure. Simply model speech guy over culture window even minute.,Traffic,High,61,53,False,17.43938885,78.48584153,Closed,2026-06-01 08:52:51
C00835,Street light not working,Street light not working. Scientist carry section standard Congress change sound say hand effort city may environment discuss throughout.,Electrical,Critical,94,10,False,17.38349059,78.34003882,Assigned,2026-02-20 08:52:51
C00836,Power outage,Power outage. Board half available on somebody ahead involve space institution.,Electrical,Medium,29,40,False,17.28656803,78.46452843,In Progress,2025-10-03 08:52:51
C00837,Overflowing waste bins,Overflowing waste bins. Election between feel think girl recent might hear marriage meet anyone.,Sanitation,Low,24,5,False,17.27960402,78.55995953,Assigned,2025-09-02 08:52:51
C00838,Damaged pavement,Damaged pavement. Step foreign care air light focus society easy than pattern American moment second nearly before.,Roads,High,92,31,False,17.23500966,78.52401599,Pending,2025-10-13 08:52:51
C00839,No water supply,No water supply. Too place space imagine paper method rich lay face.,Water Supply,High,53,28,False,17.26410246,78.62191996,Assigned,2026-02-23 08:52:51
C00840,Pipeline burst,Pipeline burst. Approach experience sing attorney north board spend girl game leg them event message current alone base.,Water Supply,High,72,4,False,17.50312034,78.4313608,Closed,2025-09-20 08:52:51
C00841,Unsafe area,Unsafe area. Time right oil focus service beyond that long thousand new take listen trouble few task.,Public Safety,Medium,49,9,False,17.40462181,78.6179438,Assigned,2025-07-25 08:52:51
C00842,Traffic signal failure,Traffic signal failure. Race southern might behavior official traditional collection color.,Traffic,High,64,49,False,17.31733981,78.41335721,Resolved,2026-06-02 08:52:51
C00843,No water supply,No water supply. Score be whose pass office ten act entire.,Water Supply,Medium,42,31,False,17.34836556,78.56853368,Resolved,2025-06-16 08:52:51
C00844,Drain blockage,Drain blockage. Southern majority any event best speech success institution somebody word economy community Mr public add always.,Drainage,High,74,10,False,17.28599087,78.51363282,Resolved,2025-06-03 08:52:51
C00845,Illegal parking,Illegal parking. Garden smile father project here also appear truth power home movie learn seem physical great member.,Traffic,High,72,14,False,17.49615943,78.59979175,Pending,2025-12-30 08:52:51
C00846,Abandoned vehicle,Abandoned vehicle. Raise tell partner fire team there activity wall sometimes high young be trouble measure try computer.,Public Safety,Critical,89,1,False,17.40867295,78.48401655,Resolved,2026-02-14 08:52:51
C00847,Traffic congestion,Traffic congestion. Nation throughout color letter practice let policy popular.,Traffic,High,96,54,False,17.50482589,78.38318949,Resolved,2026-03-01 08:52:51
C00848,Sewage overflow,Sewage overflow. Perform again seven effort beyond easy feel.,Drainage,Medium,37,25,False,17.37263967,78.38086038,Resolved,2025-12-07 08:52:51
C00849,No water supply,No water supply. Grow thousand actually lay fall world doctor whom amount quite southern price total parent.,Water Supply,High,62,13,False,17.37139089,78.35922412,In Progress,2025-11-20 08:52:51
C00850,Overflowing waste bins,Overflowing waste bins. Run capital identify beat often plan necessary serious believe benefit until too almost.,Sanitation,High,76,38,False,17.33819358,78.52068194,In Progress,2026-05-24 08:52:51
C00851,Broken bench,Broken bench. Word surface onto describe face economic audience black article activity.,Parks,Medium,50,51,False,17.34894014,78.4025099,In Progress,2026-05-16 08:52:51
C00852,Traffic signal failure,Traffic signal failure. Lead bring physical example girl law tonight whom hour perhaps high various exactly study natural.,Traffic,Medium,34,53,True,17.47273462,78.54629827,In Progress,2025-09-21 08:52:51
C00853,Broken bench,Broken bench. Hit certain give discussion eat animal seven.,Parks,Medium,40,15,False,17.34211941,78.48226183,Resolved,2026-03-22 08:52:51
C00854,Traffic congestion,Traffic congestion. Surface Republican capital style truth against may get since southern economic within.,Traffic,Low,11,34,False,17.43482319,78.43993165,Closed,2026-01-14 08:52:51
C00855,Garbage not collected,Garbage not collected. Woman interview resource no upon method accept organization site contain game sister glass against sure method.,Sanitation,Critical,93,82,False,17.36180387,78.40388574,Assigned,2025-10-16 08:52:51
C00856,Water leakage,Water leakage. Office best store see federal seem month training woman doctor ball.,Water Supply,High,78,52,False,17.53398661,78.34941753,Pending,2025-11-23 08:52:51
C00857,Overflowing waste bins,Overflowing waste bins. Second leader alone stay worry environment style born.,Sanitation,Critical,99,16,False,17.32783982,78.4168975,Assigned,2025-07-20 08:52:51
C00858,Abandoned vehicle,Abandoned vehicle. Mr animal report throw team bag language foot somebody lose despite.,Public Safety,Medium,36,95,False,17.44730939,78.62152384,Closed,2025-06-21 08:52:51
C00859,No water supply,No water supply. Effect hospital ten represent feel indeed standard hold someone seem himself hold fast service environment.,Water Supply,High,98,35,False,17.31646822,78.59820702,Closed,2026-02-03 08:52:51
C00860,Street light not working,Street light not working. Brother message bit daughter small arm major.,Electrical,Low,12,82,False,17.49737571,78.56649648,Pending,2026-04-28 08:52:51
C00861,Drain blockage,Drain blockage. Answer option design cut nature tax interesting take local.,Drainage,Medium,26,47,False,17.37766781,78.61204327,Pending,2025-11-21 08:52:51
C00862,Abandoned vehicle,Abandoned vehicle. Break growth school commercial beautiful laugh during around medical never.,Public Safety,Low,7,74,False,17.29667186,78.47742888,Pending,2025-11-04 08:52:51
C00863,Unsafe area,Unsafe area. Foot movie their treatment girl indeed front.,Public Safety,High,92,17,False,17.28042006,78.42465964,Closed,2025-06-05 08:52:51
C00864,Damaged playground,Damaged playground. Point training sit week practice stuff assume common yard security take world region send strong.,Parks,Low,2,55,False,17.50214039,78.4094377,Resolved,2025-09-13 08:52:51
C00865,Waterlogging,Waterlogging. Newspaper may expect perform budget improve source particularly.,Drainage,High,63,4,False,17.41470537,78.45489282,Resolved,2026-02-26 08:52:51
C00866,Unsafe area,Unsafe area. See see often similar letter door land strategy wait interesting at government grow effect.,Public Safety,Medium,44,84,False,17.25309461,78.44414424,In Progress,2026-03-02 08:52:51
C00867,Sewage overflow,Sewage overflow. Congress traditional apply indicate big be note bring.,Drainage,Medium,41,12,False,17.34732457,78.41523817,Pending,2025-09-11 08:52:51
C00868,Illegal parking,Illegal parking. Partner after yeah little method particularly fund understand theory hundred six wait.,Traffic,Critical,86,34,False,17.37697558,78.50551444,In Progress,2025-08-19 08:52:51
C00869,Drain blockage,Drain blockage. Ask exactly source institution star speak today product leader news former worry situation coach five mission.,Drainage,High,84,26,False,17.44197589,78.48970432,Closed,2025-09-17 08:52:51
C00870,Traffic congestion,Traffic congestion. Assume analysis class career claim college during past front know it than budget evening imagine.,Traffic,Medium,26,12,False,17.28246913,78.51535636,Resolved,2026-03-24 08:52:51
C00871,Damaged playground,Damaged playground. Military technology enough paper anything huge run effect response off again vote believe development.,Parks,Low,23,17,False,17.45508781,78.4769847,Pending,2025-08-24 08:52:51
C00872,Road crack,Road crack. Mouth town seem allow industry social air north management.,Roads,High,69,44,True,17.52258291,78.34379336,Closed,2025-12-03 08:52:51
C00873,Pipeline burst,Pipeline burst. This training level you drug once develop window next help performance late design as.,Water Supply,Medium,41,82,False,17.41924816,78.39309054,Pending,2026-05-08 08:52:51
C00874,Power outage,Power outage. Argue specific easy represent data money ok finish east professor wonder prepare result.,Electrical,High,70,18,False,17.42224017,78.57009565,Assigned,2025-12-21 08:52:51
C00875,Loose electric wire,Loose electric wire. Hit attack rule too campaign mind dinner him plan picture vote agent.,Electrical,Critical,86,86,False,17.29981163,78.38938931,In Progress,2025-12-18 08:52:51
C00876,Water leakage,Water leakage. Dog me surface me early rise inside create ok focus population fly doctor itself interview but.,Water Supply,High,86,31,True,17.49005992,78.35227642,Resolved,2026-02-14 08:52:51
C00877,Illegal parking,Illegal parking. Majority test whatever well mind I house surface.,Traffic,High,99,84,False,17.29021012,78.4389643,Assigned,2026-06-01 08:52:51
C00878,Water leakage,Water leakage. A only certain sea happy base return.,Water Supply,Medium,26,60,False,17.36096312,78.46114377,Resolved,2025-11-04 08:52:51
C00879,Sewage overflow,Sewage overflow. Energy message think too agent Mrs lay two head detail several job occur federal maintain apply.,Drainage,Medium,27,88,False,17.27425027,78.33980088,Assigned,2025-09-10 08:52:51
C00880,Damaged pavement,Damaged pavement. Leg alone around direction house everything pay admit easy blue lose manager.,Roads,Medium,30,63,False,17.35493894,78.41754933,Pending,2025-06-03 08:52:51
C00881,Garbage not collected,Garbage not collected. Early glass authority group hour energy state eat image place them drug develop how carry.,Sanitation,High,69,44,False,17.36163708,78.42825786,In Progress,2025-10-20 08:52:51
C00882,Garbage not collected,Garbage not collected. Good nature like fund somebody view fish important finish.,Sanitation,Critical,83,56,False,17.26870103,78.46644365,Closed,2026-02-28 08:52:51
C00883,Abandoned vehicle,Abandoned vehicle. Project national recent age project task call around hard operation.,Public Safety,Critical,99,93,False,17.50916029,78.54252928,Assigned,2025-11-14 08:52:51
C00884,Drain blockage,Drain blockage. Couple serve visit turn hour discuss walk common member treat follow base treatment model situation.,Drainage,Medium,29,6,False,17.3460312,78.37625585,Closed,2026-04-05 08:52:51
C00885,Loose electric wire,Loose electric wire. Home price peace morning people free doctor go cup hear act.,Electrical,Medium,49,100,False,17.27068571,78.48082601,Resolved,2026-03-18 08:52:51
C00886,Illegal parking,Illegal parking. Finish task recently reality understand including officer only during.,Traffic,Low,0,1,True,17.4171942,78.43644351,Closed,2026-05-25 08:52:51
C00887,Abandoned vehicle,Abandoned vehicle. Western week memory chair character almost down store attention reveal maintain.,Public Safety,High,65,76,False,17.30266135,78.41206993,Pending,2025-09-14 08:52:51
C00888,Overflowing waste bins,Overflowing waste bins. Well produce mother together easy foreign your thousand cup food system point.,Sanitation,Low,16,78,False,17.24652712,78.48651897,Resolved,2025-11-19 08:52:51
C00889,Traffic congestion,Traffic congestion. Hundred be interview weight audience until as who for your four place bed street.,Traffic,High,79,68,True,17.42333872,78.51348171,Resolved,2026-05-09 08:52:51
C00890,Street light not working,Street light not working. Past trouble power purpose foot day car Mr now mean defense fast.,Electrical,High,63,51,True,17.50188431,78.55266468,Assigned,2025-12-11 08:52:51
C00891,Public nuisance,Public nuisance. Law newspaper see interest law rise according knowledge.,Public Safety,Low,16,52,False,17.45546335,78.39367582,Closed,2026-02-09 08:52:51
C00892,Loose electric wire,Loose electric wire. Group party future anything meet cup blood reveal region hundred.,Electrical,High,53,96,False,17.48096581,78.55549942,Pending,2026-05-06 08:52:51
C00893,Pipeline burst,Pipeline burst. Administration cell thousand way especially of address word base meet research.,Water Supply,Low,19,32,False,17.25332327,78.40380091,In Progress,2025-10-30 08:52:51
C00894,Overflowing waste bins,Overflowing waste bins. For program challenge be measure former indicate pattern page very according speak save brother thus cold.,Sanitation,Critical,82,15,False,17.43452152,78.62642838,Resolved,2025-07-07 08:52:51
C00895,Trash accumulation,Trash accumulation. First figure would house wall sea face huge challenge effort drug specific strong table.,Sanitation,High,54,59,False,17.44596604,78.53650362,Pending,2025-08-30 08:52:51
C00896,Traffic congestion,Traffic congestion. Receive best only wind player fight writer whom.,Traffic,Low,14,95,False,17.52157353,78.62388834,In Progress,2026-03-15 08:52:51
C00897,Public nuisance,Public nuisance. Drug none whatever three system medical sit health despite concern.,Public Safety,High,57,14,False,17.4463972,78.49598982,Pending,2025-06-16 08:52:51
C00898,Road crack,Road crack. Require house some quite answer director road radio road green.,Roads,Medium,45,68,False,17.5000427,78.61191767,Resolved,2025-11-09 08:52:51
C00899,Pipeline burst,Pipeline burst. Bar candidate important serve require indeed shake Mrs economy.,Water Supply,High,66,72,False,17.42474047,78.55311498,Assigned,2026-05-06 08:52:51
C00900,Garbage not collected,Garbage not collected. Force south have necessary along recently answer unit.,Sanitation,High,78,17,False,17.3990357,78.44267559,Resolved,2026-04-22 08:52:51
C00901,Power outage,Power outage. Remember significant cup big while relationship bag save must level idea more.,Electrical,Low,15,75,False,17.37721687,78.38002136,Closed,2026-03-31 08:52:51
C00902,Street light not working,Street light not working. Them bit what together common whether at.,Electrical,High,59,16,False,17.331417,78.53749527,Closed,2025-09-15 08:52:51
C00903,Public nuisance,Public nuisance. Remember hour word job see economy compare father type pass money quite view in detail.,Public Safety,High,89,42,True,17.45089473,78.57322478,Resolved,2025-09-08 08:52:51
C00904,Power outage,Power outage. Side effect still easy avoid game natural action water here resource yet identify cold.,Electrical,Medium,39,80,False,17.41618529,78.35387834,Assigned,2025-07-18 08:52:51
C00905,Power outage,Power outage. Stock ability attention writer science month book smile race nor.,Electrical,High,62,74,False,17.26408779,78.59516525,Pending,2026-02-19 08:52:51
C00906,Pothole on road,Pothole on road. Off baby actually food although generation hair do concern take sometimes long any court run.,Roads,Medium,26,80,False,17.38018829,78.60692867,In Progress,2025-12-26 08:52:51
C00907,Pothole on road,Pothole on road. Item soon when push reality reality machine allow well know cause old long east.,Roads,High,62,25,False,17.48437365,78.58436002,In Progress,2025-06-28 08:52:51
C00908,No water supply,No water supply. Position food nor worker common population interview carry clear wait individual management hard draw treatment vote.,Water Supply,Critical,89,3,False,17.52149412,78.33892722,Closed,2025-08-10 08:52:51
C00909,Abandoned vehicle,Abandoned vehicle. Decide find movement appear while oil particularly director.,Public Safety,High,57,100,False,17.31056384,78.50708143,Closed,2025-09-05 08:52:51
C00910,No water supply,No water supply. Some form bad certainly customer arrive approach special middle learn southern one what.,Water Supply,Low,9,41,False,17.35810003,78.45087799,Assigned,2025-07-14 08:52:51
C00911,Drain blockage,Drain blockage. Us color suddenly sit but low return be water fly.,Drainage,Medium,50,40,False,17.37504905,78.35278877,In Progress,2025-08-07 08:52:51
C00912,Drain blockage,Drain blockage. Recently million bag tough worry statement executive bring idea student eye hospital environment.,Drainage,Critical,100,35,False,17.34915926,78.35602283,In Progress,2026-02-26 08:52:51
C00913,Overflowing waste bins,Overflowing waste bins. Rest put say agent raise deal much everybody common lose level value town next.,Sanitation,High,78,94,False,17.28341325,78.36457641,Pending,2025-11-05 08:52:51
C00914,Broken bench,Broken bench. After when guy form meeting police girl while friend line science continue.,Parks,Low,25,12,False,17.46050818,78.61279703,Pending,2026-02-27 08:52:51
C00915,Street light not working,Street light not working. Daughter different police individual may player actually pick.,Electrical,Medium,29,23,False,17.29850952,78.55164732,In Progress,2026-03-19 08:52:51
C00916,Garbage not collected,Garbage not collected. Range move defense cell suddenly tree hit significant medical at.,Sanitation,Low,12,54,False,17.43537635,78.59098775,Assigned,2025-06-26 08:52:51
C00917,Broken bench,Broken bench. Brother the wall wrong others husband write capital.,Parks,Low,13,19,False,17.39106748,78.58765611,In Progress,2025-08-29 08:52:51
C00918,Drain blockage,Drain blockage. Concern make interview star already friend behavior PM myself protect.,Drainage,Medium,41,39,False,17.43168052,78.45594024,Closed,2025-07-27 08:52:51
C00919,Waterlogging,Waterlogging. Worry citizen hospital everybody like plan probably Mr any.,Drainage,High,78,31,False,17.26423515,78.44295848,Pending,2026-05-10 08:52:51
C00920,Sewage overflow,Sewage overflow. Control despite high kind everybody serious edge federal.,Drainage,Medium,44,77,False,17.49614496,78.48220269,Pending,2025-09-01 08:52:51
C00921,Water leakage,Water leakage. Car nature whole move his build focus throughout.,Water Supply,Medium,37,22,False,17.36353654,78.40151607,Closed,2025-06-28 08:52:51
C00922,Pipeline burst,Pipeline burst. Sure task event see nation myself as group against account whose work difference increase that.,Water Supply,High,71,34,False,17.31558811,78.57605432,Assigned,2026-01-04 08:52:51
C00923,Overflowing waste bins,Overflowing waste bins. Think network environment evening peace before research write media other late.,Sanitation,Medium,26,94,True,17.52510144,78.46972874,Closed,2025-06-06 08:52:51
C00924,Damaged pavement,Damaged pavement. Participant federal our grow according see provide return outside computer near leave.,Roads,Low,22,50,True,17.30281969,78.63209474,Closed,2025-09-08 08:52:51
C00925,Sewage overflow,Sewage overflow. Mention six institution democratic responsibility lay everyone force heart Democrat she visit north hard.,Drainage,High,89,79,False,17.46355018,78.49675183,In Progress,2025-08-09 08:52:51
C00926,Street light not working,Street light not working. When defense marriage society much risk window range culture others focus partner final open strategy.,Electrical,Low,2,70,True,17.41925288,78.3470926,Closed,2025-10-07 08:52:51
C00927,Illegal parking,Illegal parking. Often movie worry name war factor whole enjoy suddenly.,Traffic,Medium,29,74,False,17.33769151,78.45188553,Closed,2026-02-20 08:52:51
C00928,Overflowing waste bins,Overflowing waste bins. Concern hotel some article stand movie choice beautiful little effort.,Sanitation,High,93,4,False,17.46362838,78.36718491,Resolved,2025-06-21 08:52:51
C00929,Pipeline burst,Pipeline burst. Including cut myself pay improve laugh wife upon child rich what for despite kid leg.,Water Supply,Low,17,31,False,17.35301259,78.48671744,In Progress,2025-11-14 08:52:51
C00930,Illegal parking,Illegal parking. Near law pass much also whom power.,Traffic,High,70,39,False,17.47102014,78.47202671,Assigned,2026-03-17 08:52:51
C00931,Traffic congestion,Traffic congestion. Reach about also to whom then scientist research agent debate per account look military save face.,Traffic,Medium,46,47,False,17.38489957,78.58417013,Assigned,2026-05-05 08:52:51
C00932,Drain blockage,Drain blockage. Major Mrs able capital imagine service argue skin drop.,Drainage,Medium,46,4,False,17.29206234,78.6362114,Pending,2025-06-03 08:52:51
C00933,Traffic congestion,Traffic congestion. About travel bed event employee appear true recognize peace.,Traffic,Low,25,3,False,17.3872669,78.57628499,Assigned,2025-07-13 08:52:51
C00934,Power outage,Power outage. Black prove bag there church difficult wrong white she.,Electrical,Medium,33,19,False,17.38583946,78.52731805,Pending,2025-11-14 08:52:51
C00935,Loose electric wire,Loose electric wire. Standard single over store sense effort probably score movie address conference process visit.,Electrical,Medium,42,36,False,17.42033996,78.59208902,Resolved,2026-03-10 08:52:51
C00936,Street light not working,Street light not working. Word lead should purpose poor against from finally throw easy body matter local shoulder suddenly.,Electrical,Medium,33,64,False,17.34031836,78.55069918,In Progress,2025-11-21 08:52:51
C00937,Park maintenance issue,Park maintenance issue. Man third identify black trip professor family scientist director point pretty hot me wife.,Parks,Low,8,83,True,17.23892437,78.58101856,In Progress,2026-01-02 08:52:51
C00938,Pothole on road,Pothole on road. Court hospital bank light future my left artist room stuff participant ask thousand discuss picture.,Roads,Medium,27,11,False,17.31504386,78.54402385,In Progress,2026-02-27 08:52:51
C00939,Trash accumulation,Trash accumulation. Measure personal word man newspaper few what name learn despite nor big hard less.,Sanitation,High,58,13,False,17.35355681,78.40836361,Pending,2025-09-16 08:52:51
C00940,Power outage,Power outage. Away wait including cold those new moment type remember.,Electrical,High,61,76,False,17.36189233,78.48716289,Resolved,2025-08-07 08:52:51
C00941,Garbage not collected,Garbage not collected. At across clear help close we ten name animal still situation help although above out beat.,Sanitation,Low,9,56,False,17.29103347,78.50335465,Resolved,2026-04-22 08:52:51
C00942,Loose electric wire,Loose electric wire. Hold moment professional challenge break evening sign that mother education answer price.,Electrical,High,96,20,False,17.24092493,78.59615359,Assigned,2025-10-03 08:52:51
C00943,Abandoned vehicle,Abandoned vehicle. Action commercial next return difference scientist new indeed crime artist exactly certain.,Public Safety,High,96,0,False,17.27169847,78.61906658,In Progress,2026-04-25 08:52:51
C00944,Pipeline burst,Pipeline burst. Join nor small land opportunity they shake.,Water Supply,High,68,83,False,17.44180956,78.48774662,Resolved,2025-07-29 08:52:51
C00945,Overflowing waste bins,Overflowing waste bins. Rich accept tend skill fill term anyone cover various much economic event effort dinner wind fight.,Sanitation,Medium,49,64,False,17.4692886,78.57963955,Closed,2025-12-27 08:52:51
C00946,Drain blockage,Drain blockage. One deal try bit partner behavior production billion against.,Drainage,Low,18,13,False,17.24700435,78.36657616,Resolved,2025-06-17 08:52:51
C00947,Loose electric wire,Loose electric wire. Idea speak suffer hotel support drive write.,Electrical,Low,8,31,False,17.28539603,78.40457563,Resolved,2025-11-07 08:52:51
C00948,Water leakage,Water leakage. Fund attack than finally camera nearly whole term couple get future must news.,Water Supply,Low,11,44,False,17.31578619,78.50494458,Pending,2025-11-14 08:52:51
C00949,Pipeline burst,Pipeline burst. Run water list debate deal why sister building plan stuff across history.,Water Supply,High,69,89,True,17.40752651,78.59508516,Closed,2025-06-22 08:52:51
C00950,Damaged pavement,Damaged pavement. Really thing trade teach determine since which his yes coach receive team require.,Roads,Low,2,92,False,17.23855479,78.59112287,Closed,2026-05-09 08:52:51
C00951,Pipeline burst,Pipeline burst. Test actually group key ago spring student shake.,Water Supply,Low,12,37,False,17.36079969,78.5966121,Resolved,2025-08-09 08:52:51
C00952,Street light not working,Street light not working. Production six civil I always little human attention one grow deep production ago.,Electrical,Low,14,40,True,17.43505839,78.4627243,Assigned,2026-03-29 08:52:51
C00953,Public nuisance,Public nuisance. Dream great travel deep manager huge reach resource.,Public Safety,High,56,70,False,17.28677651,78.60758438,Pending,2026-04-06 08:52:51
C00954,Park maintenance issue,Park maintenance issue. Certainly their another break expert just condition evening visit.,Parks,High,93,12,False,17.49592412,78.53313541,Pending,2025-11-03 08:52:51
C00955,Drain blockage,Drain blockage. Out citizen subject situation art she man break light increase.,Drainage,High,55,25,False,17.44529385,78.57146957,In Progress,2025-11-25 08:52:51
C00956,Loose electric wire,Loose electric wire. Such third foot determine difference home option eat toward now he dark add then.,Electrical,Low,16,33,False,17.32634941,78.61141615,Pending,2025-09-06 08:52:51
C00957,Trash accumulation,Trash accumulation. Political election hundred teacher economic painting subject.,Sanitation,High,72,2,False,17.5214742,78.358909,Pending,2026-03-05 08:52:51
C00958,Drain blockage,Drain blockage. May tonight seem design water ahead big from defense small dream throughout.,Drainage,Medium,40,2,False,17.39510837,78.51365456,Assigned,2026-04-06 08:52:51
C00959,Overflowing waste bins,Overflowing waste bins. Could economic today friend usually boy increase thus right game amount.,Sanitation,High,80,98,False,17.24268508,78.60262712,Closed,2026-03-04 08:52:51
C00960,Broken bench,Broken bench. Forward physical man cold fire those manage week staff poor economic wonder material consumer discover or.,Parks,Low,21,5,False,17.47961646,78.62553788,Pending,2025-10-06 08:52:51
C00961,Road crack,Road crack. Education national today own allow last yet system kid born way seem bill thought born despite.,Roads,Low,19,27,False,17.34986709,78.46940121,Resolved,2026-02-17 08:52:51
C00962,Illegal parking,Illegal parking. Together finish task TV history expect today interview many son everything draw here help break.,Traffic,High,63,81,False,17.51247987,78.4677749,In Progress,2025-08-12 08:52:51
C00963,Traffic congestion,Traffic congestion. Toward peace side husband product include certain animal her example situation interview civil receive page.,Traffic,Medium,40,28,False,17.33760214,78.40962717,Pending,2026-01-06 08:52:51
C00964,Damaged playground,Damaged playground. Traditional challenge challenge pretty painting big voice offer night.,Parks,High,79,93,False,17.29353864,78.3838535,Resolved,2025-08-10 08:52:51
C00965,Public nuisance,Public nuisance. Society recent create because reality particular mouth color create spring year back surface rise top.,Public Safety,Low,5,17,False,17.34678872,78.3976805,In Progress,2025-06-19 08:52:51
C00966,Loose electric wire,Loose electric wire. Both quality news open color fly customer effect actually between build seem myself occur at.,Electrical,Low,20,24,False,17.39945399,78.34427315,Closed,2026-05-04 08:52:51
C00967,Water leakage,Water leakage. Lawyer miss term hit wife learn evening quickly medical.,Water Supply,Critical,99,55,False,17.24216846,78.38241852,In Progress,2026-05-13 08:52:51
C00968,Waterlogging,Waterlogging. Join response hair over eye interesting impact young according while rule war attack interest something.,Drainage,Medium,42,23,False,17.2887433,78.50914613,In Progress,2025-12-02 08:52:51
C00969,Public nuisance,Public nuisance. Maybe service power citizen some lay big range answer reason business.,Public Safety,Low,21,3,False,17.39101658,78.57998487,Assigned,2025-07-30 08:52:51
C00970,Overflowing waste bins,Overflowing waste bins. Someone get life hit behavior expert oil.,Sanitation,High,96,34,False,17.4380841,78.34192774,Resolved,2025-09-03 08:52:51
C00971,Power outage,Power outage. Measure film hope boy defense most number alone reflect own relationship still Mrs up.,Electrical,High,70,98,False,17.28537538,78.59448269,Closed,2025-11-16 08:52:51
C00972,Overflowing waste bins,Overflowing waste bins. Think daughter ahead service language side would discuss how food involve with subject.,Sanitation,Medium,50,72,False,17.2807665,78.4646183,Resolved,2026-01-09 08:52:51
C00973,Unsafe area,Unsafe area. Assume before well time price never and subject experience environment oil them recently hot.,Public Safety,Medium,33,24,False,17.49788877,78.5882881,Pending,2025-09-05 08:52:51
C00974,Pothole on road,Pothole on road. Hand write really possible do these exactly approach room method discover.,Roads,Low,17,24,False,17.35126221,78.58675233,Pending,2025-12-06 08:52:51
C00975,Abandoned vehicle,Abandoned vehicle. Money stop us church guy national less brother firm new explain past heart stay.,Public Safety,High,85,46,False,17.30454392,78.45813303,Resolved,2026-01-22 08:52:51
C00976,Broken bench,Broken bench. Life put claim according draw class brother cause college own entire ball decade six take.,Parks,Medium,39,27,False,17.36457272,78.50724778,Resolved,2025-10-22 08:52:51
C00977,Unsafe area,Unsafe area. Special around service contain bring task manage maintain week between support bed.,Public Safety,Low,2,34,False,17.26717034,78.40250679,Resolved,2025-06-21 08:52:51
C00978,No water supply,No water supply. Grow major low green foreign six treat around.,Water Supply,Medium,31,55,False,17.32924086,78.35156885,Pending,2026-04-25 08:52:51
C00979,Drain blockage,Drain blockage. Young minute everyone southern fact data huge participant.,Drainage,Low,10,62,False,17.43087758,78.54625956,Closed,2026-04-23 08:52:51
C00980,Traffic signal failure,Traffic signal failure. Husband try American assume listen responsibility identify appear thank player.,Traffic,High,58,37,False,17.25056382,78.43199102,In Progress,2025-10-26 08:52:51
C00981,Traffic signal failure,Traffic signal failure. Strong probably good deal daughter night plant.,Traffic,High,70,63,False,17.24271501,78.51651144,Closed,2026-05-10 08:52:51
C00982,Park maintenance issue,Park maintenance issue. Color those style away hospital five yourself the consider difference line interview often.,Parks,Low,23,76,False,17.52528166,78.57938144,Assigned,2026-05-17 08:52:51
C00983,Pipeline burst,Pipeline burst. Throw growth serve middle special face movement new break involve only adult sometimes suffer decide trouble.,Water Supply,Critical,88,42,False,17.36761244,78.512562,Closed,2025-06-24 08:52:51
C00984,Waterlogging,Waterlogging. Especially eat occur ever family talk economy.,Drainage,High,87,62,False,17.28973305,78.46193708,Closed,2025-11-07 08:52:51
C00985,Sewage overflow,Sewage overflow. Sport data friend theory now five point dark under explain so.,Drainage,Medium,39,50,False,17.38963303,78.52140749,In Progress,2025-11-05 08:52:51
C00986,Unsafe area,Unsafe area. Military peace yes Democrat throw speak you water most sense rest cell.,Public Safety,Low,1,77,False,17.29548684,78.55195695,Resolved,2025-12-06 08:52:51
C00987,Illegal parking,Illegal parking. Admit decade let character together great activity suggest old research oil.,Traffic,Medium,46,52,False,17.34942181,78.43805343,Assigned,2025-06-26 08:52:51
C00988,Park maintenance issue,Park maintenance issue. Charge car down according close buy central.,Parks,High,82,89,False,17.23880354,78.59581116,Pending,2025-08-10 08:52:51
C00989,Broken bench,Broken bench. Individual manager whose live allow how speak send year general measure method market themselves him.,Parks,Low,19,90,False,17.30062034,78.5386554,Pending,2025-11-26 08:52:51
C00990,Loose electric wire,Loose electric wire. List other guess away opportunity exist behind country office commercial need party watch head.,Electrical,Medium,46,40,True,17.38713497,78.59355151,Pending,2025-07-14 08:52:51
C00991,Road crack,Road crack. Establish after piece daughter fast relate save across information plant relationship government increase sport.,Roads,Low,16,29,False,17.23779479,78.34344925,Closed,2025-09-20 08:52:51
C00992,Street light not working,Street light not working. Avoid they owner instead loss me within.,Electrical,Critical,91,39,False,17.34031559,78.35411434,In Progress,2026-04-22 08:52:51
C00993,Trash accumulation,Trash accumulation. Notice lot tonight keep different discussion physical care president voice civil her idea weight series believe.,Sanitation,Medium,42,71,False,17.39546465,78.46293593,Resolved,2026-01-07 08:52:51
C00994,Overflowing waste bins,Overflowing waste bins. This hit it simple industry level figure.,Sanitation,Medium,45,65,False,17.2970666,78.37999551,Pending,2026-05-27 08:52:51
C00995,Public nuisance,Public nuisance. That western want have me suffer purpose store go price.,Public Safety,High,100,85,False,17.27219719,78.39353815,Pending,2026-04-24 08:52:51
C00996,Loose electric wire,Loose electric wire. Fight civil foot her feel director he indeed.,Electrical,High,52,8,False,17.49173409,78.56523034,Closed,2026-06-02 08:52:51
C00997,Sewage overflow,Sewage overflow. Your natural just kid walk final experience large data most address.,Drainage,High,76,26,False,17.38866161,78.39500813,Closed,2026-05-03 08:52:51
C00998,Road crack,Road crack. Near check field cover professor finally address young seven appear measure relationship compare lawyer rock feel.,Roads,High,68,91,False,17.4626167,78.61818001,Resolved,2025-08-05 08:52:51
C00999,Pipeline burst,Pipeline burst. Teach carry it resource crime forget sound professional Democrat situation necessary benefit.,Water Supply,Medium,29,62,False,17.48158653,78.59468642,Assigned,2025-12-30 08:52:51
C01000,Trash accumulation,Trash accumulation. Catch also rock talk population executive forward.,Sanitation,High,75,6,False,17.34767892,78.61725678,Assigned,2025-06-16 08:52:51
C01001,Park maintenance issue,Park maintenance issue. Many memory he along learn land into human budget cold we room.,Parks,Low,11,5,False,17.34151936,78.57454558,Closed,2026-01-01 08:52:51
C01002,Trash accumulation,Trash accumulation. Power democratic ahead sense push sure foot.,Sanitation,High,55,38,False,17.25267839,78.34937613,Resolved,2025-10-28 08:52:51
C01003,Public nuisance,Public nuisance. Town south charge interest evidence arrive goal statement impact.,Public Safety,High,57,54,False,17.44516044,78.47548406,Closed,2026-01-29 08:52:51
C01004,Illegal parking,Illegal parking. Point explain consider member Mr glass southern buy system similar laugh memory either lot different leader.,Traffic,Low,25,93,False,17.39954637,78.62392236,In Progress,2026-02-28 08:52:51
C01005,Overflowing waste bins,Overflowing waste bins. Voice accept determine region company peace break laugh per respond manager natural.,Sanitation,Medium,47,36,False,17.41976474,78.63572556,In Progress,2025-07-19 08:52:51
C01006,Street light not working,Street light not working. Science if job design time change building else available this perform central win accept health.,Electrical,High,58,3,False,17.34489806,78.47436205,In Progress,2025-10-01 08:52:51
C01007,Loose electric wire,Loose electric wire. Themselves serve wear market first stay wonder old establish ok order animal.,Electrical,Medium,40,82,False,17.2713813,78.49508031,In Progress,2025-09-28 08:52:51
C01008,Drain blockage,Drain blockage. Realize successful sit challenge marriage who analysis his rich service.,Drainage,High,52,28,False,17.38000297,78.35594526,Assigned,2026-02-03 08:52:51
C01009,Waterlogging,Waterlogging. Yeah relationship foreign provide fish detail improve south type report do full whatever unit.,Drainage,Medium,40,10,False,17.50843138,78.6116755,Assigned,2026-03-30 08:52:51
C01010,Public nuisance,Public nuisance. There without process over second me crime church can including successful provide lot.,Public Safety,Medium,45,95,False,17.35035792,78.54787893,In Progress,2025-08-10 08:52:51
C01011,Abandoned vehicle,Abandoned vehicle. Future loss tend growth make back night early suggest bad set fear represent open.,Public Safety,Low,3,55,False,17.30181603,78.51212931,Pending,2026-05-04 08:52:51
C01012,Park maintenance issue,Park maintenance issue. What off tend poor fact article reduce food quality arrive yet subject letter.,Parks,Medium,30,2,False,17.47778673,78.50224932,In Progress,2025-07-19 08:52:51
C01013,No water supply,No water supply. Pressure fire lot effort nation property daughter with article should fly market war animal military.,Water Supply,Medium,43,64,False,17.53072246,78.55451519,Assigned,2025-08-20 08:52:51
C01014,Traffic signal failure,Traffic signal failure. Marriage shake institution area to member behavior these join respond staff side do major no.,Traffic,Medium,50,96,False,17.48336118,78.5243122,Resolved,2025-12-07 08:52:51
C01015,Water leakage,Water leakage. Catch ok child then full cold real physical surface to note throw together.,Water Supply,Medium,35,96,False,17.28932612,78.58500661,In Progress,2025-06-04 08:52:51
C01016,Traffic congestion,Traffic congestion. Firm shake building radio general quality safe between avoid.,Traffic,High,69,85,False,17.31567479,78.45013109,Pending,2025-12-12 08:52:51
C01017,Waterlogging,Waterlogging. To growth available pay radio behavior trouble even at hair their do administration.,Drainage,High,79,45,False,17.36483423,78.36854297,Resolved,2026-04-22 08:52:51
C01018,Unsafe area,Unsafe area. Much home pretty yes fear series there protect technology item.,Public Safety,Medium,41,67,False,17.43675468,78.61816557,Pending,2025-12-21 08:52:51
C01019,Garbage not collected,Garbage not collected. Position open suffer record ago human recently religious manager civil sign.,Sanitation,Medium,44,93,False,17.51761751,78.58833322,Pending,2026-01-16 08:52:51
C01020,No water supply,No water supply. Congress civil radio traditional already within community your professional time happen trade animal magazine public foreign.,Water Supply,Low,7,79,False,17.24672262,78.40712837,Pending,2026-03-27 08:52:51
C01021,Loose electric wire,Loose electric wire. Process music cold same feel center we during present sit because seem real.,Electrical,High,75,86,False,17.53120069,78.40062804,Resolved,2026-03-19 08:52:51
C01022,Broken bench,Broken bench. Artist really other fall leader safe early area woman dark fire.,Parks,High,65,81,False,17.35195767,78.48952994,In Progress,2026-01-27 08:52:51
C01023,Water leakage,Water leakage. Population work week information owner rock do special only yet every college concern cell loss.,Water Supply,Critical,82,44,True,17.38431225,78.5373154,In Progress,2026-05-28 08:52:51
C01024,Abandoned vehicle,Abandoned vehicle. Wife travel billion TV discussion record laugh law white.,Public Safety,High,55,63,False,17.28647553,78.38619296,Assigned,2025-07-09 08:52:51
C01025,Pipeline burst,Pipeline burst. House cover treat spend build home little and learn security involve stock.,Water Supply,Low,23,79,False,17.26570652,78.61293827,Assigned,2025-08-28 08:52:51
C01026,Trash accumulation,Trash accumulation. Its laugh building board so phone health interview campaign per media minute interest population.,Sanitation,High,74,69,False,17.49334482,78.50363705,Assigned,2026-04-10 08:52:51
C01027,Broken bench,Broken bench. Summer everything need gun sure value off realize his past task notice individual.,Parks,High,54,90,False,17.35921446,78.4539666,In Progress,2025-09-23 08:52:51
C01028,Road crack,Road crack. Community shake leave according clear enjoy quite indicate short ball forget measure performance always work.,Roads,Medium,46,9,False,17.52296066,78.54683292,Pending,2026-03-08 08:52:51
C01029,Power outage,Power outage. Color why accept subject on piece thank relationship American support some door.,Electrical,Low,15,32,True,17.42047207,78.44544437,Resolved,2025-09-03 08:52:51
C01030,Street light not working,Street light not working. Nothing player firm foreign low recently professor discuss too whose yourself cup near artist window.,Electrical,Low,21,52,False,17.36134906,78.51309888,Closed,2025-11-13 08:52:51
C01031,Garbage not collected,Garbage not collected. Character upon career determine main receive hair sing.,Sanitation,Medium,42,55,False,17.25119539,78.46513435,Closed,2025-10-06 08:52:51
C01032,Traffic signal failure,Traffic signal failure. Civil cell thought along until hard public chance claim speech sell unit.,Traffic,High,56,31,True,17.31030241,78.57024666,In Progress,2026-01-16 08:52:51
C01033,Power outage,Power outage. Race hit learn tough never line upon tax seek simple live area.,Electrical,High,80,52,False,17.28498685,78.56335977,In Progress,2025-10-31 08:52:51
C01034,Park maintenance issue,Park maintenance issue. New under positive girl produce street coach also speech thing ability produce policy cup education.,Parks,High,57,97,True,17.53418583,78.5550303,Closed,2026-04-28 08:52:51
C01035,Drain blockage,Drain blockage. Work computer question dark population believe least attention say because image something might bank.,Drainage,Low,13,67,False,17.33012793,78.47080531,In Progress,2025-12-13 08:52:51
C01036,Road crack,Road crack. Mention next stand near make loss sure join.,Roads,High,62,76,False,17.41593446,78.58820278,Assigned,2025-12-30 08:52:51
C01037,Damaged pavement,Damaged pavement. Someone evidence decide benefit student hope establish.,Roads,Medium,32,61,False,17.34042125,78.62796543,In Progress,2026-04-16 08:52:51
C01038,Loose electric wire,Loose electric wire. Response shoulder interesting common opportunity discussion perhaps.,Electrical,Low,21,3,False,17.49458814,78.46074859,In Progress,2025-06-23 08:52:51
C01039,Waterlogging,Waterlogging. Question bank own nor art the student culture cover up weight however which part.,Drainage,High,58,52,False,17.50186448,78.36653593,In Progress,2025-11-17 08:52:51
C01040,Trash accumulation,Trash accumulation. Available detail meeting report ten low can exist hour affect thousand give send poor agree contain.,Sanitation,High,72,30,False,17.50695711,78.49674166,Resolved,2025-12-04 08:52:51
C01041,Abandoned vehicle,Abandoned vehicle. Sit need yard including sing offer get nice former recognize during.,Public Safety,High,77,31,False,17.4279013,78.42629743,Assigned,2026-05-07 08:52:51
C01042,Water leakage,Water leakage. Charge clearly put sport election environmental government different.,Water Supply,High,62,17,True,17.31289174,78.42528311,In Progress,2026-05-24 08:52:51
C01043,Power outage,Power outage. Member various million fund tough hand behavior she keep where.,Electrical,High,59,79,False,17.38034041,78.42780846,In Progress,2025-10-25 08:52:51
C01044,Waterlogging,Waterlogging. Once agreement himself light material position all though option firm inside.,Drainage,Low,24,100,False,17.48311347,78.49162575,Closed,2025-06-27 08:52:51
C01045,Illegal parking,Illegal parking. Oil well situation time set performance along successful return rest stuff people.,Traffic,Critical,87,71,False,17.51755911,78.51979523,In Progress,2025-12-06 08:52:51
C01046,Garbage not collected,Garbage not collected. Where method foreign trouble financial wish value baby dark picture be change start pass student major.,Sanitation,Medium,26,34,False,17.23936966,78.38151699,Assigned,2025-10-28 08:52:51
C01047,Trash accumulation,Trash accumulation. Stuff until future security role Mr trial mission number series church receive why.,Sanitation,Low,19,21,False,17.53337575,78.42000745,Pending,2026-03-28 08:52:51
C01048,Illegal parking,Illegal parking. Senior east fish try when general wind.,Traffic,High,93,60,True,17.38534222,78.38249424,Resolved,2025-09-03 08:52:51
C01049,Traffic signal failure,Traffic signal failure. Religious claim range message control group floor.,Traffic,High,100,72,False,17.5171539,78.34806183,In Progress,2025-07-21 08:52:51
C01050,Abandoned vehicle,Abandoned vehicle. Value father hundred current kitchen field job cell.,Public Safety,High,75,41,False,17.37725766,78.42721657,Assigned,2025-07-23 08:52:51
C01051,Overflowing waste bins,Overflowing waste bins. Side of article whose continue amount economic key.,Sanitation,Low,16,69,False,17.32249846,78.3519674,Closed,2025-07-31 08:52:51
C01052,Water leakage,Water leakage. Thus among onto effort evidence house company analysis about hard open good American same something.,Water Supply,High,52,46,False,17.37509922,78.43104905,In Progress,2026-05-16 08:52:51
C01053,Sewage overflow,Sewage overflow. Character others beautiful growth college in town.,Drainage,Medium,43,54,False,17.27363751,78.48789413,Closed,2026-04-08 08:52:51
C01054,Illegal parking,Illegal parking. Them about toward difficult catch occur morning if officer worry speak.,Traffic,High,51,28,False,17.2844217,78.47304023,Assigned,2026-03-26 08:52:51
C01055,Unsafe area,Unsafe area. Yet represent someone hit step interesting material simple the hit decade.,Public Safety,High,56,47,False,17.46294203,78.58157372,In Progress,2026-05-09 08:52:51
C01056,Waterlogging,Waterlogging. Meeting Mrs spring respond collection foreign college.,Drainage,Medium,28,24,False,17.34661431,78.51665007,Closed,2025-07-06 08:52:51
C01057,Illegal parking,Illegal parking. Service hit may media less most natural build task religious seven ahead executive more.,Traffic,Critical,100,81,False,17.41857643,78.56384691,Assigned,2025-10-10 08:52:51
C01058,Damaged playground,Damaged playground. For type across natural line Republican protect owner sign major information instead with blue kind.,Parks,Low,7,23,False,17.44582035,78.44313179,Resolved,2025-06-05 08:52:51
C01059,Damaged pavement,Damaged pavement. Mind onto task future difficult short upon run choose late media billion.,Roads,Low,2,10,False,17.37889109,78.5951838,Assigned,2026-02-07 08:52:51
C01060,Park maintenance issue,Park maintenance issue. Man enjoy space manager rise start social education sell throughout sea option team reason green.,Parks,Low,6,68,False,17.4933462,78.36862286,Closed,2025-08-19 08:52:51
C01061,Drain blockage,Drain blockage. Campaign might make kitchen college western risk accept a police.,Drainage,Medium,49,87,True,17.39136139,78.39774547,Closed,2025-07-25 08:52:51
C01062,Public nuisance,Public nuisance. Perform degree voice Mr hotel reduce prepare past despite long.,Public Safety,Low,13,31,True,17.53222584,78.36275927,Resolved,2025-08-19 08:52:51
C01063,Water leakage,Water leakage. Development the miss arm air current every record she more group government unit every trouble measure.,Water Supply,Critical,84,8,False,17.33878635,78.40430175,Assigned,2026-03-01 08:52:51
C01064,Loose electric wire,Loose electric wire. Trade little its company current free way nothing together political type speech through something.,Electrical,Critical,90,75,False,17.37294554,78.39020201,Closed,2025-08-26 08:52:51
C01065,Park maintenance issue,Park maintenance issue. Soldier later smile agent type your because three.,Parks,High,100,36,False,17.52162097,78.45599143,Resolved,2025-07-02 08:52:51
C01066,Pipeline burst,Pipeline burst. Himself trouble nor safe American unit career.,Water Supply,Medium,32,14,False,17.33305624,78.51396901,In Progress,2026-05-14 08:52:51
C01067,Pothole on road,Pothole on road. In risk form enjoy every technology amount stand executive order none work.,Roads,High,78,2,False,17.28500881,78.54716393,Pending,2025-06-21 08:52:51
C01068,Trash accumulation,Trash accumulation. Near write way response civil beat want machine mention manager wall before hit a article.,Sanitation,High,88,19,False,17.25558399,78.55464547,Closed,2025-08-15 08:52:51
C01069,Road crack,Road crack. Industry across new huge reveal matter man north within throughout across light board drop.,Roads,Critical,88,25,False,17.49579111,78.45601577,Assigned,2025-08-14 08:52:51
C01070,Street light not working,Street light not working. Meet position choice create any your wonder between born.,Electrical,High,56,7,False,17.30160225,78.36308447,Resolved,2025-06-10 08:52:51
C01071,Drain blockage,Drain blockage. Yeah contain party seek suffer prove police data open recent certain.,Drainage,High,93,71,False,17.48817349,78.37238129,Closed,2025-06-16 08:52:51
C01072,Water leakage,Water leakage. Should share respond money recognize country total.,Water Supply,High,77,84,True,17.33261558,78.40166424,Assigned,2026-03-07 08:52:51
C01073,Unsafe area,Unsafe area. Ready personal learn weight hear approach probably against hot direction test thousand bar ability allow call.,Public Safety,Medium,47,14,False,17.36595912,78.51409327,In Progress,2025-09-19 08:52:51
C01074,Abandoned vehicle,Abandoned vehicle. View evidence available history board economy hard learn buy whether matter.,Public Safety,Low,12,75,False,17.51559275,78.6255199,Resolved,2025-07-17 08:52:51
C01075,Public nuisance,Public nuisance. Central almost final shake machine mean human process message role nice soon real teach safe.,Public Safety,High,69,54,False,17.29600316,78.57996247,Closed,2025-11-04 08:52:51
C01076,Overflowing waste bins,Overflowing waste bins. Number too challenge of program kind smile of stay international out city surface himself pass.,Sanitation,Medium,42,85,False,17.31595177,78.56388895,Resolved,2025-11-15 08:52:51
C01077,Sewage overflow,Sewage overflow. Manage involve simply bar part important middle deal issue tax adult nor itself until.,Drainage,High,72,90,False,17.4956918,78.54333118,Closed,2025-06-15 08:52:51
C01078,Abandoned vehicle,Abandoned vehicle. Probably generation want system shake interesting argue process community whatever finish they magazine.,Public Safety,Low,3,92,True,17.36897463,78.39183597,Closed,2025-06-13 08:52:51
C01079,No water supply,No water supply. Each product region but up set and find management agency seven.,Water Supply,High,70,6,False,17.28994304,78.5547463,Pending,2025-09-30 08:52:51
C01080,Abandoned vehicle,Abandoned vehicle. Court sea from finally their radio of from choose.,Public Safety,Critical,91,37,False,17.47804527,78.39020568,Pending,2026-05-29 08:52:51
C01081,Road crack,Road crack. Teach laugh late outside instead final now sometimes war address although week often ok although.,Roads,Medium,45,86,False,17.35940729,78.47041596,In Progress,2025-11-14 08:52:51
C01082,Public nuisance,Public nuisance. Public across require must method stop year.,Public Safety,Medium,35,8,False,17.3150623,78.63599056,Closed,2025-07-02 08:52:51
C01083,Pothole on road,Pothole on road. Message behavior personal keep tax knowledge able when allow add ahead see finish employee.,Roads,High,65,63,False,17.24553845,78.34055977,Resolved,2025-10-13 08:52:51
C01084,Road crack,Road crack. Concern idea reflect fish degree trade study picture measure final idea person skin both.,Roads,Medium,26,30,False,17.27825314,78.36140153,Assigned,2025-12-29 08:52:51
C01085,Water leakage,Water leakage. Full lot arrive share avoid wish safe consider finally skill.,Water Supply,Low,1,57,False,17.37108535,78.45113603,Assigned,2025-08-22 08:52:51
C01086,Park maintenance issue,Park maintenance issue. American line special example computer course this member.,Parks,Medium,49,82,True,17.50133019,78.41871769,Resolved,2026-03-01 08:52:51
C01087,Road crack,Road crack. Find possible successful exactly open great water alone appear wrong public its listen.,Roads,High,60,12,False,17.47414389,78.35589269,Assigned,2026-05-31 08:52:51
C01088,Abandoned vehicle,Abandoned vehicle. His thus run purpose cut teach truth one if business.,Public Safety,Low,22,11,False,17.46561154,78.44381821,Assigned,2025-08-11 08:52:51
C01089,Damaged pavement,Damaged pavement. Simple account as upon matter might growth crime sit live close present.,Roads,Medium,40,6,False,17.30281505,78.4849894,Pending,2025-07-22 08:52:51
C01090,Traffic signal failure,Traffic signal failure. However difference bar girl market trip out Mr a others.,Traffic,High,59,59,False,17.51046003,78.49408623,Closed,2025-10-26 08:52:51
C01091,Loose electric wire,Loose electric wire. Behavior case my foot treat shake become prevent just ask worry clear edge woman tree.,Electrical,Critical,88,4,False,17.46613873,78.48102532,Assigned,2025-10-09 08:52:51
C01092,Sewage overflow,Sewage overflow. Trouble end partner choice pay movie mission this do risk note ahead special.,Drainage,Low,18,87,False,17.45407215,78.55999993,Resolved,2026-05-19 08:52:51
C01093,Public nuisance,Public nuisance. Father too time individual specific sure anything there international floor despite.,Public Safety,High,68,19,False,17.41627372,78.37096071,In Progress,2026-05-01 08:52:51
C01094,Public nuisance,Public nuisance. Impact child us area professional game only practice his indicate season east experience since.,Public Safety,Low,4,98,False,17.4177911,78.60450408,Resolved,2025-06-07 08:52:51
C01095,Unsafe area,Unsafe area. Fast see become end strong collection least bring beautiful world hundred down.,Public Safety,Low,15,45,True,17.46915513,78.43493166,In Progress,2025-11-02 08:52:51
C01096,Waterlogging,Waterlogging. Employee image two college home system defense people power share sure and crime job attorney feeling.,Drainage,High,72,31,False,17.27094238,78.55430502,Closed,2025-09-07 08:52:51
C01097,Broken bench,Broken bench. Firm million from hospital production early response we eight energy recent.,Parks,Medium,46,17,False,17.44210966,78.4123172,Closed,2026-05-09 08:52:51
C01098,Loose electric wire,Loose electric wire. Middle sister determine water wonder protect coach couple.,Electrical,Low,21,64,False,17.49026666,78.45675011,Resolved,2025-12-13 08:52:51
C01099,Public nuisance,Public nuisance. Full team always trouble month write continue those religious end.,Public Safety,Low,2,29,False,17.34471533,78.60942871,In Progress,2026-05-22 08:52:51
C01100,Park maintenance issue,Park maintenance issue. Race drug suggest person actually quickly old trouble.,Parks,High,57,64,False,17.38702495,78.63050643,In Progress,2026-03-23 08:52:51
C01101,Street light not working,Street light not working. This change common best born spring and you thus near down.,Electrical,Low,10,1,True,17.39105403,78.62954911,Assigned,2025-10-02 08:52:51
C01102,Pipeline burst,Pipeline burst. Require skill analysis heart appear why dinner those drug carry focus.,Water Supply,Medium,39,39,False,17.48489125,78.50428319,Closed,2026-02-13 08:52:51
C01103,Power outage,Power outage. Section tell example find about need garden home different Mrs.,Electrical,Medium,47,6,False,17.24197304,78.46408311,Pending,2025-10-07 08:52:51
C01104,Damaged playground,Damaged playground. Perhaps prevent need age or news society fight opportunity amount clear first film many.,Parks,Low,7,95,False,17.322878,78.61565166,Resolved,2025-11-15 08:52:51
C01105,Traffic congestion,Traffic congestion. Guess late week war prevent range prevent send remember responsibility record member father economic question.,Traffic,High,87,18,False,17.40388687,78.34261415,Resolved,2026-03-07 08:52:51
C01106,Drain blockage,Drain blockage. Type whether spring certain professional traditional contain laugh all movie west difficult involve.,Drainage,High,58,2,False,17.52850226,78.42647132,Resolved,2025-08-14 08:52:51
C01107,Public nuisance,Public nuisance. Result picture partner crime stop star write commercial suffer lose newspaper resource girl.,Public Safety,High,54,56,False,17.26284632,78.40386512,Pending,2025-07-26 08:52:51
C01108,No water supply,No water supply. Interest man leave raise painting may garden talk exactly.,Water Supply,High,89,71,False,17.34044909,78.40023421,Closed,2025-10-28 08:52:51
C01109,Unsafe area,Unsafe area. Number seat air hospital Republican wrong check scientist culture east probably street catch.,Public Safety,High,71,11,False,17.48554797,78.34853441,Closed,2026-03-13 08:52:51
C01110,Water leakage,Water leakage. Yeah dark must bag standard mission out indeed wife occur type friend game appear.,Water Supply,Low,23,13,False,17.52021328,78.58814773,Closed,2025-09-24 08:52:51
C01111,No water supply,No water supply. Part face whatever daughter store address ask water international actually process provide south my.,Water Supply,Critical,91,97,False,17.47940538,78.61648728,Closed,2025-12-30 08:52:51
C01112,Illegal parking,Illegal parking. As necessary someone window time degree offer next.,Traffic,Low,22,8,False,17.45208739,78.62686339,Assigned,2025-09-09 08:52:51
C01113,Damaged pavement,Damaged pavement. Wish page trouble century already surface today answer clearly play future certain indeed.,Roads,Low,5,27,False,17.30516009,78.47851229,Closed,2025-09-24 08:52:51
C01114,Abandoned vehicle,Abandoned vehicle. Evening study keep cup stand east different international behind staff forget behavior.,Public Safety,Low,4,5,False,17.36139105,78.37731835,Pending,2026-04-29 08:52:51
C01115,Waterlogging,Waterlogging. Memory brother control tough fund ten model seem bar need read participant two chair.,Drainage,High,72,72,False,17.36936235,78.36429229,In Progress,2026-01-26 08:52:51
C01116,Trash accumulation,Trash accumulation. May lose they ground lose artist what maybe teacher especially agree far citizen learn staff vote.,Sanitation,Critical,81,16,False,17.25502622,78.48930435,Resolved,2026-01-25 08:52:51
C01117,Park maintenance issue,Park maintenance issue. Debate financial school area major exactly prevent.,Parks,Medium,38,74,False,17.24782104,78.38692644,In Progress,2025-09-29 08:52:51
C01118,Road crack,Road crack. Suggest pick make major total four language small assume world stock night what arm most.,Roads,Medium,50,60,False,17.48891199,78.44538932,Assigned,2026-01-25 08:52:51
C01119,Pothole on road,Pothole on road. Serve hospital direction fast bag most since school huge piece red color.,Roads,High,59,47,False,17.49710379,78.5885571,Pending,2025-10-28 08:52:51
C01120,Loose electric wire,Loose electric wire. Professional lead maybe beautiful role reach language range call style different generation take.,Electrical,High,57,80,False,17.35155664,78.3773956,Assigned,2026-02-28 08:52:51
C01121,Road crack,Road crack. Recent accept head form step agency collection step reality size concern big specific whose senior night.,Roads,Low,18,79,False,17.27558854,78.47920143,Assigned,2025-09-30 08:52:51
C01122,Broken bench,Broken bench. Prove detail until instead forward senior police special heart.,Parks,Low,20,54,False,17.45056275,78.36106477,Resolved,2025-06-19 08:52:51
C01123,Unsafe area,Unsafe area. Modern ability half myself which book mention article market style couple.,Public Safety,High,56,25,False,17.36785463,78.45876015,In Progress,2025-09-23 08:52:51
C01124,Broken bench,Broken bench. Use guy practice soldier situation course hold happy office thing tonight very drive poor guy.,Parks,High,69,41,False,17.43941277,78.49795976,Pending,2025-08-12 08:52:51
C01125,Road crack,Road crack. Type various feeling stop sport change eye rate wall cold attention visit teach care cell continue.,Roads,Medium,32,33,False,17.49666791,78.54603252,Assigned,2025-11-23 08:52:51
C01126,Loose electric wire,Loose electric wire. Book beyond voice better series cell too join third talk few consumer claim statement.,Electrical,Low,6,22,False,17.4102239,78.60641581,Assigned,2026-05-21 08:52:51
C01127,Pipeline burst,Pipeline burst. Cause to every her energy free part star.,Water Supply,Low,22,24,False,17.25300602,78.59292918,Assigned,2025-07-27 08:52:51
C01128,Unsafe area,Unsafe area. After entire hot never stay during space.,Public Safety,High,61,84,False,17.49366605,78.60439017,Resolved,2025-09-27 08:52:51
C01129,Damaged pavement,Damaged pavement. Never whose watch yes without mention much card.,Roads,Medium,35,34,False,17.45091278,78.51954037,In Progress,2026-05-25 08:52:51
C01130,Park maintenance issue,Park maintenance issue. Put she guy garden interesting lay admit argue go against.,Parks,Medium,28,88,False,17.46078001,78.63091854,Pending,2026-03-26 08:52:51
C01131,Park maintenance issue,Park maintenance issue. Relate treat party much purpose magazine but treat whatever put more help.,Parks,High,81,61,False,17.27927892,78.59676106,Closed,2026-02-09 08:52:51
C01132,Trash accumulation,Trash accumulation. Rise shoulder minute occur quite gun material be perhaps none before let sound.,Sanitation,High,62,18,False,17.32666986,78.50122399,Pending,2025-09-25 08:52:51
C01133,Trash accumulation,Trash accumulation. Stop better executive during clear fear evening society cover all image fact.,Sanitation,Medium,41,96,False,17.51631379,78.45562018,Closed,2026-05-05 08:52:51
C01134,Road crack,Road crack. Pretty affect full government send ever provide option young born prove data.,Roads,Low,24,56,False,17.39832332,78.4129809,In Progress,2025-10-29 08:52:51
C01135,Overflowing waste bins,Overflowing waste bins. Pressure nation what professor country front action I require.,Sanitation,Low,15,82,True,17.46726895,78.37826592,Pending,2025-06-03 08:52:51
C01136,Broken bench,Broken bench. Concern after but war light our system form another white decade region occur financial hit.,Parks,High,54,75,False,17.27139755,78.60612679,Closed,2025-11-23 08:52:51
C01137,Abandoned vehicle,Abandoned vehicle. Receive laugh better range us air operation pressure line.,Public Safety,Medium,32,48,False,17.27793891,78.52938213,Closed,2025-07-21 08:52:51
C01138,Pipeline burst,Pipeline burst. Space true think lead lead real trade development.,Water Supply,Medium,48,41,False,17.33656074,78.35052285,Closed,2025-10-28 08:52:51
C01139,Traffic signal failure,Traffic signal failure. Street material air meet though toward middle class drug speak bring deep.,Traffic,High,69,63,False,17.27912854,78.57382629,Closed,2026-04-05 08:52:51
C01140,Loose electric wire,Loose electric wire. Inside almost total possible knowledge opportunity with early fill wonder bed center these.,Electrical,High,60,40,False,17.26017585,78.52691806,Pending,2025-06-23 08:52:51
C01141,Loose electric wire,Loose electric wire. Bed themselves what power car myself age statement knowledge do indicate east identify.,Electrical,High,58,3,False,17.34910676,78.56116426,Closed,2025-09-29 08:52:51
C01142,Water leakage,Water leakage. Seem physical suffer hospital should deep fine serious interest operation five.,Water Supply,Low,13,51,False,17.49807153,78.37714591,Assigned,2025-08-28 08:52:51
C01143,Damaged playground,Damaged playground. Machine yet staff prove drive stand car himself star if day single fire happen ball.,Parks,Medium,32,7,False,17.33382455,78.51472126,Assigned,2025-09-13 08:52:51
C01144,Road crack,Road crack. Institution now away right morning only meeting necessary modern institution agree example us soldier travel.,Roads,Critical,98,79,False,17.24693679,78.40882658,Pending,2026-04-26 08:52:51
C01145,Pothole on road,Pothole on road. There resource interest TV explain out win.,Roads,High,87,61,True,17.27847312,78.35732514,In Progress,2025-08-11 08:52:51
C01146,Damaged playground,Damaged playground. Summer sound Republican hot fill husband dinner position here draw ability.,Parks,Low,5,33,False,17.47946269,78.48426057,In Progress,2025-10-06 08:52:51
C01147,No water supply,No water supply. Task strategy beautiful understand head should cell down opportunity himself of store cost left fear.,Water Supply,Critical,93,87,False,17.39664394,78.33783588,Assigned,2026-03-17 08:52:51
C01148,Traffic signal failure,Traffic signal failure. Per never entire stay turn control population should window.,Traffic,Low,14,67,False,17.37276003,78.57692413,Assigned,2026-05-22 08:52:51
C01149,Traffic signal failure,Traffic signal failure. Big also deal same either tend use.,Traffic,Medium,38,87,False,17.31623126,78.35975622,Closed,2026-04-17 08:52:51
C01150,Traffic congestion,Traffic congestion. Paper across treat pay case glass high.,Traffic,Medium,28,66,False,17.31811315,78.36791867,Resolved,2025-11-27 08:52:51
C01151,Street light not working,Street light not working. Message total wear both whether floor of each off just student through race amount read huge.,Electrical,High,79,29,False,17.37979814,78.47325855,Assigned,2026-05-05 08:52:51
C01152,Illegal parking,Illegal parking. Fact concern member foot lead wrong final party.,Traffic,High,52,25,False,17.31632344,78.52955715,Resolved,2025-12-05 08:52:51
C01153,Garbage not collected,Garbage not collected. Level which administration energy this ground hope only nation lot bed rate own reduce.,Sanitation,Low,16,79,False,17.46005613,78.48454539,Closed,2025-08-17 08:52:51
C01154,Pipeline burst,Pipeline burst. Mission table either foreign response rule might difficult career information ok almost threat security letter.,Water Supply,High,95,72,True,17.4102109,78.60804595,In Progress,2026-04-04 08:52:51
C01155,Water leakage,Water leakage. Dark themselves difference beyond everything so whole parent message nor hospital science worker message then hundred.,Water Supply,Low,10,11,False,17.52867002,78.56091916,In Progress,2026-02-16 08:52:51
C01156,Waterlogging,Waterlogging. Ask give ground race wait bank smile important study say democratic.,Drainage,High,64,72,False,17.53142319,78.37880773,In Progress,2026-05-31 08:52:51
C01157,Street light not working,Street light not working. Experience take enjoy class safe particular thing partner money marriage near front.,Electrical,High,53,95,False,17.2728793,78.48964604,Closed,2025-06-14 08:52:51
C01158,Waterlogging,Waterlogging. Leader join financial debate home whatever us prepare take year well hour.,Drainage,Critical,82,44,False,17.36409607,78.54341823,Pending,2026-04-06 08:52:51
C01159,Damaged pavement,Damaged pavement. Course cup business security current whose social claim experience nothing edge avoid firm attention.,Roads,Low,25,62,False,17.4031572,78.57345723,Assigned,2025-08-06 08:52:51
C01160,No water supply,No water supply. Character difference two executive parent military result shake.,Water Supply,High,53,49,False,17.27054331,78.54751942,Assigned,2025-06-17 08:52:51
C01161,Pothole on road,Pothole on road. Fill campaign consider miss hand mother food last check.,Roads,Low,25,82,True,17.3791922,78.5711846,Assigned,2026-04-13 08:52:51
C01162,Drain blockage,Drain blockage. Else cut law citizen population month plant approach.,Drainage,High,55,6,True,17.5210547,78.58376836,In Progress,2026-02-15 08:52:51
C01163,Public nuisance,Public nuisance. Approach center degree what side bill late production campaign week.,Public Safety,High,60,15,False,17.45245994,78.50375206,Resolved,2025-09-29 08:52:51
C01164,Park maintenance issue,Park maintenance issue. Voice deal check force town middle trade record north buy move world center.,Parks,Low,11,69,False,17.46273818,78.61268595,Pending,2026-04-29 08:52:51
C01165,Abandoned vehicle,Abandoned vehicle. Guess else where everything argue degree music wrong leader with race.,Public Safety,Critical,82,91,False,17.29369529,78.52207959,Assigned,2025-06-11 08:52:51
C01166,Drain blockage,Drain blockage. These authority establish detail believe middle miss mention rest agent land subject then.,Drainage,Medium,43,85,False,17.32980453,78.58220061,Closed,2025-10-01 08:52:51
C01167,Pothole on road,Pothole on road. Dark national occur service so food huge husband shake might statement card staff little like.,Roads,Critical,91,10,False,17.43754039,78.57577908,In Progress,2025-09-02 08:52:51
C01168,Power outage,Power outage. Message about consider alone exactly pick many other teacher executive vote act.,Electrical,High,51,28,False,17.2927329,78.39398926,Assigned,2026-04-03 08:52:51
C01169,Unsafe area,Unsafe area. Cell there away left organization manager at never TV such save more.,Public Safety,Low,4,23,False,17.46309682,78.37902792,Assigned,2026-05-18 08:52:51
C01170,Road crack,Road crack. Trip who line whose away article he by grow operation.,Roads,Medium,48,85,False,17.35039731,78.42493213,Closed,2026-02-01 08:52:51
C01171,Waterlogging,Waterlogging. Baby another way federal success each which mean her.,Drainage,High,61,94,False,17.23940488,78.51813356,Assigned,2026-03-27 08:52:51
C01172,Drain blockage,Drain blockage. Or former investment let because avoid wall energy wish their allow friend go serious lawyer.,Drainage,Low,23,35,True,17.28776194,78.4872221,In Progress,2026-03-11 08:52:51
C01173,Power outage,Power outage. Analysis public land argue kid laugh election thousand never save no body water enough media five.,Electrical,Medium,50,86,False,17.28232928,78.37677619,Closed,2026-02-13 08:52:51
C01174,Garbage not collected,Garbage not collected. Share various Mr base member answer site your shoulder rise television give former anything black catch.,Sanitation,High,77,83,False,17.47203213,78.51747473,Pending,2025-07-24 08:52:51
C01175,Drain blockage,Drain blockage. Choice mind no information movement now account environmental strategy.,Drainage,Critical,92,14,False,17.26645497,78.48995338,Pending,2026-04-23 08:52:51
C01176,Broken bench,Broken bench. Always poor total success forward usually although agency.,Parks,Medium,28,38,False,17.46400236,78.3999165,Closed,2026-02-23 08:52:51
C01177,Waterlogging,Waterlogging. Mention those language possible property so take fear choose month television station whole understand almost.,Drainage,High,90,35,False,17.33291741,78.36690441,Resolved,2026-01-20 08:52:51
C01178,Damaged playground,Damaged playground. Before ball red daughter national surface at bring large by.,Parks,High,81,34,False,17.42725517,78.53432873,In Progress,2025-12-23 08:52:51
C01179,Public nuisance,Public nuisance. Pass investment billion travel spend agent model big.,Public Safety,High,66,51,False,17.31119152,78.58067555,In Progress,2026-03-10 08:52:51
C01180,Street light not working,Street light not working. Natural east cost election pattern PM media she sure activity tax research despite.,Electrical,High,52,60,False,17.47862144,78.57878427,Resolved,2026-04-16 08:52:51
C01181,Traffic signal failure,Traffic signal failure. Herself make fine physical southern institution ask raise Democrat term first change.,Traffic,Medium,47,92,False,17.3629565,78.34488264,In Progress,2025-09-03 08:52:51
C01182,Pothole on road,Pothole on road. Open last son stay drop significant small chair agreement hour police.,Roads,High,53,84,False,17.3605902,78.51143944,Resolved,2026-02-25 08:52:51
C01183,Traffic congestion,Traffic congestion. Ok bill tend listen smile too as themselves water side some beat how week huge.,Traffic,High,87,58,False,17.23986095,78.37683628,Resolved,2025-11-21 08:52:51
C01184,Unsafe area,Unsafe area. Maintain music American his nature safe effort.,Public Safety,High,60,93,False,17.31360124,78.62519344,Resolved,2026-04-14 08:52:51
C01185,Garbage not collected,Garbage not collected. Computer maintain pressure consumer drive over guy green suggest writer politics.,Sanitation,High,60,24,False,17.4000196,78.57167533,Assigned,2025-11-26 08:52:51
C01186,Power outage,Power outage. Interesting send save like hand training purpose recognize form ability hear begin whether foreign.,Electrical,Critical,90,26,False,17.26059526,78.5804078,Assigned,2026-01-28 08:52:51
C01187,Power outage,Power outage. Technology time live off environmental guess put cell talk.,Electrical,Critical,91,70,False,17.51752574,78.59956464,Closed,2025-10-25 08:52:51
C01188,Trash accumulation,Trash accumulation. Discussion degree new notice professor author country lay particular.,Sanitation,High,70,37,False,17.41826862,78.43157647,Assigned,2026-05-01 08:52:51
C01189,Street light not working,Street light not working. Almost activity thus receive modern finally top author play themselves rock religious as certainly no.,Electrical,Low,16,2,False,17.35255146,78.55793769,Closed,2026-04-09 08:52:51
C01190,Overflowing waste bins,Overflowing waste bins. American speak particularly my result agree not free easy positive sign western take.,Sanitation,High,97,3,False,17.33088043,78.41124409,Assigned,2026-05-27 08:52:51
C01191,Garbage not collected,Garbage not collected. Guess parent president what green eat think better cost data large wait.,Sanitation,High,97,14,False,17.2503335,78.61032047,Resolved,2025-07-21 08:52:51
C01192,Road crack,Road crack. Hear free wife eight possible subject hope lot.,Roads,High,89,83,False,17.23501175,78.5964774,In Progress,2026-02-26 08:52:51
C01193,Trash accumulation,Trash accumulation. Audience person finally commercial instead almost move federal sometimes central worry wall every.,Sanitation,Medium,46,65,True,17.52769972,78.58685813,Assigned,2026-04-28 08:52:51
C01194,Overflowing waste bins,Overflowing waste bins. Ready image all wear music born road investment onto mission against finish join become.,Sanitation,High,78,24,False,17.28822454,78.56446475,Assigned,2026-05-01 08:52:51
C01195,Drain blockage,Drain blockage. To stuff another assume claim nice society without main model floor or forward at change.,Drainage,Critical,82,37,False,17.49397867,78.47517055,Pending,2025-09-01 08:52:51
C01196,Unsafe area,Unsafe area. American spring price evidence director face gas eat consumer network another north whatever popular since foreign.,Public Safety,High,66,39,False,17.30956072,78.46789254,Closed,2026-06-01 08:52:51
C01197,Damaged pavement,Damaged pavement. Allow quite friend almost me feel kid election note or.,Roads,High,54,26,False,17.37360679,78.44580186,Resolved,2025-11-25 08:52:51
C01198,Unsafe area,Unsafe area. Example manager value save skin treat card in everyone left shake campaign rest when institution sign.,Public Safety,Low,22,76,False,17.32317965,78.55451271,Resolved,2025-09-04 08:52:51
C01199,Waterlogging,Waterlogging. Concern ground join man adult little special himself.,Drainage,Low,25,4,False,17.29486017,78.38767692,Assigned,2026-05-13 08:52:51
C01200,Damaged playground,Damaged playground. Different boy why lead cold attorney girl.,Parks,Medium,37,67,False,17.47040777,78.5341938,In Progress,2025-08-04 08:52:51
C01201,Damaged pavement,Damaged pavement. Throw sport operation customer contain wall not and heavy practice seven cost machine leg head turn.,Roads,Critical,86,21,True,17.40191444,78.34280089,Assigned,2026-05-12 08:52:51
C01202,Waterlogging,Waterlogging. Home avoid environmental relationship usually member air capital could company beautiful ten.,Drainage,High,91,56,False,17.34562278,78.5276743,Pending,2025-10-27 08:52:51
C01203,Power outage,Power outage. Forget get generation clearly push hair person easy cultural course PM candidate marriage case process.,Electrical,Critical,99,30,False,17.40196082,78.44060515,Resolved,2025-07-25 08:52:51
C01204,Park maintenance issue,Park maintenance issue. Even world require avoid sound resource suddenly almost likely against main.,Parks,High,70,29,False,17.39578086,78.55535268,Pending,2026-03-27 08:52:51
C01205,Sewage overflow,Sewage overflow. Way firm important whatever trial political appear evidence.,Drainage,Critical,92,42,False,17.32141641,78.41604086,Closed,2025-09-06 08:52:51
C01206,Park maintenance issue,Park maintenance issue. Themselves to partner subject choice never trip only from reduce four shake religious hot.,Parks,Medium,39,47,False,17.3704366,78.48702461,In Progress,2026-01-14 08:52:51
C01207,Waterlogging,Waterlogging. Despite summer rise low walk art class certainly final teacher ready like Mr.,Drainage,Medium,37,56,False,17.49665733,78.56563039,Assigned,2026-01-21 08:52:51
C01208,Waterlogging,Waterlogging. Sort available anyone check among choose rest.,Drainage,High,92,49,False,17.30518834,78.37202582,Resolved,2025-12-10 08:52:51
C01209,Garbage not collected,Garbage not collected. Who tax include could born question campaign those include summer dream Mr heart property.,Sanitation,High,64,70,False,17.3589284,78.41861945,Assigned,2026-03-10 08:52:51
C01210,Drain blockage,Drain blockage. Fill friend others girl people scientist condition sometimes key.,Drainage,Medium,31,34,True,17.37133895,78.46806518,In Progress,2026-04-02 08:52:51
C01211,Public nuisance,Public nuisance. Among successful like off walk majority huge.,Public Safety,Medium,29,97,False,17.50735804,78.34856435,Resolved,2025-10-01 08:52:51
C01212,Damaged pavement,Damaged pavement. Any result pretty should little explain draw.,Roads,High,73,56,False,17.33772847,78.61063629,In Progress,2025-06-23 08:52:51
C01213,Traffic congestion,Traffic congestion. Do travel need face social American page represent white during.,Traffic,High,89,68,False,17.44579657,78.41750615,Resolved,2026-04-22 08:52:51
C01214,Damaged playground,Damaged playground. Low pick agency still economy wonder Mrs keep friend let difficult expect.,Parks,Medium,36,15,False,17.48537081,78.56344901,In Progress,2026-05-04 08:52:51
C01215,Overflowing waste bins,Overflowing waste bins. Church film side gas remain player their miss man baby.,Sanitation,Medium,44,38,False,17.30221203,78.39676209,In Progress,2025-11-19 08:52:51
C01216,Overflowing waste bins,Overflowing waste bins. So deep hot these firm forward actually cost interview kind perhaps fine join poor type these.,Sanitation,High,70,93,False,17.34634566,78.5244449,Closed,2026-03-08 08:52:51
C01217,Road crack,Road crack. Power establish girl agent event great old economic party year perform alone whose decide.,Roads,High,52,75,False,17.30131539,78.59620101,Resolved,2026-01-30 08:52:51
C01218,Power outage,Power outage. Door political dream while hope next nature truth enough option able especially.,Electrical,Medium,30,63,False,17.420641,78.42911262,Pending,2025-07-15 08:52:51
C01219,Pothole on road,Pothole on road. Can garden source base star write late six suggest writer over open play.,Roads,High,61,90,False,17.48031026,78.35009678,Pending,2025-08-26 08:52:51
C01220,Unsafe area,Unsafe area. Artist direction magazine generation share tough certainly play society.,Public Safety,High,74,56,False,17.28979781,78.45093513,In Progress,2026-01-15 08:52:51
C01221,No water supply,No water supply. Building kitchen technology rich understand probably shake reality card nothing young central choose central.,Water Supply,Low,13,89,False,17.52984833,78.46022037,Resolved,2025-11-28 08:52:51
C01222,Damaged pavement,Damaged pavement. Everyone pay really popular amount here point same station decision western military avoid.,Roads,High,59,35,False,17.49260056,78.50762794,Resolved,2025-11-08 08:52:51
C01223,Water leakage,Water leakage. Something lose child end method officer deal cell century plan even series system report budget.,Water Supply,High,90,75,False,17.33799033,78.58597462,Closed,2025-07-01 08:52:51
C01224,Trash accumulation,Trash accumulation. Study theory option under blue color around change throughout interesting city decade.,Sanitation,Low,4,100,False,17.50232155,78.60231338,Assigned,2026-03-11 08:52:51
C01225,Park maintenance issue,Park maintenance issue. Matter three above table expert edge couple anything hope degree security bank.,Parks,High,78,96,False,17.29610955,78.52256387,Resolved,2025-08-09 08:52:51
C01226,Pothole on road,Pothole on road. Understand performance rest walk only hand for coach ability Democrat.,Roads,Low,1,86,False,17.50066743,78.53916761,Pending,2026-01-30 08:52:51
C01227,Public nuisance,Public nuisance. Themselves television always free foreign would experience real big either green audience fire set direction.,Public Safety,Medium,26,72,False,17.50420316,78.60789045,Closed,2025-09-13 08:52:51
C01228,Road crack,Road crack. Class then soldier financial find scene establish population over speech activity mother rule president loss anything.,Roads,High,72,22,False,17.41843091,78.44417914,Closed,2025-08-05 08:52:51
C01229,Street light not working,Street light not working. Surface audience cover perhaps reduce poor year strategy shake or interest prevent manage help.,Electrical,High,94,66,False,17.3720227,78.56099545,In Progress,2025-10-24 08:52:51
C01230,Traffic congestion,Traffic congestion. White event less where late reality several class out goal light growth probably.,Traffic,Low,3,81,False,17.30033645,78.63646722,Resolved,2025-07-05 08:52:51
C01231,Water leakage,Water leakage. Prepare guy point feel idea receive positive ever financial can what your discussion woman watch able.,Water Supply,Medium,41,71,True,17.42547454,78.460978,In Progress,2025-07-05 08:52:51
C01232,Illegal parking,Illegal parking. Threat recent down well challenge those rule me leg.,Traffic,High,69,77,False,17.29088023,78.38219719,Pending,2026-04-15 08:52:51
C01233,Damaged pavement,Damaged pavement. Offer field character include think particular my best someone outside former amount response.,Roads,Low,0,66,False,17.26521136,78.45192047,Closed,2026-02-28 08:52:51
C01234,Loose electric wire,Loose electric wire. Company star all range issue no century run.,Electrical,Low,18,18,False,17.34148706,78.48729694,Pending,2025-11-06 08:52:51
C01235,Trash accumulation,Trash accumulation. Keep painting reduce somebody trial condition see wife tell but evidence maintain wear.,Sanitation,Medium,31,71,False,17.35161012,78.57484466,Pending,2026-05-07 08:52:51
C01236,Damaged pavement,Damaged pavement. Draw treat green type record part draw worry since visit necessary expect might hard woman.,Roads,High,62,32,False,17.53256433,78.62128887,In Progress,2025-08-26 08:52:51
C01237,Waterlogging,Waterlogging. Financial bag begin song sign space yes family interview bit.,Drainage,Low,15,36,False,17.37250553,78.63318567,Assigned,2026-01-27 08:52:51
C01238,Power outage,Power outage. All election least PM recently for director.,Electrical,Critical,100,58,False,17.27049309,78.44393022,Assigned,2025-06-25 08:52:51
C01239,Traffic congestion,Traffic congestion. Plan far throw your single baby quickly institution statement material after shake my ok.,Traffic,High,58,46,False,17.48530447,78.44529414,Pending,2025-06-14 08:52:51
C01240,Broken bench,Broken bench. Back time thus little race throughout in cut fast.,Parks,Medium,32,35,True,17.47724848,78.58148173,Resolved,2025-12-18 08:52:51
C01241,Power outage,Power outage. Building so executive dog sort across the.,Electrical,Low,1,83,False,17.46667468,78.6059788,Assigned,2025-12-16 08:52:51
C01242,Trash accumulation,Trash accumulation. Decide real after rate tax culture local base throw big during mean garden yard radio.,Sanitation,High,78,99,False,17.32045489,78.50439918,In Progress,2026-01-05 08:52:51
C01243,Illegal parking,Illegal parking. Few officer assume determine prepare and need read politics foot involve among activity benefit.,Traffic,High,55,75,False,17.26972321,78.42414849,In Progress,2025-12-09 08:52:51
C01244,No water supply,No water supply. Six approach already executive bar war management matter cause reveal top pattern.,Water Supply,High,74,95,False,17.40911333,78.57929052,Pending,2026-04-20 08:52:51
C01245,Garbage not collected,Garbage not collected. Cause difference specific continue exactly seek hold fall wife upon town law statement box computer business.,Sanitation,Medium,46,92,False,17.50501715,78.4829509,Resolved,2026-02-17 08:52:51
C01246,Unsafe area,Unsafe area. Buy his feeling research above experience professional lose.,Public Safety,High,66,51,True,17.47117919,78.60301913,Resolved,2025-10-08 08:52:51
C01247,Road crack,Road crack. Respond now heart appear matter manager north culture avoid.,Roads,High,99,16,False,17.51615371,78.40047698,In Progress,2026-01-27 08:52:51
C01248,Pipeline burst,Pipeline burst. Maybe sense article force likely edge spring history thank better individual practice.,Water Supply,Medium,31,32,False,17.30190651,78.4546729,Resolved,2025-11-19 08:52:51
C01249,Trash accumulation,Trash accumulation. Building road suddenly mission part against author some.,Sanitation,Critical,95,93,False,17.40636515,78.5855445,Closed,2026-03-19 08:52:51
C01250,Road crack,Road crack. Rather away with model wear begin political.,Roads,Low,18,61,False,17.49066272,78.62205937,Resolved,2026-03-24 08:52:51
C01251,Power outage,Power outage. Property mind player believe contain simple perhaps success cultural between budget imagine throughout field bring.,Electrical,Low,19,42,False,17.24558021,78.4789783,Assigned,2025-08-01 08:52:51
C01252,Street light not working,Street light not working. These cell many hour term whole eat take especially.,Electrical,High,94,40,True,17.45753682,78.44921843,Resolved,2025-10-19 08:52:51
C01253,Water leakage,Water leakage. Answer seem life much pattern agreement knowledge.,Water Supply,High,92,62,False,17.41286247,78.36477911,In Progress,2026-02-10 08:52:51
C01254,Pothole on road,Pothole on road. Force stop act its special anyone cause author few similar team speech become ago school democratic.,Roads,High,53,22,False,17.23600113,78.5714105,In Progress,2025-08-25 08:52:51
C01255,Damaged pavement,Damaged pavement. General list PM top modern draw describe hold leader but economic company head source.,Roads,Medium,42,83,False,17.47879068,78.57942923,In Progress,2026-03-26 08:52:51
C01256,Loose electric wire,Loose electric wire. Politics road million mean technology amount west join so these.,Electrical,Medium,37,89,False,17.51771737,78.44129985,In Progress,2026-05-14 08:52:51
C01257,Pipeline burst,Pipeline burst. Join resource generation professor something day help test if career try visit develop today interview without.,Water Supply,Medium,43,16,False,17.41782931,78.37257991,Resolved,2026-01-24 08:52:51
C01258,Road crack,Road crack. Get fly check arm attack plant bed participant activity.,Roads,Low,2,93,False,17.44624113,78.56242431,Closed,2025-06-06 08:52:51
C01259,Waterlogging,Waterlogging. Information ok quickly fast hit where central no also onto may bill rock.,Drainage,Medium,27,49,False,17.48085524,78.47659869,Closed,2025-09-14 08:52:51
C01260,Pipeline burst,Pipeline burst. Meeting course group reveal good me wide also.,Water Supply,High,75,53,False,17.42053993,78.59508608,Resolved,2025-08-09 08:52:51
C01261,Traffic congestion,Traffic congestion. Line service response air read already speak its be perform former clear relationship.,Traffic,Critical,94,13,True,17.49650236,78.63504233,Resolved,2025-12-29 08:52:51
C01262,Abandoned vehicle,Abandoned vehicle. Particular manage such research itself along account occur necessary also buy improve smile.,Public Safety,Low,4,87,False,17.31105983,78.51744158,Assigned,2026-05-15 08:52:51
C01263,Traffic congestion,Traffic congestion. Smile near guess tell meeting close option way night professor last.,Traffic,Low,24,63,False,17.41444455,78.5413729,Pending,2025-12-30 08:52:51
C01264,Unsafe area,Unsafe area. Single quickly style relationship year cover low single consider small mean culture local term key.,Public Safety,High,51,91,True,17.39230802,78.42171103,Resolved,2025-09-24 08:52:51
C01265,Broken bench,Broken bench. If ground factor successful worker international color customer bank try.,Parks,Low,14,91,False,17.35000819,78.34619445,Resolved,2025-07-21 08:52:51
C01266,Water leakage,Water leakage. Risk tax continue people week tell find blue want turn.,Water Supply,Low,10,54,False,17.28403254,78.5077183,Pending,2025-11-03 08:52:51
C01267,Pipeline burst,Pipeline burst. Space all cultural significant green within institution.,Water Supply,Medium,45,13,False,17.46991874,78.46896351,In Progress,2025-12-12 08:52:51
C01268,Traffic congestion,Traffic congestion. Address person surface accept how paper star form involve quite but else much.,Traffic,Low,15,16,False,17.3677422,78.39064709,Pending,2025-06-25 08:52:51
C01269,Street light not working,Street light not working. Growth upon keep some fine about around within today father though determine chair power.,Electrical,Critical,90,35,False,17.38503005,78.44866678,Assigned,2025-10-22 08:52:51
C01270,Pothole on road,Pothole on road. Girl appear apply however put himself if nice we.,Roads,High,84,95,False,17.49818081,78.38086804,Assigned,2025-09-17 08:52:51
C01271,Overflowing waste bins,Overflowing waste bins. Sea participant reduce myself project eat office authority sign later about paper item she rock.,Sanitation,High,90,99,False,17.31158174,78.49350701,Assigned,2026-03-02 08:52:51
C01272,Traffic congestion,Traffic congestion. Town game south rather only similar play moment everybody mother even important look join.,Traffic,High,61,50,False,17.42009112,78.63149432,Closed,2026-01-26 08:52:51
C01273,Loose electric wire,Loose electric wire. Instead alone difference quality provide after born head particular cup camera center middle power smile.,Electrical,High,83,89,False,17.35822967,78.42658688,Resolved,2026-01-28 08:52:51
C01274,Power outage,Power outage. Accept than pay place matter increase class point true administration finish common go.,Electrical,Medium,48,19,False,17.53145915,78.50081353,Closed,2025-12-07 08:52:51
C01275,Trash accumulation,Trash accumulation. Claim then include fund trial choice south thousand.,Sanitation,High,58,17,False,17.4340389,78.47299914,In Progress,2026-02-03 08:52:51
C01276,Water leakage,Water leakage. Over ability because family choice figure and yourself organization house avoid admit.,Water Supply,Medium,34,5,False,17.35935675,78.48539401,Closed,2026-04-17 08:52:51
C01277,Sewage overflow,Sewage overflow. Away do relate to others base sing would either arrive.,Drainage,High,77,68,False,17.34727303,78.57805154,Closed,2026-03-20 08:52:51
C01278,Illegal parking,Illegal parking. Quality enjoy accept reality cup save part ground suddenly maintain board house white heart low improve.,Traffic,Medium,35,14,False,17.3441711,78.42060109,Resolved,2026-04-30 08:52:51
C01279,Damaged playground,Damaged playground. Family large range say degree cost any compare Congress.,Parks,Low,0,87,False,17.32783827,78.62123806,Pending,2025-07-26 08:52:51
C01280,Park maintenance issue,Park maintenance issue. Reduce book than information word cause us professor focus low weight food history.,Parks,Low,19,67,False,17.3324882,78.48170365,Closed,2026-03-06 08:52:51
C01281,Park maintenance issue,Park maintenance issue. Deal game work high budget American feeling fall again nor task beautiful perform hand somebody.,Parks,High,98,86,False,17.52722175,78.6135028,Closed,2025-09-03 08:52:51
C01282,Water leakage,Water leakage. Sign serious allow involve age dream security only our rule individual upon sometimes.,Water Supply,High,91,87,False,17.50560086,78.448654,Assigned,2026-03-06 08:52:51
C01283,Drain blockage,Drain blockage. Them yet writer poor manage claim PM speak adult.,Drainage,High,64,89,False,17.23947135,78.34881628,Pending,2026-05-09 08:52:51
C01284,Damaged pavement,Damaged pavement. Business dream read trial water news almost son staff large pretty sister course citizen from themselves.,Roads,Medium,37,36,False,17.52046707,78.5012683,Pending,2026-03-26 08:52:51
C01285,Power outage,Power outage. Follow sometimes land arrive near clear herself throughout develop TV hundred seek soldier audience his.,Electrical,Low,20,66,False,17.31621718,78.56723237,Pending,2026-01-07 08:52:51
C01286,Water leakage,Water leakage. Wife soon billion tough mouth enter every protect season almost.,Water Supply,High,83,95,False,17.30239948,78.55841496,In Progress,2025-10-13 08:52:51
C01287,Illegal parking,Illegal parking. Seek probably do take must though save soon ball particularly discussion city throw agent.,Traffic,High,69,35,False,17.41398683,78.51754063,Resolved,2025-09-11 08:52:51
C01288,Damaged playground,Damaged playground. Senior truth describe lay own read practice game nice product loss share collection.,Parks,Medium,46,55,False,17.40812094,78.51211706,In Progress,2025-08-25 08:52:51
C01289,Traffic signal failure,Traffic signal failure. Yourself rock level mind think there me whether major cost analysis officer eat.,Traffic,Critical,94,76,False,17.47427922,78.43550514,Pending,2026-06-01 08:52:51
C01290,Unsafe area,Unsafe area. Coach none buy book car station carry place certain all court.,Public Safety,Critical,87,68,False,17.29113104,78.4922092,Pending,2026-04-14 08:52:51
C01291,Damaged playground,Damaged playground. Theory type guess task Democrat size vote western adult issue wear painting interest expert.,Parks,Medium,27,57,False,17.24922763,78.58114222,Resolved,2025-10-21 08:52:51
C01292,Illegal parking,Illegal parking. Blood suddenly grow imagine unit but citizen age probably walk beautiful ready such no group.,Traffic,Medium,38,24,False,17.30460519,78.53836669,Resolved,2025-09-26 08:52:51
C01293,No water supply,No water supply. Away training much of hotel education recently safe mother much much.,Water Supply,High,97,87,False,17.40896983,78.63261819,Closed,2026-02-16 08:52:51
C01294,Street light not working,Street light not working. Until west sport can while next challenge different college.,Electrical,Medium,33,36,True,17.31942895,78.37374715,In Progress,2026-04-09 08:52:51
C01295,Traffic congestion,Traffic congestion. Significant those shake senior worry off as without.,Traffic,High,80,2,False,17.48414028,78.5053519,In Progress,2026-01-01 08:52:51
C01296,Street light not working,Street light not working. Chair ok arrive experience clearly contain successful usually character family measure.,Electrical,Low,12,85,True,17.26153931,78.55310865,Pending,2025-09-17 08:52:51
C01297,Water leakage,Water leakage. Focus fall word indeed what sure already series central same fast perhaps.,Water Supply,High,73,6,False,17.27843679,78.39596471,Assigned,2025-11-15 08:52:51
C01298,Abandoned vehicle,Abandoned vehicle. He item everything chance baby financial business walk dog in line travel also.,Public Safety,Low,16,1,False,17.48461859,78.482161,Resolved,2025-08-05 08:52:51
C01299,Waterlogging,Waterlogging. Camera down nothing teacher yard large large seek son high money per.,Drainage,Medium,44,16,False,17.34523775,78.48510016,Resolved,2026-05-28 08:52:51
C01300,No water supply,No water supply. Suffer why tell prepare director back fine hotel Mrs today.,Water Supply,High,79,35,False,17.47570309,78.62255172,In Progress,2026-05-19 08:52:51
C01301,Broken bench,Broken bench. Best plan trouble keep ball page official get.,Parks,Critical,89,29,False,17.33909837,78.59081443,Assigned,2026-01-16 08:52:51
C01302,Drain blockage,Drain blockage. Clear and total hope care church area wide official score really.,Drainage,Medium,41,41,False,17.28447235,78.50201407,Pending,2025-10-25 08:52:51
C01303,Overflowing waste bins,Overflowing waste bins. Professor economy deal happy Congress expect ago sense true recent artist scene world.,Sanitation,High,57,76,False,17.44448528,78.50910258,In Progress,2026-01-25 08:52:51
C01304,Damaged pavement,Damaged pavement. Nation boy project read I head standard none need.,Roads,Medium,48,56,True,17.28888639,78.39814081,Pending,2026-02-05 08:52:51
C01305,Unsafe area,Unsafe area. Civil increase Congress provide item small strong name course center learn girl although.,Public Safety,Critical,95,31,False,17.35953815,78.60083343,Resolved,2026-03-01 08:52:51
C01306,Illegal parking,Illegal parking. Support kind Republican third hope along care especially if moment energy leader.,Traffic,High,55,75,False,17.34282634,78.39802342,Pending,2025-06-07 08:52:51
C01307,Broken bench,Broken bench. Hard out say measure stuff who way short heart.,Parks,Critical,98,72,False,17.31200314,78.60692161,Resolved,2025-09-08 08:52:51
C01308,Unsafe area,Unsafe area. Serve deal cell view art away road.,Public Safety,High,83,41,False,17.29200836,78.48286491,Assigned,2025-07-18 08:52:51
C01309,Sewage overflow,Sewage overflow. Address team yeah station bag pull cup action speech.,Drainage,Medium,45,23,False,17.28216389,78.57096081,In Progress,2025-10-20 08:52:51
C01310,Waterlogging,Waterlogging. Say explain process claim what center hair community artist machine our.,Drainage,Medium,31,78,False,17.48241595,78.60706659,Closed,2025-12-16 08:52:51
C01311,Pothole on road,Pothole on road. Organization according base however member two poor.,Roads,Medium,33,24,False,17.44152566,78.36433898,Resolved,2026-05-07 08:52:51
C01312,Illegal parking,Illegal parking. Glass feel loss run east public research dark turn.,Traffic,High,62,41,False,17.46025098,78.51782055,Closed,2026-02-21 08:52:51
C01313,Pipeline burst,Pipeline burst. Particularly dark field girl up rule specific blood food where arrive live every run range.,Water Supply,Medium,30,46,False,17.48206309,78.57432379,Pending,2026-05-15 08:52:51
C01314,Street light not working,Street light not working. Medical space research build window exactly glass dream ever claim company term.,Electrical,High,100,10,False,17.26041655,78.34220075,Resolved,2025-06-18 08:52:51
C01315,Street light not working,Street light not working. Program investment listen gas kitchen ball strong what appear war bit recent mission responsibility.,Electrical,High,55,83,False,17.23960207,78.38677129,Assigned,2026-04-27 08:52:51
C01316,Abandoned vehicle,Abandoned vehicle. Score past stuff bed include business we another those put government son American him manager.,Public Safety,High,57,66,False,17.3346673,78.55535151,In Progress,2025-12-08 08:52:51
C01317,Unsafe area,Unsafe area. Result skill control money receive article event nature require today man visit.,Public Safety,Medium,28,28,False,17.41935517,78.5291317,Closed,2026-01-02 08:52:51
C01318,Overflowing waste bins,Overflowing waste bins. Finally fly hair likely reason continue major treat table degree almost sort for within want performance.,Sanitation,High,74,28,False,17.45087547,78.44173291,Closed,2026-03-07 08:52:51
C01319,Damaged playground,Damaged playground. Road suffer discussion feeling friend interesting vote may.,Parks,Low,12,28,True,17.29747894,78.57387526,In Progress,2026-04-16 08:52:51
C01320,Traffic congestion,Traffic congestion. International here perhaps structure win night meeting appear lot move five a.,Traffic,High,97,49,False,17.35497409,78.54622318,In Progress,2026-01-31 08:52:51
C01321,Pipeline burst,Pipeline burst. Enter quality sit deal one half international seat put quickly young build tonight certain me.,Water Supply,Low,3,25,False,17.34472932,78.62467025,Pending,2025-09-21 08:52:51
C01322,Overflowing waste bins,Overflowing waste bins. Question attack thousand baby sound building exist space ok.,Sanitation,High,60,77,False,17.40831639,78.40111464,In Progress,2025-12-07 08:52:51
C01323,Abandoned vehicle,Abandoned vehicle. Away strong energy sing expert safe opportunity along who politics picture federal.,Public Safety,Medium,34,7,False,17.42590414,78.58572308,Assigned,2025-09-21 08:52:51
C01324,Overflowing waste bins,Overflowing waste bins. Role turn treat remember oil family piece station.,Sanitation,High,72,3,False,17.41277182,78.55324502,Resolved,2026-01-09 08:52:51
C01325,Garbage not collected,Garbage not collected. Exist someone early fact increase technology radio design experience ready box thank figure.,Sanitation,High,54,20,False,17.45830064,78.61374114,In Progress,2025-06-20 08:52:51
C01326,Power outage,Power outage. Water evidence job several black check consumer star federal pick less out style nice threat home.,Electrical,Low,12,75,False,17.39603834,78.59583792,Resolved,2026-01-11 08:52:51
C01327,Drain blockage,Drain blockage. Employee view piece their physical find election turn large.,Drainage,High,72,68,False,17.35254006,78.55837337,Assigned,2025-11-22 08:52:51
C01328,Water leakage,Water leakage. Parent eight short business assume together light.,Water Supply,Critical,100,14,False,17.32412616,78.39412899,Closed,2025-10-15 08:52:51
C01329,Unsafe area,Unsafe area. Ball stay bring whatever former child indicate fear evening east federal responsibility campaign condition expect statement.,Public Safety,Low,19,80,False,17.48640153,78.35301212,Pending,2026-05-14 08:52:51
C01330,Damaged pavement,Damaged pavement. Worry remember defense south successful care discussion pretty eye shoulder ask trip generation.,Roads,Medium,36,67,False,17.28094052,78.54161958,Assigned,2026-03-23 08:52:51
C01331,Road crack,Road crack. Everything friend full worker sister act letter character.,Roads,High,89,80,False,17.4105991,78.61543863,In Progress,2025-12-13 08:52:51
C01332,Sewage overflow,Sewage overflow. Include keep can certain program six once human message option Democrat executive until star.,Drainage,High,81,52,False,17.40135658,78.53436415,Assigned,2025-11-07 08:52:51
C01333,Loose electric wire,Loose electric wire. Central traditional much fact thought dream popular child cultural customer generation from course usually concern laugh.,Electrical,Low,18,18,False,17.35731653,78.58066385,Closed,2025-10-02 08:52:51
C01334,Sewage overflow,Sewage overflow. Step race save body begin wall to.,Drainage,High,98,7,False,17.48301504,78.34080616,Pending,2025-06-10 08:52:51
C01335,Abandoned vehicle,Abandoned vehicle. Claim story and less group sound read realize soldier Democrat dream or about per cultural.,Public Safety,High,72,67,False,17.36397807,78.5883018,In Progress,2026-03-29 08:52:51
C01336,Park maintenance issue,Park maintenance issue. Benefit war cost each computer state entire minute.,Parks,Low,8,22,False,17.32155257,78.44373662,Assigned,2025-06-24 08:52:51
C01337,Traffic congestion,Traffic congestion. Amount half might painting study sea political individual become hospital rock project.,Traffic,Low,23,5,False,17.50916953,78.5910687,Assigned,2025-10-27 08:52:51
C01338,Drain blockage,Drain blockage. Money western particularly office same everything worry agreement improve.,Drainage,Low,23,88,False,17.36956501,78.63544855,Closed,2025-09-16 08:52:51
C01339,Damaged pavement,Damaged pavement. Letter and employee require suggest else person when.,Roads,Low,3,79,False,17.43212323,78.42672993,Assigned,2025-06-16 08:52:51
C01340,Garbage not collected,Garbage not collected. Take while production majority company turn field site first although design class.,Sanitation,Low,17,87,True,17.47282004,78.3654906,Closed,2025-06-11 08:52:51
C01341,Park maintenance issue,Park maintenance issue. Party heavy employee woman seven inside people.,Parks,Critical,94,55,True,17.44358078,78.60808074,Resolved,2026-01-23 08:52:51
C01342,Illegal parking,Illegal parking. Town president general product generation green professor ball own bad front against.,Traffic,High,67,8,False,17.52558393,78.359673,Pending,2025-10-01 08:52:51
C01343,Park maintenance issue,Park maintenance issue. Region though sister participant control station phone.,Parks,High,90,85,False,17.52369761,78.55221501,Closed,2026-01-18 08:52:51
C01344,Sewage overflow,Sewage overflow. Reach begin financial change buy girl cause economic act speech court fund evening.,Drainage,Critical,87,47,False,17.44726925,78.60183209,Closed,2025-09-22 08:52:51
C01345,Garbage not collected,Garbage not collected. Join understand source behind could develop people brother age yes skill.,Sanitation,Low,19,4,False,17.43067224,78.36343201,In Progress,2026-04-10 08:52:51
C01346,Water leakage,Water leakage. Husband too light thousand safe major resource significant weight role relationship analysis who deep heart.,Water Supply,High,72,90,False,17.28094419,78.44365711,Pending,2026-05-29 08:52:51
C01347,Pipeline burst,Pipeline burst. Space fish science team difference tonight environment tend.,Water Supply,High,51,64,False,17.41152398,78.40515696,Pending,2025-10-20 08:52:51
C01348,No water supply,No water supply. Could couple purpose become scene seven hotel truth soon level hot live practice pressure day.,Water Supply,Medium,43,51,False,17.25858088,78.46872515,Pending,2026-01-23 08:52:51
C01349,No water supply,No water supply. Team reduce although morning produce court girl week feel simply happen name blood open.,Water Supply,High,66,94,False,17.27755662,78.60019582,Assigned,2025-10-26 08:52:51
C01350,Traffic congestion,Traffic congestion. Baby field else none south line stuff expect necessary threat none without kid well.,Traffic,High,65,71,False,17.47704445,78.50410244,Pending,2026-04-12 08:52:51
C01351,Power outage,Power outage. Difficult south must reflect really picture rest it maybe Congress down work catch day happen.,Electrical,High,60,98,True,17.28968023,78.63214809,Resolved,2025-09-30 08:52:51
C01352,Trash accumulation,Trash accumulation. Hundred create those imagine dog resource year your finish forward work form often easy Mrs.,Sanitation,Critical,100,22,False,17.23849627,78.40054627,In Progress,2025-10-09 08:52:51
C01353,Trash accumulation,Trash accumulation. War through next can song stock yet yet.,Sanitation,High,52,11,False,17.27815337,78.45376874,In Progress,2026-02-20 08:52:51
C01354,Park maintenance issue,Park maintenance issue. Provide before all contain notice occur artist detail news after meet rich.,Parks,Medium,40,36,False,17.37061145,78.49414164,Pending,2025-10-12 08:52:51
C01355,Abandoned vehicle,Abandoned vehicle. Church adult available particularly civil then today feeling stock new mean look improve outside type.,Public Safety,High,62,72,False,17.5104913,78.39789572,Resolved,2026-01-26 08:52:51
C01356,Unsafe area,Unsafe area. Remain station that west deep ask cultural matter practice half describe teach activity remember go.,Public Safety,Low,0,83,False,17.37639571,78.40630638,Assigned,2025-12-10 08:52:51
C01357,Road crack,Road crack. Should central dream inside section affect statement.,Roads,Medium,31,82,False,17.30981637,78.46595662,Closed,2026-03-12 08:52:51
C01358,Traffic congestion,Traffic congestion. Themselves story network read memory go seek this continue.,Traffic,Low,5,29,False,17.313468,78.42314099,Assigned,2025-09-20 08:52:51
C01359,Power outage,Power outage. Much agreement employee always financial professional cup sit rule.,Electrical,Low,24,85,False,17.50163358,78.48133519,In Progress,2025-10-25 08:52:51
C01360,Street light not working,Street light not working. Born often pull treat strategy people small claim station structure look become.,Electrical,Low,23,39,False,17.47027267,78.35887934,Assigned,2025-06-21 08:52:51
C01361,Park maintenance issue,Park maintenance issue. Tv relate idea outside occur color produce receive cup.,Parks,High,98,8,False,17.33379019,78.41378794,Pending,2026-03-23 08:52:51
C01362,Traffic congestion,Traffic congestion. Every apply participant area manage huge miss huge put concern.,Traffic,Low,13,81,False,17.49419393,78.42654499,Resolved,2026-01-03 08:52:51
C01363,Damaged playground,Damaged playground. Good fund theory wind who cover could occur.,Parks,Low,21,35,False,17.25587706,78.50773506,Pending,2025-08-05 08:52:51
C01364,Public nuisance,Public nuisance. Stop speak participant seven success catch guess become involve unit series none black reality production several.,Public Safety,Medium,30,45,False,17.38353474,78.52995407,Closed,2026-04-27 08:52:51
C01365,Public nuisance,Public nuisance. Three response task view sell support professor point citizen movie able interesting ability white.,Public Safety,Medium,35,45,False,17.45136785,78.5661962,Assigned,2025-11-23 08:52:51
C01366,Waterlogging,Waterlogging. Continue after view across woman and prevent.,Drainage,Critical,81,93,False,17.33366921,78.4921002,In Progress,2026-03-03 08:52:51
C01367,Garbage not collected,Garbage not collected. Film lead individual become story save year future organization big thank edge serve turn dinner.,Sanitation,Critical,92,42,False,17.34787116,78.61362376,Pending,2025-10-06 08:52:51
C01368,Sewage overflow,Sewage overflow. House could five official drive teach concern set commercial tree land prepare evening about entire.,Drainage,Critical,92,37,False,17.49636206,78.47352267,Assigned,2026-01-26 08:52:51
C01369,Unsafe area,Unsafe area. Last week exist long cold surface study finish mother.,Public Safety,Low,19,72,False,17.36547652,78.4450322,Closed,2026-05-11 08:52:51
C01370,Street light not working,Street light not working. Spend reality light have heavy deal question build adult.,Electrical,Medium,35,10,True,17.40565065,78.57850335,Closed,2026-03-08 08:52:51
C01371,Damaged playground,Damaged playground. Rest serve together move happy strategy wall material own.,Parks,High,75,36,False,17.36553601,78.44625449,In Progress,2025-08-05 08:52:51
C01372,Road crack,Road crack. Town kid election enough address describe tonight feel human even better who remain imagine guess.,Roads,High,61,3,False,17.48112953,78.40254591,Closed,2025-06-16 08:52:51
C01373,Unsafe area,Unsafe area. Key anyone face call employee leave fish tell office pull seven middle dark.,Public Safety,Low,12,77,True,17.51211788,78.37181742,Pending,2026-04-15 08:52:51
C01374,Power outage,Power outage. Professor approach quite rule voice why keep two.,Electrical,High,98,10,True,17.41373658,78.39626949,Resolved,2025-10-30 08:52:51
C01375,Traffic congestion,Traffic congestion. Now kid four government price forward book wind view culture then.,Traffic,Low,25,90,False,17.33475234,78.47632872,Resolved,2026-02-23 08:52:51
C01376,Garbage not collected,Garbage not collected. Improve because project fine book time whatever continue throw smile third become.,Sanitation,High,73,18,False,17.51775424,78.46177302,In Progress,2025-06-29 08:52:51
C01377,Damaged playground,Damaged playground. So health television cultural administration ask take word several agent color spend.,Parks,High,52,35,False,17.26788878,78.43074607,Assigned,2025-07-18 08:52:51
C01378,Road crack,Road crack. Include gun likely answer day travel detail Mr crime.,Roads,High,99,38,False,17.3400837,78.49801313,Closed,2025-11-29 08:52:51
C01379,Public nuisance,Public nuisance. Drop behind east treatment low sense your body would live capital remember.,Public Safety,High,90,1,False,17.4278207,78.56844996,Closed,2025-08-17 08:52:51
C01380,Abandoned vehicle,Abandoned vehicle. Action cause four certainly just back population policy resource find somebody now nation focus plant.,Public Safety,Medium,40,13,False,17.43747804,78.47295545,Assigned,2025-06-21 08:52:51
C01381,Damaged playground,Damaged playground. Establish require product without reveal bag quickly stuff.,Parks,Medium,26,60,False,17.49205697,78.35499925,Pending,2026-02-14 08:52:51
C01382,Drain blockage,Drain blockage. Anything avoid choice learn center understand society.,Drainage,High,57,73,False,17.50192635,78.62139248,Assigned,2025-07-21 08:52:51
C01383,Public nuisance,Public nuisance. Alone media quite adult on pretty tell effort significant scene financial system dark live establish.,Public Safety,Low,6,63,False,17.31199819,78.55218083,Closed,2026-03-15 08:52:51
C01384,Drain blockage,Drain blockage. Few couple candidate continue give citizen believe member political begin become keep visit.,Drainage,Low,12,69,False,17.53471053,78.43681351,Assigned,2026-02-21 08:52:51
C01385,Pothole on road,Pothole on road. Hear evidence herself again TV close sign that money.,Roads,High,83,53,True,17.46888798,78.50845755,Pending,2026-04-09 08:52:51
C01386,Trash accumulation,Trash accumulation. Cell law yet common learn know result strategy.,Sanitation,Critical,86,4,False,17.39791819,78.38549706,In Progress,2026-03-21 08:52:51
C01387,Pipeline burst,Pipeline burst. Around pressure party huge leave body just budget how her time.,Water Supply,High,78,86,False,17.26551539,78.54630828,In Progress,2025-10-27 08:52:51
C01388,Illegal parking,Illegal parking. Each visit commercial range walk these born.,Traffic,High,70,16,True,17.37769336,78.39259843,Assigned,2026-05-27 08:52:51
C01389,Illegal parking,Illegal parking. Population resource receive guess generation finish information accept brother feel trade feel.,Traffic,High,63,55,False,17.25432677,78.52095563,Closed,2026-03-09 08:52:51
C01390,Traffic congestion,Traffic congestion. Work recognize many how number game line address technology majority.,Traffic,High,77,64,True,17.51745711,78.57296196,Resolved,2025-08-28 08:52:51
C01391,Unsafe area,Unsafe area. Chance discover lot list happen art have consumer.,Public Safety,High,81,77,False,17.38650984,78.36461058,Assigned,2025-07-10 08:52:51
C01392,Unsafe area,Unsafe area. Fight inside phone give away amount lay citizen position someone Republican religious.,Public Safety,Medium,45,88,False,17.45231379,78.3913945,Resolved,2026-04-30 08:52:51
C01393,Overflowing waste bins,Overflowing waste bins. Democrat financial meeting agency person issue us want everyone identify open coach read probably majority debate.,Sanitation,High,77,71,False,17.38987614,78.44014606,Pending,2026-04-02 08:52:51
C01394,Public nuisance,Public nuisance. Lead court analysis door when offer important me dinner Republican you option positive.,Public Safety,High,83,23,False,17.44246722,78.45163612,Closed,2026-01-11 08:52:51
C01395,Garbage not collected,Garbage not collected. Evidence to million different part future cause million national land record lot best.,Sanitation,Medium,29,35,False,17.30155427,78.37618078,Pending,2026-03-27 08:52:51
C01396,Drain blockage,Drain blockage. Much fish they live left last him threat daughter during worry.,Drainage,High,73,52,False,17.4992853,78.3431122,Assigned,2026-02-25 08:52:51
C01397,Road crack,Road crack. Project friend world view social down it common analysis loss human close stand six better.,Roads,Low,3,63,False,17.29853886,78.40822141,In Progress,2026-02-13 08:52:51
C01398,Street light not working,Street light not working. Pay director including network discuss pressure impact medical last give.,Electrical,Low,25,91,False,17.31992185,78.41317131,Assigned,2025-10-17 08:52:51
C01399,Pipeline burst,Pipeline burst. Set realize which mission able detail make side meeting who forward everything improve study member easy.,Water Supply,Low,5,85,False,17.334792,78.54677161,Pending,2026-01-21 08:52:51
C01400,Road crack,Road crack. Born side course mean lot especially continue throughout night Democrat stay.,Roads,High,70,21,False,17.33995562,78.44317549,Resolved,2026-01-30 08:52:51
C01401,Drain blockage,Drain blockage. Pressure produce machine drive certainly after property matter system surface step five them up.,Drainage,Low,3,12,False,17.4098061,78.63160281,Closed,2025-09-24 08:52:51
C01402,Road crack,Road crack. Citizen key how factor standard hand door recognize foot today note material.,Roads,High,61,28,False,17.52109363,78.61398408,Pending,2025-07-22 08:52:51
C01403,Unsafe area,Unsafe area. Rest glass natural bad tend answer short protect always man claim contain travel.,Public Safety,High,83,66,True,17.2809673,78.3687661,Pending,2026-04-05 08:52:51
C01404,Traffic congestion,Traffic congestion. Night sign history sell simple force life knowledge within without most street.,Traffic,High,51,98,False,17.40363913,78.44901966,In Progress,2026-03-13 08:52:51
C01405,Illegal parking,Illegal parking. With finally anything shake player too quickly five either wait area.,Traffic,Low,7,33,False,17.44570447,78.47602274,Closed,2025-06-17 08:52:51
C01406,Power outage,Power outage. Know apply true any pick why join.,Electrical,Medium,41,41,False,17.36915182,78.5527202,Resolved,2025-12-14 08:52:51
C01407,Power outage,Power outage. Right both smile clearly theory miss manage power care radio.,Electrical,Low,13,23,False,17.26858793,78.48777867,Resolved,2025-11-27 08:52:51
C01408,Sewage overflow,Sewage overflow. Meeting despite year white appear something run.,Drainage,Low,4,41,False,17.52556266,78.55917148,Resolved,2026-01-10 08:52:51
C01409,Traffic congestion,Traffic congestion. Network two society term though describe imagine moment worry.,Traffic,High,78,68,True,17.40367538,78.50690518,Closed,2025-07-15 08:52:51
C01410,Abandoned vehicle,Abandoned vehicle. Make man mind food if record kid American.,Public Safety,High,52,15,False,17.32927071,78.51557514,In Progress,2026-01-02 08:52:51
C01411,Damaged playground,Damaged playground. Painting thing for go lead who whose process serious point fish unit medical new catch.,Parks,Medium,42,49,False,17.4745035,78.60421487,Resolved,2025-10-31 08:52:51
C01412,Water leakage,Water leakage. Popular behavior adult media each easy list security nation phone whole century herself consider pay conference.,Water Supply,High,69,58,False,17.43687723,78.60386441,Assigned,2025-12-21 08:52:51
C01413,Trash accumulation,Trash accumulation. Away news expert item scene matter while spend.,Sanitation,High,74,6,False,17.49178472,78.55584538,Assigned,2025-09-15 08:52:51
C01414,Road crack,Road crack. Strong perhaps environmental play black stuff road two large.,Roads,Medium,42,71,False,17.27958974,78.35465824,Closed,2025-08-04 08:52:51
C01415,Garbage not collected,Garbage not collected. Hot interesting tell rise participant production such task science officer production when reduce shake.,Sanitation,Low,5,30,False,17.28853775,78.50554802,In Progress,2025-07-06 08:52:51
C01416,Power outage,Power outage. Green enough where head imagine movement those.,Electrical,High,85,70,False,17.27866213,78.46837153,Assigned,2025-09-28 08:52:51
C01417,Overflowing waste bins,Overflowing waste bins. Mind practice stuff them well issue season establish PM move lay teacher fact international sound.,Sanitation,High,74,84,True,17.31807991,78.34554309,Pending,2025-08-02 08:52:51
C01418,Damaged playground,Damaged playground. Painting participant against account realize deal that also Mr relationship others.,Parks,Medium,40,93,False,17.36931485,78.43048515,Closed,2026-04-23 08:52:51
C01419,Water leakage,Water leakage. Although early now different husband born appear law work may final vote remember.,Water Supply,Low,6,35,False,17.25151331,78.40933942,Closed,2026-02-01 08:52:51
C01420,Damaged playground,Damaged playground. Determine serve situation really buy sometimes ground start situation system.,Parks,Medium,46,61,True,17.35352932,78.34760544,In Progress,2026-01-18 08:52:51
C01421,Damaged playground,Damaged playground. Would though word who play house north.,Parks,Critical,84,25,False,17.47048464,78.55774024,Pending,2025-09-04 08:52:51
C01422,Pipeline burst,Pipeline burst. Each center other force soldier today sell.,Water Supply,Medium,38,70,False,17.26424426,78.58140506,Assigned,2025-10-17 08:52:51
C01423,Waterlogging,Waterlogging. Drop course often firm teacher pick manage tell send member.,Drainage,High,61,0,True,17.41845562,78.41840356,Closed,2025-11-29 08:52:51
C01424,Pothole on road,Pothole on road. Gas husband yes even look maintain appear whatever want interesting find question.,Roads,Low,1,14,False,17.29688432,78.50506328,Resolved,2026-01-01 08:52:51
C01425,Park maintenance issue,Park maintenance issue. Improve event food identify Democrat their result word learn loss agency resource use.,Parks,Low,23,6,False,17.5099991,78.47895691,Closed,2025-10-27 08:52:51
C01426,Road crack,Road crack. Over impact enter chair poor other want again.,Roads,High,55,52,False,17.30439306,78.54158976,Closed,2026-04-18 08:52:51
C01427,Sewage overflow,Sewage overflow. Single view find stay attack someone hospital.,Drainage,High,69,25,False,17.41774072,78.50310391,Closed,2025-11-08 08:52:51
C01428,Road crack,Road crack. Stand letter character find hold figure could.,Roads,Low,15,48,False,17.3257526,78.57105285,Pending,2025-08-27 08:52:51
C01429,Illegal parking,Illegal parking. Information community tree interesting speak door six bag down throughout practice they everyone wind body music.,Traffic,Medium,29,96,False,17.32754378,78.52062964,Resolved,2025-07-21 08:52:51
C01430,Damaged playground,Damaged playground. Entire cup from operation together shoulder property candidate environment anything walk region process example third.,Parks,High,83,70,False,17.30548416,78.42542211,Assigned,2025-09-09 08:52:51
C01431,Power outage,Power outage. Attention rich even because choice skill hold control prevent kid project discover speech between.,Electrical,Medium,50,72,False,17.52146175,78.46608854,Closed,2025-08-24 08:52:51
C01432,Broken bench,Broken bench. Charge training condition grow west subject might like class huge through child law travel moment fear.,Parks,High,77,93,True,17.25528682,78.59840866,Assigned,2025-06-08 08:52:51
C01433,Damaged playground,Damaged playground. Rate half reach identify director data call summer report admit economy arm.,Parks,Low,24,65,False,17.29344642,78.55443888,Closed,2025-10-18 08:52:51
C01434,Loose electric wire,Loose electric wire. Which seem require feeling huge open relationship pattern.,Electrical,High,51,6,False,17.35788463,78.3605566,Pending,2026-04-27 08:52:51
C01435,Power outage,Power outage. Entire never we later cell force maintain group.,Electrical,High,74,54,False,17.52241123,78.35409857,Assigned,2026-05-09 08:52:51
C01436,No water supply,No water supply. Employee group responsibility sit be save her.,Water Supply,High,81,79,False,17.38845692,78.56908352,Resolved,2025-08-11 08:52:51
C01437,Abandoned vehicle,Abandoned vehicle. Report street probably TV control car tax size your goal war general fly everything.,Public Safety,Low,7,4,True,17.25611817,78.61021703,Pending,2026-01-03 08:52:51
C01438,Waterlogging,Waterlogging. Collection court number social car purpose try yes five once example listen possible fly it.,Drainage,Low,3,11,True,17.299589,78.48954758,Closed,2025-08-28 08:52:51
C01439,Power outage,Power outage. Tree manager feel despite age continue reveal bed where increase.,Electrical,Low,21,14,False,17.47014784,78.37553854,In Progress,2026-05-13 08:52:51
C01440,Unsafe area,Unsafe area. Family benefit beat little race statement million police policy region home sometimes quite new increase.,Public Safety,High,95,50,False,17.33803851,78.5010669,Closed,2026-04-17 08:52:51
C01441,Public nuisance,Public nuisance. Teacher eight interesting again reduce central town cell this surface star continue task training song.,Public Safety,Medium,40,62,False,17.43611546,78.63202494,Pending,2025-06-18 08:52:51
C01442,Illegal parking,Illegal parking. Argue dream piece continue sometimes expect old.,Traffic,High,56,33,True,17.52005607,78.4885386,Assigned,2025-08-27 08:52:51
C01443,Sewage overflow,Sewage overflow. Simple never must more focus around general stay nearly training far challenge contain project traditional ready.,Drainage,Low,21,94,False,17.32755854,78.61731075,Resolved,2025-12-25 08:52:51
C01444,Abandoned vehicle,Abandoned vehicle. Those college family majority old drop and.,Public Safety,High,56,19,False,17.51181189,78.40916911,Resolved,2026-02-07 08:52:51
C01445,Loose electric wire,Loose electric wire. Mind entire hair economy civil fly game also bank class bank traditional national their.,Electrical,High,56,49,False,17.43601764,78.40054713,In Progress,2026-05-17 08:52:51
C01446,Sewage overflow,Sewage overflow. Movie draw tend hair president majority be effect meeting suddenly executive employee question hope go.,Drainage,Medium,32,39,False,17.2881192,78.49569667,Pending,2026-02-14 08:52:51
C01447,Water leakage,Water leakage. Believe you significant beautiful return feel meet.,Water Supply,Medium,47,36,False,17.23822772,78.53017057,In Progress,2025-06-03 08:52:51
C01448,Damaged playground,Damaged playground. Job mind yet forget view hour free play white according answer need consumer president nation.,Parks,Medium,27,37,False,17.42930569,78.43850555,Closed,2026-05-18 08:52:51
C01449,Public nuisance,Public nuisance. Opportunity attack small support important a thousand minute street someone push have.,Public Safety,Critical,97,54,False,17.30188822,78.40476314,In Progress,2025-11-19 08:52:51
C01450,Waterlogging,Waterlogging. Type machine without campaign million land organization probably trial understand daughter teacher.,Drainage,Medium,27,95,True,17.35771175,78.53773842,Closed,2025-08-21 08:52:51
C01451,Pipeline burst,Pipeline burst. Only together receive why would subject radio only respond somebody Mr operation good can.,Water Supply,Medium,43,31,False,17.40167509,78.35936723,Assigned,2026-02-09 08:52:51
C01452,Trash accumulation,Trash accumulation. Economic from high defense area item stand account less lot follow Mrs.,Sanitation,Low,24,96,False,17.3775298,78.52734727,Closed,2025-10-22 08:52:51
C01453,Damaged playground,Damaged playground. New north here its professional buy of Congress worry.,Parks,Critical,83,15,True,17.41471968,78.48054413,Closed,2026-05-03 08:52:51
C01454,Public nuisance,Public nuisance. Movement board main southern also story ability science room write idea billion born.,Public Safety,Low,13,42,False,17.3046831,78.58339232,Closed,2026-01-13 08:52:51
C01455,Unsafe area,Unsafe area. Between agency rich in system expect remain nothing line Mrs wide.,Public Safety,Low,4,20,False,17.38744757,78.60527957,Assigned,2026-06-02 08:52:51
C01456,Broken bench,Broken bench. Attention south way already able side which figure skin fact seven.,Parks,Medium,48,82,True,17.4087314,78.35139213,In Progress,2026-02-07 08:52:51
C01457,Trash accumulation,Trash accumulation. Position many century large manage author drug sense take she where.,Sanitation,High,63,81,False,17.49425035,78.47437941,Assigned,2025-11-17 08:52:51
C01458,Water leakage,Water leakage. Lose compare continue much long religious entire time three common what walk recent water after.,Water Supply,Critical,82,85,False,17.50897397,78.38261776,Resolved,2025-07-23 08:52:51
C01459,Trash accumulation,Trash accumulation. Test summer single author few thing evidence civil hard where health occur its true.,Sanitation,High,73,46,True,17.52052199,78.6153589,Resolved,2025-06-19 08:52:51
C01460,Street light not working,Street light not working. Recent himself free foot father suggest particular whose.,Electrical,Medium,36,84,False,17.42507635,78.39975699,In Progress,2025-08-24 08:52:51
C01461,Water leakage,Water leakage. Tough stay way common head customer forget.,Water Supply,High,98,37,False,17.31573245,78.53811334,Resolved,2025-10-06 08:52:51
C01462,Abandoned vehicle,Abandoned vehicle. Authority service interest under son glass growth song clear company quickly upon conference seat gun up.,Public Safety,High,66,39,False,17.514075,78.57357367,In Progress,2025-08-12 08:52:51
C01463,Sewage overflow,Sewage overflow. Stop one reduce same range far leader become per keep our.,Drainage,Medium,39,68,False,17.2842278,78.38880769,In Progress,2025-10-16 08:52:51
C01464,Drain blockage,Drain blockage. Hope doctor window week should him bag collection exist hot college teach they raise threat.,Drainage,Low,0,23,False,17.36651404,78.58089153,Resolved,2026-03-23 08:52:51
C01465,Water leakage,Water leakage. Price light key growth painting morning product keep new job even cell list culture.,Water Supply,Low,24,73,False,17.25809976,78.45973916,Pending,2025-12-06 08:52:51
C01466,Road crack,Road crack. Actually subject try decade loss low west.,Roads,Low,12,21,False,17.25581761,78.36625761,Resolved,2026-02-17 08:52:51
C01467,Park maintenance issue,Park maintenance issue. Discover guess walk management control order campaign size morning safe brother.,Parks,Medium,42,31,True,17.36682816,78.5974857,Closed,2026-05-07 08:52:51
C01468,Sewage overflow,Sewage overflow. Face nation far girl four vote easy defense ahead participant.,Drainage,Critical,91,46,False,17.30495218,78.60407872,Assigned,2025-09-10 08:52:51
C01469,Drain blockage,Drain blockage. Present off writer leader fast if front budget.,Drainage,Critical,81,2,False,17.33381706,78.34700137,Resolved,2026-04-24 08:52:51
C01470,Traffic signal failure,Traffic signal failure. Plan democratic job quite administration whom early night vote she majority person.,Traffic,Medium,32,17,False,17.45520613,78.44480105,Assigned,2026-02-12 08:52:51
C01471,Power outage,Power outage. Which upon section dog statement treat thank sister test box.,Electrical,Medium,30,63,False,17.27017508,78.37113665,In Progress,2026-02-12 08:52:51
C01472,Illegal parking,Illegal parking. Hit benefit memory somebody school detail system whose.,Traffic,High,63,71,False,17.38044181,78.50721151,Closed,2025-08-29 08:52:51
C01473,Garbage not collected,Garbage not collected. Hotel sea never job many a president upon event trial daughter third fight many clearly.,Sanitation,Medium,44,35,False,17.42417783,78.59764332,Resolved,2026-02-09 08:52:51
C01474,Garbage not collected,Garbage not collected. Particular region few water out degree simple bad bad stay back air.,Sanitation,High,79,2,False,17.48881956,78.60344091,Pending,2026-03-02 08:52:51
C01475,Abandoned vehicle,Abandoned vehicle. Factor wear finally program skill people play its whether.,Public Safety,Critical,88,93,False,17.34148017,78.36683839,In Progress,2025-07-28 08:52:51
C01476,Park maintenance issue,Park maintenance issue. Ever attack agent nature middle far east work major season call.,Parks,High,96,34,False,17.32747383,78.51290537,Assigned,2026-02-16 08:52:51
C01477,No water supply,No water supply. None visit benefit population account adult consider peace skin gun center.,Water Supply,High,96,9,False,17.33525315,78.50111067,Pending,2025-08-16 08:52:51
C01478,Waterlogging,Waterlogging. Audience science risk lose soldier keep month take ask.,Drainage,High,96,29,False,17.51421967,78.40931881,In Progress,2025-12-18 08:52:51
C01479,Water leakage,Water leakage. Low particular security understand party positive tough only charge pattern business take.,Water Supply,Low,9,6,False,17.35287348,78.54199799,Assigned,2025-06-13 08:52:51
C01480,Power outage,Power outage. Also court concern small play civil stand really prove trade follow suggest black only article concern.,Electrical,Low,9,81,False,17.25097719,78.52605005,Pending,2026-03-11 08:52:51
C01481,Loose electric wire,Loose electric wire. Science alone religious room decision fill run history however base dog speech issue.,Electrical,Medium,48,88,False,17.33569047,78.524987,In Progress,2025-08-12 08:52:51
C01482,Park maintenance issue,Park maintenance issue. Home business trial save decade parent improve show thing.,Parks,High,97,42,False,17.43245111,78.58635633,Assigned,2026-05-08 08:52:51
C01483,Garbage not collected,Garbage not collected. Author politics have purpose anyone can play box we carry because question seven.,Sanitation,Medium,47,1,True,17.51688395,78.44877556,In Progress,2026-01-08 08:52:51
C01484,Trash accumulation,Trash accumulation. Participant middle trial then their every hot tend write.,Sanitation,High,51,74,False,17.52994213,78.60950533,In Progress,2026-05-17 08:52:51
C01485,Public nuisance,Public nuisance. Standard should major car imagine lead campaign meeting operation money central protect radio.,Public Safety,High,69,53,False,17.41204241,78.59142785,Resolved,2026-05-19 08:52:51
C01486,Traffic signal failure,Traffic signal failure. Middle training door century never there child drive trade share fine under guess peace these.,Traffic,Medium,37,20,True,17.29239833,78.40343403,In Progress,2026-01-04 08:52:51
C01487,Unsafe area,Unsafe area. For purpose air far road air myself professor white best speech thousand.,Public Safety,High,63,23,False,17.50259116,78.3537785,Closed,2025-12-14 08:52:51
C01488,Illegal parking,Illegal parking. Sometimes job smile show report pattern throw bill executive cover.,Traffic,Low,15,57,False,17.43270148,78.35931863,Resolved,2025-11-23 08:52:51
C01489,Park maintenance issue,Park maintenance issue. Send responsibility evidence those before ten shake seat around scientist bed whose country former fill.,Parks,High,64,84,True,17.35919531,78.59769049,Resolved,2025-10-27 08:52:51
C01490,Public nuisance,Public nuisance. But protect success surface alone quality big provide.,Public Safety,High,54,95,False,17.46130989,78.4400591,Closed,2026-01-19 08:52:51
C01491,Traffic signal failure,Traffic signal failure. Thousand knowledge follow kid page car position must large too foreign education force game cell.,Traffic,Critical,85,44,False,17.34087924,78.39624135,In Progress,2025-06-17 08:52:51
C01492,Waterlogging,Waterlogging. Prove thank important response strong various five forget candidate.,Drainage,Medium,31,52,False,17.31715762,78.56296436,Pending,2025-07-20 08:52:51
C01493,Drain blockage,Drain blockage. Sit many still college carry might take.,Drainage,Critical,81,52,False,17.33354195,78.35000194,In Progress,2026-06-01 08:52:51
C01494,Garbage not collected,Garbage not collected. Learn every budget my beautiful control short benefit left upon put attorney.,Sanitation,High,76,20,False,17.25861749,78.59937273,Resolved,2026-05-25 08:52:51
C01495,Loose electric wire,Loose electric wire. Candidate control pattern fund do church thought product day heart kid factor skin.,Electrical,Low,23,77,False,17.38682748,78.58497223,Assigned,2025-11-20 08:52:51
C01496,Damaged playground,Damaged playground. Important whom Democrat step discuss baby everyone bill near many.,Parks,High,59,15,False,17.49640223,78.38536722,Closed,2026-05-27 08:52:51
C01497,Traffic congestion,Traffic congestion. Manager recognize thousand lawyer same similar sign.,Traffic,High,67,47,False,17.47284044,78.55571118,In Progress,2026-04-09 08:52:51
C01498,Unsafe area,Unsafe area. Economic record type through part black home.,Public Safety,High,83,58,False,17.27830716,78.37814642,Assigned,2025-11-23 08:52:51
C01499,Drain blockage,Drain blockage. Night participant want ability short prepare your generation water.,Drainage,Medium,45,15,False,17.35821614,78.52318421,Closed,2025-06-30 08:52:51
C01500,Traffic signal failure,Traffic signal failure. Health film week capital where radio professor thousand newspaper present democratic theory likely different rock three.,Traffic,Critical,88,93,False,17.49183513,78.40508571,Closed,2025-09-29 08:52:51
C01501,Road crack,Road crack. Play price PM strong should form guy bring must likely place tell nation beat lawyer national.,Roads,Low,13,73,False,17.26226416,78.47638732,Pending,2026-05-16 08:52:51
C01502,Sewage overflow,Sewage overflow. Sound describe result collection analysis boy end center apply theory involve cell man certainly participant live.,Drainage,Medium,34,56,False,17.38039477,78.5381738,Resolved,2026-03-27 08:52:51
C01503,Unsafe area,Unsafe area. Well really pressure both leg on here between.,Public Safety,Medium,30,46,False,17.28982161,78.5574646,Closed,2025-12-14 08:52:51
C01504,Sewage overflow,Sewage overflow. Stop exactly class something history her material answer such consumer.,Drainage,Low,2,24,True,17.34550546,78.56412646,Closed,2026-01-17 08:52:51
C01505,Pothole on road,Pothole on road. Everyone employee wide nothing catch behavior hundred can perhaps cold right free nation me night language.,Roads,Low,6,88,False,17.49581989,78.40778963,Assigned,2025-08-15 08:52:51
C01506,Traffic congestion,Traffic congestion. Middle whether require person home mind today five still her require trade.,Traffic,Medium,30,9,False,17.34119734,78.3636321,Assigned,2025-12-10 08:52:51
C01507,Water leakage,Water leakage. Lead move manager street what officer security.,Water Supply,High,61,83,False,17.40592402,78.47686432,Pending,2025-10-29 08:52:51
C01508,No water supply,No water supply. Especially investment already rate rate air result young radio executive another and chance mission.,Water Supply,Low,17,66,False,17.30449764,78.35977951,Assigned,2026-04-26 08:52:51
C01509,Damaged playground,Damaged playground. Today best leave oil how writer fly something book house everybody however.,Parks,High,63,39,False,17.5134311,78.52383306,Assigned,2025-09-12 08:52:51
C01510,Traffic congestion,Traffic congestion. Baby give all dinner gas let traditional ask position door happy popular major environment across.,Traffic,High,66,67,False,17.33170599,78.62975094,Closed,2026-01-11 08:52:51
C01511,Park maintenance issue,Park maintenance issue. Stop war western politics notice themselves likely wrong film.,Parks,High,70,85,False,17.32939841,78.34317155,Assigned,2025-12-23 08:52:51
C01512,Loose electric wire,Loose electric wire. Sing trip you public later happen same.,Electrical,Low,24,70,False,17.52381156,78.52242523,In Progress,2026-01-31 08:52:51
C01513,Traffic congestion,Traffic congestion. Pm choose bring race never authority gun understand break back.,Traffic,High,54,84,False,17.40183864,78.61215962,In Progress,2025-12-26 08:52:51
C01514,Broken bench,Broken bench. Involve design man fall seek base section base bank area middle management sometimes.,Parks,High,63,32,False,17.51575787,78.42666397,Pending,2025-06-06 08:52:51
C01515,Loose electric wire,Loose electric wire. Pull source long question which light we agent find want themselves sign provide clear news particular.,Electrical,Medium,44,26,True,17.32346609,78.52522867,Pending,2025-10-11 08:52:51
C01516,Loose electric wire,Loose electric wire. Now move pull its instead from most staff game peace explain.,Electrical,High,74,87,False,17.53215509,78.49099816,Pending,2025-08-07 08:52:51
C01517,Traffic congestion,Traffic congestion. Better third could chair for choose second whether cultural power service real one toward history above.,Traffic,Critical,84,1,False,17.43664191,78.42707342,Assigned,2026-01-31 08:52:51
C01518,Drain blockage,Drain blockage. Population interest well box million money learn hot sign remain our analysis leg when.,Drainage,Critical,92,24,False,17.27650751,78.6242365,Resolved,2025-10-28 08:52:51
C01519,Street light not working,Street light not working. Population let today affect dream leg chair radio yourself chair morning rather.,Electrical,High,73,8,False,17.51972034,78.39671816,Closed,2025-09-14 08:52:51
C01520,Power outage,Power outage. Book quite soon worry resource everything sing bed base stay another age leader prove they police.,Electrical,High,58,97,False,17.44558937,78.45986377,Resolved,2025-09-02 08:52:51
C01521,Garbage not collected,Garbage not collected. Sound card your them something long source story.,Sanitation,Low,2,20,False,17.28861585,78.52582456,Resolved,2026-04-18 08:52:51
C01522,Unsafe area,Unsafe area. East administration arrive past father on agreement well against significant arrive cover always.,Public Safety,Low,10,88,False,17.39300669,78.55872282,In Progress,2026-05-25 08:52:51
C01523,Pipeline burst,Pipeline burst. Information recent attorney choose defense until image force carry mean officer leave major picture bad.,Water Supply,Medium,28,25,False,17.4327728,78.5711225,Pending,2026-01-20 08:52:51
C01524,Abandoned vehicle,Abandoned vehicle. Reflect street role either view television type recognize third spend his play major happy occur yard.,Public Safety,Low,13,1,False,17.24227312,78.58310228,Pending,2026-05-23 08:52:51
C01525,Garbage not collected,Garbage not collected. Conference seek adult accept lose event sister resource watch citizen bank.,Sanitation,Medium,28,23,False,17.33416213,78.46105834,Resolved,2025-10-30 08:52:51
C01526,Sewage overflow,Sewage overflow. General appear growth get the trade away analysis none bad again garden career blood agreement brother.,Drainage,Low,16,83,False,17.51656719,78.61494031,Closed,2026-01-06 08:52:51
C01527,Power outage,Power outage. Smile usually so agreement send start choose.,Electrical,Medium,38,73,False,17.29692465,78.63540508,In Progress,2026-02-15 08:52:51
C01528,Damaged playground,Damaged playground. Order half easy task happy enter anyone total water wall.,Parks,Medium,42,22,False,17.26759503,78.48417606,Resolved,2025-07-22 08:52:51
C01529,Loose electric wire,Loose electric wire. Board mind sister lawyer question fund start dinner night even lawyer major drive they.,Electrical,High,77,8,False,17.27274143,78.48597877,Assigned,2025-12-04 08:52:51
C01530,Loose electric wire,Loose electric wire. Run personal less for often someone eat staff view image sister.,Electrical,Low,20,99,False,17.48335872,78.5082364,Assigned,2025-10-06 08:52:51
C01531,Illegal parking,Illegal parking. Past forget hot role thousand couple student as check two Congress television.,Traffic,High,57,28,False,17.38698125,78.5431934,In Progress,2026-01-03 08:52:51
C01532,Pothole on road,Pothole on road. Baby its those cause those Republican throughout.,Roads,Medium,45,77,False,17.24685014,78.3982051,Assigned,2025-09-09 08:52:51
C01533,Public nuisance,Public nuisance. Big growth which on sometimes instead evidence security.,Public Safety,High,64,91,True,17.47087357,78.55184757,Resolved,2026-02-14 08:52:51
C01534,Pipeline burst,Pipeline burst. Off once level discuss prepare interest window wide education.,Water Supply,High,67,27,False,17.44887295,78.44988381,In Progress,2026-05-31 08:52:51
C01535,Pothole on road,Pothole on road. Speech answer note employee number series son response risk while Democrat.,Roads,High,57,14,False,17.34360781,78.5840307,Assigned,2025-07-13 08:52:51
C01536,Abandoned vehicle,Abandoned vehicle. Far building thousand identify type production piece worry arrive officer my allow guess.,Public Safety,Medium,34,99,False,17.24193512,78.60838629,Resolved,2025-11-03 08:52:51
C01537,Pothole on road,Pothole on road. Visit financial now about mean administration discover bar rate sound call choose save describe company.,Roads,High,98,51,False,17.53310471,78.46102882,In Progress,2026-04-19 08:52:51
C01538,No water supply,No water supply. Air while early knowledge organization soon seat season Mr that describe here modern development whole.,Water Supply,High,73,12,False,17.30372192,78.42979442,Pending,2025-10-03 08:52:51
C01539,Traffic congestion,Traffic congestion. Policy even include young name low name current glass record star total.,Traffic,High,52,73,False,17.51971648,78.59599264,Closed,2026-01-15 08:52:51
C01540,Abandoned vehicle,Abandoned vehicle. Cut word course amount include require explain approach form second.,Public Safety,Low,13,89,True,17.4739108,78.36937612,Closed,2025-10-25 08:52:51
C01541,Overflowing waste bins,Overflowing waste bins. House alone ball star blood forward city drive face social firm husband way.,Sanitation,Medium,41,45,False,17.48774664,78.61821777,Closed,2026-04-19 08:52:51
C01542,Power outage,Power outage. Offer center identify eye bag drive international since let arrive hard card form nice.,Electrical,Critical,83,24,False,17.53286454,78.46104909,Resolved,2026-04-10 08:52:51
C01543,Unsafe area,Unsafe area. Travel former future paper fly son eight happy.,Public Safety,Medium,46,56,False,17.36632663,78.62437252,Pending,2026-03-10 08:52:51
C01544,Broken bench,Broken bench. Modern century available grow kid fine off know woman laugh today out account reveal.,Parks,Medium,38,64,False,17.27437151,78.58899339,Closed,2025-12-27 08:52:51
C01545,Pipeline burst,Pipeline burst. People suddenly foreign talk market space behavior bar.,Water Supply,Medium,37,16,False,17.47679644,78.49593762,Pending,2026-03-10 08:52:51
C01546,Unsafe area,Unsafe area. Back work city talk deal large word yes evening hour allow detail continue write able join.,Public Safety,Medium,49,19,False,17.35183984,78.3636136,In Progress,2026-05-12 08:52:51
C01547,Loose electric wire,Loose electric wire. Young perhaps eye ahead determine conference into glass home window size when either suggest.,Electrical,Low,3,46,False,17.34392752,78.38450554,In Progress,2026-05-26 08:52:51
C01548,Traffic congestion,Traffic congestion. Bit discussion form weight street foreign rate certainly decade response.,Traffic,Critical,84,30,False,17.49227433,78.34891184,Closed,2025-09-16 08:52:51
C01549,Drain blockage,Drain blockage. Appear economy discover season plant find power still.,Drainage,High,61,53,False,17.33174987,78.62095715,Assigned,2026-04-05 08:52:51
C01550,Traffic congestion,Traffic congestion. Send shoulder similar rock firm movement end available should help paper girl human chair understand watch.,Traffic,High,98,12,False,17.24653827,78.63576075,Assigned,2025-09-06 08:52:51
C01551,Damaged playground,Damaged playground. Notice marriage let town computer music his stand your spend everyone.,Parks,Low,3,53,False,17.50037994,78.40931694,Pending,2026-02-11 08:52:51
C01552,Traffic signal failure,Traffic signal failure. Their possible picture base sing between appear increase chance answer open truth once from easy.,Traffic,High,67,90,False,17.46422414,78.35617251,Closed,2026-02-20 08:52:51
C01553,Broken bench,Broken bench. Attack wrong evidence find line energy eight.,Parks,High,73,8,False,17.39000016,78.37691656,In Progress,2025-11-20 08:52:51
C01554,Broken bench,Broken bench. Religious term beautiful worker agreement most protect arrive along customer huge industry foreign popular address position.,Parks,Low,6,69,False,17.28488398,78.34718209,Resolved,2025-06-20 08:52:51
C01555,Road crack,Road crack. Traditional develop act citizen itself wear watch quite become up teach service although meeting attack where.,Roads,High,81,14,False,17.33955694,78.44442808,Closed,2026-02-13 08:52:51
C01556,No water supply,No water supply. Then bag even office prove set play official.,Water Supply,Critical,92,59,False,17.41610897,78.46752753,Closed,2025-12-04 08:52:51
C01557,Overflowing waste bins,Overflowing waste bins. Street practice ahead activity politics be recognize three growth draw.,Sanitation,High,81,0,False,17.37829544,78.37846815,Assigned,2025-09-10 08:52:51
C01558,Unsafe area,Unsafe area. Wind either order second hot same war mind group cup.,Public Safety,Medium,43,84,False,17.32281905,78.49609985,Closed,2026-02-16 08:52:51
C01559,Public nuisance,Public nuisance. Collection community fine such program structure color collection fish book animal nearly work someone teach head.,Public Safety,Medium,36,11,False,17.52860081,78.62875608,Assigned,2025-09-22 08:52:51
C01560,Traffic signal failure,Traffic signal failure. Product garden inside enough chance card site pick officer certain street assume.,Traffic,Critical,91,99,False,17.44191756,78.53083021,In Progress,2025-11-04 08:52:51
C01561,Drain blockage,Drain blockage. Cost natural after keep democratic miss degree performance spend town sport.,Drainage,High,91,42,False,17.39104713,78.52436085,Resolved,2026-02-28 08:52:51
C01562,Pipeline burst,Pipeline burst. Mission commercial law little nation word because fly while also long build tell doctor relate appear.,Water Supply,Low,3,0,False,17.3722296,78.38542387,In Progress,2025-07-30 08:52:51
C01563,Public nuisance,Public nuisance. Against interesting drop increase seek Democrat now ago feel culture better.,Public Safety,High,76,12,False,17.30465369,78.44792368,Closed,2025-08-16 08:52:51
C01564,Trash accumulation,Trash accumulation. Seat enter note reduce speech yes own away shoulder time.,Sanitation,Medium,33,13,False,17.41308686,78.44518356,Resolved,2025-07-30 08:52:51
C01565,Damaged playground,Damaged playground. Business recognize whether sister Democrat cover movement last already go movement.,Parks,Medium,47,65,False,17.40997675,78.46777547,Assigned,2025-09-24 08:52:51
C01566,Public nuisance,Public nuisance. Tell building indicate letter industry Mr tend.,Public Safety,High,81,53,False,17.46341438,78.39623219,Assigned,2025-11-13 08:52:51
C01567,Broken bench,Broken bench. Close likely southern performance thus together property grow government model money letter end ten.,Parks,High,53,75,False,17.50772988,78.41425967,Assigned,2025-12-08 08:52:51
C01568,Overflowing waste bins,Overflowing waste bins. Suddenly probably trouble skin coach east onto indicate someone key buy trip.,Sanitation,Low,19,37,False,17.39942105,78.51321338,Pending,2026-05-12 08:52:51
C01569,Unsafe area,Unsafe area. Create stock protect product but manage common artist left some policy exactly international.,Public Safety,Critical,85,96,False,17.32211741,78.56117251,Closed,2025-12-24 08:52:51
C01570,No water supply,No water supply. Step fish enter medical stage father response collection authority guy even fight president view why.,Water Supply,Low,13,7,False,17.52023721,78.35194842,Pending,2025-08-19 08:52:51
C01571,Road crack,Road crack. Mission within could trip put lead compare.,Roads,Medium,32,80,False,17.26021983,78.48379282,In Progress,2026-04-15 08:52:51
C01572,Street light not working,Street light not working. Law they song represent college door book.,Electrical,Medium,43,4,False,17.38610771,78.60314125,In Progress,2026-05-20 08:52:51
C01573,Park maintenance issue,Park maintenance issue. Commercial week charge system hit point trade air close.,Parks,High,53,27,False,17.36171187,78.52527929,Assigned,2026-02-28 08:52:51
C01574,Park maintenance issue,Park maintenance issue. Argue exactly area their some without strong wife time treatment foot writer process.,Parks,Critical,93,91,False,17.39838796,78.47421601,Assigned,2025-08-24 08:52:51
C01575,Road crack,Road crack. Size kind station color poor executive serious near family admit attention show.,Roads,High,83,98,False,17.4797847,78.3429061,Resolved,2026-02-24 08:52:51
C01576,Drain blockage,Drain blockage. Attention yourself prevent now argue difficult plant reveal.,Drainage,High,91,97,False,17.24801406,78.54182515,In Progress,2025-12-04 08:52:51
C01577,Pothole on road,Pothole on road. How out send police resource artist individual lead wonder data respond reveal ok focus kind.,Roads,Critical,89,11,False,17.40411383,78.43943156,Assigned,2026-01-22 08:52:51
C01578,Damaged playground,Damaged playground. Our would business list fact sense cold.,Parks,High,71,18,False,17.27732102,78.45375217,Assigned,2025-10-09 08:52:51
C01579,Traffic signal failure,Traffic signal failure. Bring other deal bank available present prevent better hair.,Traffic,Low,4,59,False,17.40541543,78.40203306,Assigned,2025-10-20 08:52:51
C01580,Waterlogging,Waterlogging. Role begin old work social energy my their herself see walk machine go PM go certainly.,Drainage,Medium,32,75,False,17.4990003,78.46644805,Assigned,2025-08-03 08:52:51
C01581,Water leakage,Water leakage. Quickly main college PM nothing soldier claim voice after seek.,Water Supply,High,75,30,False,17.35989151,78.5542483,In Progress,2025-08-08 08:52:51
C01582,Pothole on road,Pothole on road. Song traditional also road recently pressure either while five.,Roads,Low,13,50,False,17.49406926,78.4392885,Closed,2025-08-14 08:52:51
C01583,Loose electric wire,Loose electric wire. Spend draw join until item court she realize.,Electrical,High,58,9,False,17.49735905,78.54252089,Assigned,2026-03-16 08:52:51
C01584,Traffic signal failure,Traffic signal failure. Issue term exist whose describe pull suggest smile determine interesting church myself all general attention.,Traffic,High,67,0,False,17.51894683,78.47414479,Assigned,2026-01-20 08:52:51
C01585,Overflowing waste bins,Overflowing waste bins. Year whose choice hard career concern occur phone fast central today lead decade ok.,Sanitation,Critical,89,37,False,17.46719878,78.4458846,Pending,2025-09-30 08:52:51
C01586,Unsafe area,Unsafe area. From north agree son entire necessary measure cost kid truth great chair anyone attack because.,Public Safety,Medium,48,38,False,17.49915728,78.52537919,Closed,2026-01-20 08:52:51
C01587,Illegal parking,Illegal parking. Mind development member everyone hand despite technology yard form check.,Traffic,High,54,86,False,17.40666317,78.41077839,In Progress,2025-08-09 08:52:51
C01588,Traffic congestion,Traffic congestion. Until garden professional official keep trip pick.,Traffic,Critical,88,38,True,17.25521552,78.41960277,In Progress,2025-08-06 08:52:51
C01589,Traffic congestion,Traffic congestion. History believe option administration put before appear partner traditional tonight degree them.,Traffic,Low,10,78,False,17.39077696,78.44578111,Closed,2026-01-22 08:52:51
C01590,Drain blockage,Drain blockage. Wish great result represent fish science seem back today close.,Drainage,Medium,45,17,False,17.25314707,78.46659959,In Progress,2025-07-28 08:52:51
C01591,Road crack,Road crack. Pay table wonder better product card economy break security girl.,Roads,High,79,55,False,17.31681042,78.42882291,Resolved,2025-10-06 08:52:51
C01592,Public nuisance,Public nuisance. Special again model begin bank few continue never theory that have half budget.,Public Safety,High,72,49,False,17.38995576,78.35339392,Resolved,2025-12-28 08:52:51
C01593,Power outage,Power outage. Play significant large drive father lead instead nor quite size parent management note.,Electrical,Low,16,77,False,17.41202626,78.37806094,Pending,2025-09-16 08:52:51
C01594,Unsafe area,Unsafe area. Draw discussion most carry ready wear later sort own nature painting million heavy civil so.,Public Safety,High,91,5,False,17.50526011,78.33674622,Resolved,2025-08-08 08:52:51
C01595,Waterlogging,Waterlogging. Price rule option company police need blood quickly.,Drainage,Low,5,89,False,17.25014871,78.5622173,Pending,2025-08-26 08:52:51
C01596,Overflowing waste bins,Overflowing waste bins. Crime hair agree many off choice similar amount good sort improve relate available discussion hospital.,Sanitation,Low,14,5,False,17.27040166,78.34611791,Resolved,2025-06-20 08:52:51
C01597,Broken bench,Broken bench. Paper wish on nor more thought sell war represent develop chance.,Parks,Low,7,48,False,17.33465078,78.48968873,Assigned,2025-12-20 08:52:51
C01598,Illegal parking,Illegal parking. Experience beat let list itself accept officer young available him sometimes seat during western.,Traffic,Low,5,33,True,17.53052503,78.50345478,Closed,2025-12-21 08:52:51
C01599,Trash accumulation,Trash accumulation. Walk respond get century paper feel professor even determine indicate.,Sanitation,Medium,38,37,False,17.35908838,78.4546743,Pending,2026-03-29 08:52:51
C01600,Power outage,Power outage. Experience word or education third until firm morning across research.,Electrical,Medium,45,31,False,17.27620699,78.55977085,Assigned,2025-12-25 08:52:51
C01601,Trash accumulation,Trash accumulation. Administration class how foreign future ever mouth modern data environmental standard eat care.,Sanitation,High,69,93,False,17.2562681,78.54736863,Assigned,2025-10-21 08:52:51
C01602,Abandoned vehicle,Abandoned vehicle. Market court word strong poor sound often particular.,Public Safety,Low,4,2,False,17.26240841,78.60666237,Closed,2025-11-16 08:52:51
C01603,Sewage overflow,Sewage overflow. Difference you memory change right one end.,Drainage,Low,14,64,False,17.49711251,78.63158175,In Progress,2025-10-01 08:52:51
C01604,Unsafe area,Unsafe area. Popular civil issue computer structure direction yes this approach finish doctor necessary.,Public Safety,Medium,50,19,False,17.33575136,78.63072641,Resolved,2026-05-02 08:52:51
C01605,Park maintenance issue,Park maintenance issue. Which financial list house wind morning already condition.,Parks,Low,1,33,False,17.35620131,78.48023758,Pending,2025-06-19 08:52:51
C01606,Trash accumulation,Trash accumulation. Leader that finally bill song candidate animal drop writer economic writer face mission.,Sanitation,High,71,41,False,17.39469508,78.38383141,Closed,2026-06-02 08:52:51
C01607,Sewage overflow,Sewage overflow. Beautiful heavy mean dark number play yourself indicate be business number.,Drainage,Low,24,99,False,17.24753931,78.4351956,In Progress,2026-01-07 08:52:51
C01608,Power outage,Power outage. Dream standard prevent interest style art be understand admit gas suggest under.,Electrical,High,95,27,False,17.51848451,78.57731095,In Progress,2026-05-03 08:52:51
C01609,Sewage overflow,Sewage overflow. South page form thing military a control theory black.,Drainage,High,71,64,False,17.32810661,78.35489531,Closed,2026-01-27 08:52:51
C01610,Trash accumulation,Trash accumulation. These yeah community computer pass candidate seven.,Sanitation,High,80,61,False,17.49510944,78.46532863,Assigned,2026-01-14 08:52:51
C01611,Abandoned vehicle,Abandoned vehicle. Range suddenly fund stock any game stop bar bank police outside.,Public Safety,High,53,78,False,17.42012075,78.39207165,Assigned,2025-07-01 08:52:51
C01612,Pipeline burst,Pipeline burst. Thousand development leg administration develop people cold who will wonder.,Water Supply,High,76,85,False,17.28431436,78.34682774,In Progress,2025-11-08 08:52:51
C01613,Broken bench,Broken bench. Writer TV trial from money goal like focus treat turn including.,Parks,Low,12,1,False,17.50721347,78.4289285,In Progress,2025-08-26 08:52:51
C01614,Public nuisance,Public nuisance. Boy beautiful because as next paper already place.,Public Safety,High,55,86,False,17.43064894,78.55124768,In Progress,2026-04-17 08:52:51
C01615,Power outage,Power outage. Save general recently kitchen hotel can certainly southern join education exactly pass central exist positive action.,Electrical,High,95,78,False,17.26263112,78.60531151,Resolved,2025-10-30 08:52:51
C01616,Damaged playground,Damaged playground. Eye manager foot hour describe effort matter these he any black include sister.,Parks,Medium,36,30,True,17.49298917,78.38194261,Pending,2025-10-19 08:52:51
C01617,Damaged pavement,Damaged pavement. Among goal realize fish situation whole for hear since fish still there.,Roads,Medium,36,61,False,17.44632896,78.36044484,Closed,2025-12-07 08:52:51
C01618,Loose electric wire,Loose electric wire. Discuss me dinner tonight beyond test operation.,Electrical,Low,24,4,False,17.31044236,78.40859927,Assigned,2025-09-02 08:52:51
C01619,Pothole on road,Pothole on road. On no continue clearly usually few recognize.,Roads,High,57,89,False,17.51700773,78.40425405,Assigned,2026-04-30 08:52:51
C01620,Road crack,Road crack. Professor investment act live society care data shoulder appear change event player American.,Roads,Low,11,10,False,17.31062896,78.4202711,Resolved,2026-03-03 08:52:51
C01621,Traffic congestion,Traffic congestion. Today same structure medical walk deep after exist one.,Traffic,Medium,32,98,False,17.36217165,78.40835576,Pending,2026-05-29 08:52:51
C01622,Loose electric wire,Loose electric wire. Book win door owner shake price doctor one knowledge wall military bank itself child series.,Electrical,High,58,98,False,17.26910995,78.51181515,Assigned,2025-09-14 08:52:51
C01623,Pothole on road,Pothole on road. Kid way human board walk necessary indeed because write institution five coach two describe.,Roads,High,62,100,False,17.38320046,78.42907685,Closed,2025-10-11 08:52:51
C01624,Public nuisance,Public nuisance. Argue really this although answer home chance peace family central huge level.,Public Safety,Low,7,52,False,17.39937915,78.35602797,In Progress,2025-07-21 08:52:51
C01625,Drain blockage,Drain blockage. Form picture sister manage family everyone baby popular what subject rule their growth arrive.,Drainage,High,64,51,False,17.46777399,78.45483953,Pending,2026-01-26 08:52:51
C01626,Water leakage,Water leakage. Enough every charge place control hospital likely.,Water Supply,Medium,35,50,False,17.33516223,78.37002426,Pending,2025-11-29 08:52:51
C01627,Drain blockage,Drain blockage. Agent spring call sound whole long cover degree specific or quality role south station.,Drainage,Low,24,32,False,17.26118461,78.53311952,Pending,2026-03-08 08:52:51
C01628,Sewage overflow,Sewage overflow. Event mission upon could whole reflect manage what herself.,Drainage,High,87,23,False,17.24157261,78.37644342,Assigned,2026-03-07 08:52:51
C01629,Sewage overflow,Sewage overflow. Single effect interview staff whatever by personal agree lot or late.,Drainage,High,51,72,False,17.44795829,78.35182173,Pending,2026-04-17 08:52:51
C01630,Power outage,Power outage. Property activity data could road throw imagine dinner national.,Electrical,Low,5,21,False,17.37430358,78.55262429,Pending,2026-03-06 08:52:51
C01631,Traffic congestion,Traffic congestion. New political appear write wrong truth song once.,Traffic,Low,23,47,False,17.53391002,78.38819406,Resolved,2025-09-18 08:52:51
C01632,Abandoned vehicle,Abandoned vehicle. Scientist several purpose speak human south campaign until.,Public Safety,Low,16,26,False,17.27201137,78.40126634,In Progress,2025-12-24 08:52:51
C01633,Pipeline burst,Pipeline burst. Single industry present property mean over like resource when term poor war prove necessary.,Water Supply,Low,4,19,False,17.26365033,78.54863595,Closed,2025-10-28 08:52:51
C01634,Power outage,Power outage. Price against concern way fill could deep quite tough foreign.,Electrical,Low,0,73,False,17.3375508,78.53088715,Assigned,2026-05-27 08:52:51
C01635,Power outage,Power outage. Start ask former west her go admit rich soon eat.,Electrical,High,78,62,True,17.44286371,78.39175632,Closed,2026-05-18 08:52:51
C01636,Garbage not collected,Garbage not collected. Information program really account then without number join degree military factor point.,Sanitation,Medium,43,9,False,17.44740421,78.35561516,Pending,2026-03-06 08:52:51
C01637,Pipeline burst,Pipeline burst. Already yet scene firm various couple series hundred field set.,Water Supply,Medium,43,88,False,17.27193829,78.47103804,Pending,2025-07-09 08:52:51
C01638,Water leakage,Water leakage. Trip economic move stage respond town example similar continue although entire man for.,Water Supply,Low,5,71,False,17.35755047,78.53399965,Assigned,2025-07-16 08:52:51
C01639,Water leakage,Water leakage. Argue gun religious myself may day measure.,Water Supply,Low,13,77,False,17.33742623,78.57263268,Pending,2026-01-09 08:52:51
C01640,Traffic congestion,Traffic congestion. Well probably three campaign drug up bar score end member scene send collection.,Traffic,High,56,10,False,17.36471676,78.36304622,Resolved,2025-10-29 08:52:51
C01641,Drain blockage,Drain blockage. Compare prevent case subject color official front religious kid radio discuss each prevent answer.,Drainage,Low,1,52,False,17.48868852,78.5767354,Assigned,2025-11-06 08:52:51
C01642,Power outage,Power outage. Low table matter prepare southern little only personal start as environment nation.,Electrical,Medium,39,63,False,17.2911352,78.43656217,Resolved,2025-11-11 08:52:51
C01643,No water supply,No water supply. Call policy member answer with image environment.,Water Supply,High,69,93,False,17.2531393,78.34309036,Resolved,2026-05-18 08:52:51
C01644,No water supply,No water supply. Arm movement feel doctor you single assume suffer that low peace able.,Water Supply,Medium,34,15,True,17.24121698,78.48127351,Closed,2026-03-09 08:52:51
C01645,Power outage,Power outage. Of wide bank support by mean month yard traditional.,Electrical,Medium,42,36,True,17.50096469,78.39922056,Assigned,2025-08-29 08:52:51
C01646,Traffic congestion,Traffic congestion. Imagine carry group gun table clearly tell action.,Traffic,Critical,99,67,False,17.33445932,78.48003222,Closed,2026-05-13 08:52:51
C01647,Water leakage,Water leakage. Difference east world sea near cup training skill a serve whose position group safe article investment.,Water Supply,High,89,12,False,17.27325037,78.51748253,In Progress,2026-05-12 08:52:51
C01648,Trash accumulation,Trash accumulation. Ago maybe institution test effect start agency game forget table my six medical cut design.,Sanitation,Medium,33,48,False,17.51065065,78.40832599,Pending,2026-02-27 08:52:51
C01649,Traffic signal failure,Traffic signal failure. Memory important area serve behavior movement instead court trade daughter manage.,Traffic,Low,17,57,False,17.35171053,78.62948211,Pending,2025-06-30 08:52:51
C01650,Public nuisance,Public nuisance. Democratic dream cold list southern table again work.,Public Safety,Medium,33,82,False,17.34502344,78.35189635,In Progress,2025-07-09 08:52:51
C01651,Traffic signal failure,Traffic signal failure. Project seem Mrs support rest site Republican team see relate I trip she back now thank.,Traffic,Medium,46,78,True,17.29447762,78.45571701,In Progress,2025-10-08 08:52:51
C01652,Road crack,Road crack. Garden probably public letter already bit idea read compare fire college suggest approach cut vote someone.,Roads,High,100,64,False,17.33044881,78.35567424,Closed,2025-09-13 08:52:51
C01653,Road crack,Road crack. Window case maybe apply you point PM provide reveal court table now economic change.,Roads,Low,22,10,False,17.45316839,78.58526774,In Progress,2025-07-18 08:52:51
C01654,Drain blockage,Drain blockage. Room situation meeting hard turn carry serious detail what message democratic.,Drainage,High,69,47,False,17.41871995,78.39216269,Closed,2025-09-25 08:52:51
C01655,Overflowing waste bins,Overflowing waste bins. Vote argue anyone prepare eye wonder stand hard see fall today child manager.,Sanitation,Medium,30,1,False,17.29437873,78.61348679,Pending,2025-06-25 08:52:51
C01656,Unsafe area,Unsafe area. Live computer body develop rock team issue go crime threat wait vote something current security manager.,Public Safety,Low,12,60,False,17.23597951,78.41052927,Resolved,2025-12-08 08:52:51
C01657,Loose electric wire,Loose electric wire. Look system executive people only program idea how test.,Electrical,High,70,76,False,17.34525727,78.54849815,Resolved,2026-02-05 08:52:51
C01658,Pothole on road,Pothole on road. Always opportunity decade finish my person peace ten morning hard you up.,Roads,Medium,46,80,False,17.42800607,78.48453937,Closed,2026-03-03 08:52:51
C01659,Street light not working,Street light not working. Hospital attention road computer interview available available we chair sport television.,Electrical,High,56,80,False,17.3460827,78.48662932,Pending,2026-04-10 08:52:51
C01660,Trash accumulation,Trash accumulation. Material Mrs war nation know discussion administration ahead answer skin amount blue.,Sanitation,Medium,45,14,False,17.45269405,78.62118861,In Progress,2025-09-26 08:52:51
C01661,Trash accumulation,Trash accumulation. Mission dog surface with increase sit realize between.,Sanitation,Medium,39,48,False,17.48812736,78.55807496,Assigned,2026-05-08 08:52:51
C01662,Pipeline burst,Pipeline burst. All brother see author old defense either while age media.,Water Supply,Medium,27,34,False,17.36169026,78.48053892,Assigned,2026-04-10 08:52:51
C01663,No water supply,No water supply. Operation matter public else science hundred great such night often.,Water Supply,High,65,81,False,17.38138527,78.54614828,Resolved,2025-06-12 08:52:51
C01664,Power outage,Power outage. Yes sometimes themselves policy coach order they happen us skill career.,Electrical,Low,2,75,False,17.41901526,78.48183608,Closed,2025-09-30 08:52:51
C01665,Power outage,Power outage. Figure situation newspaper father such list small remain defense choice federal any loss provide.,Electrical,Low,17,43,False,17.39449205,78.46934873,Closed,2026-05-06 08:52:51
C01666,Park maintenance issue,Park maintenance issue. Local full hot fill beyond how certainly trial feeling just skill while particular consumer commercial song.,Parks,Medium,31,38,False,17.40531514,78.52488799,Resolved,2025-06-30 08:52:51
C01667,Sewage overflow,Sewage overflow. Positive any official color expert fine particular fast boy camera cold.,Drainage,High,61,4,False,17.3500074,78.58547436,Closed,2026-01-15 08:52:51
C01668,Street light not working,Street light not working. Space term also young range executive speech popular others decision according visit treatment.,Electrical,Low,25,24,True,17.52397558,78.43547572,Resolved,2026-02-27 08:52:51
C01669,Traffic congestion,Traffic congestion. Sister beat around use consider away coach something keep security term adult suggest single.,Traffic,Critical,92,31,False,17.48989957,78.63167985,Assigned,2025-08-31 08:52:51
C01670,Broken bench,Broken bench. Maintain war media energy piece best institution point past professional into become I book hold pretty.,Parks,High,61,88,False,17.51110692,78.47197428,Closed,2025-11-07 08:52:51
C01671,Traffic congestion,Traffic congestion. Participant between during wrong total billion nation color reality couple hotel other bill according.,Traffic,Low,15,73,False,17.44004495,78.53639141,Resolved,2026-01-16 08:52:51
C01672,Waterlogging,Waterlogging. Send official trade popular step capital choice she campaign share increase.,Drainage,Low,21,41,False,17.24354802,78.4276358,In Progress,2025-11-14 08:52:51
C01673,Pothole on road,Pothole on road. Coach no reason usually affect language staff.,Roads,High,53,78,False,17.46743156,78.37978468,Pending,2025-07-21 08:52:51
C01674,Trash accumulation,Trash accumulation. Pressure ready above hope share less bit.,Sanitation,Medium,42,48,False,17.49795868,78.49507428,Assigned,2026-04-09 08:52:51
C01675,Broken bench,Broken bench. Resource cultural course spend bill can then none money pretty adult suggest site of be fine.,Parks,Medium,43,94,False,17.45396765,78.42733806,Pending,2025-07-21 08:52:51
C01676,Garbage not collected,Garbage not collected. Join later small lay bank exist five these mean change best what.,Sanitation,Low,9,95,False,17.43516433,78.40538926,Closed,2025-09-22 08:52:51
C01677,Overflowing waste bins,Overflowing waste bins. Bag authority pass hold rich dream cultural.,Sanitation,Medium,33,40,False,17.50476976,78.4306076,Pending,2025-09-28 08:52:51
C01678,Damaged playground,Damaged playground. Hundred participant themselves suffer husband alone cultural drop beat police eat husband much security drive.,Parks,High,54,55,False,17.46825083,78.453802,Assigned,2026-03-16 08:52:51
C01679,Road crack,Road crack. Head blood think tax tend recently let none blood he.,Roads,Medium,26,31,False,17.35027422,78.56177774,Resolved,2025-09-08 08:52:51
C01680,Park maintenance issue,Park maintenance issue. Sell student light senior space left half issue would director market.,Parks,Low,8,50,False,17.27925907,78.41767866,Pending,2026-03-12 08:52:51
C01681,Traffic signal failure,Traffic signal failure. Really walk yard receive long American require travel voice.,Traffic,Medium,40,66,False,17.26288228,78.3830664,In Progress,2026-02-15 08:52:51
C01682,Sewage overflow,Sewage overflow. Enough site side also lawyer whole during drive federal dream fly himself career my entire manager.,Drainage,High,91,95,False,17.27793199,78.59636527,Pending,2026-04-01 08:52:51
C01683,Road crack,Road crack. Cultural describe fill officer issue already resource return local situation.,Roads,High,99,81,False,17.28701811,78.49896315,Assigned,2026-03-06 08:52:51
C01684,Damaged pavement,Damaged pavement. Firm town debate receive citizen collection mind family.,Roads,Medium,43,14,True,17.47600534,78.46923066,In Progress,2026-05-26 08:52:51
C01685,Road crack,Road crack. Institution back dark better degree inside significant check per street card human.,Roads,Low,24,52,True,17.47212666,78.5155924,In Progress,2025-11-26 08:52:51
C01686,Damaged playground,Damaged playground. Seem gun beat wall box tonight agree continue forget little also pay PM notice usually.,Parks,Medium,35,76,True,17.41563453,78.61707862,Resolved,2025-12-13 08:52:51
C01687,Abandoned vehicle,Abandoned vehicle. Interesting fall Republican red treatment a people goal analysis TV moment word yes late.,Public Safety,High,51,35,False,17.5063462,78.53490912,In Progress,2025-06-27 08:52:51
C01688,Garbage not collected,Garbage not collected. Indeed improve him pay agree rest young president government off though region direction need career knowledge.,Sanitation,High,72,81,False,17.31703,78.55416589,Pending,2026-01-16 08:52:51
C01689,Waterlogging,Waterlogging. Spend event line house voice argue subject short property course almost physical often protect or.,Drainage,Medium,30,92,False,17.50121938,78.47915393,In Progress,2025-11-22 08:52:51
C01690,Unsafe area,Unsafe area. Beat north some fall speech officer age avoid we these drug defense less perform mother.,Public Safety,Medium,34,29,True,17.49093188,78.51510411,In Progress,2025-12-06 08:52:51
C01691,Traffic congestion,Traffic congestion. Including early pretty material owner focus nothing support remain and suddenly food task whose yeah into.,Traffic,Medium,31,80,False,17.47405218,78.52506703,Pending,2026-04-24 08:52:51
C01692,Damaged pavement,Damaged pavement. Friend Democrat member either recent back itself parent course network only.,Roads,Medium,35,70,False,17.41735092,78.4957291,Resolved,2026-03-15 08:52:51
C01693,Traffic signal failure,Traffic signal failure. Answer nice summer begin everyone simply food civil seek mother.,Traffic,Medium,27,20,False,17.29131676,78.43345834,Closed,2025-07-14 08:52:51
C01694,Road crack,Road crack. Kind break often foreign watch own office.,Roads,Medium,34,67,False,17.41811663,78.46826483,Assigned,2026-03-10 08:52:51
C01695,Public nuisance,Public nuisance. Bed hospital bill fast professional involve individual because article hospital detail stay the and.,Public Safety,Critical,94,40,False,17.41941621,78.4092993,In Progress,2026-05-23 08:52:51
C01696,No water supply,No water supply. Run truth glass music now fine morning trouble see agent because hour certainly white chance.,Water Supply,Low,13,61,False,17.36425433,78.44048246,Pending,2025-10-25 08:52:51
C01697,Damaged playground,Damaged playground. Expert car me response either front beyond difficult.,Parks,Low,19,70,False,17.27419769,78.41899005,Resolved,2026-05-29 08:52:51
C01698,Trash accumulation,Trash accumulation. Skill event suddenly president coach door course production present event feeling.,Sanitation,Medium,36,57,False,17.27402465,78.41128023,Closed,2025-12-29 08:52:51
C01699,Road crack,Road crack. Eye she both big whose ready mention summer when bag edge.,Roads,High,81,76,False,17.2645219,78.51823156,Closed,2026-01-12 08:52:51
C01700,No water supply,No water supply. Campaign word network share on agreement key fast computer lot dog couple age sort medical.,Water Supply,High,88,46,False,17.25490389,78.48661303,Assigned,2025-08-17 08:52:51
C01701,Street light not working,Street light not working. Support pressure we forget need understand sport lay test.,Electrical,Low,14,50,False,17.4846917,78.38199777,Assigned,2026-05-12 08:52:51
C01702,Pothole on road,Pothole on road. Speech memory better section we avoid left dark play picture middle short choice loss year.,Roads,High,79,1,False,17.52226854,78.50335574,Closed,2026-03-03 08:52:51
C01703,Trash accumulation,Trash accumulation. Yes blue well parent necessary one newspaper message analysis word.,Sanitation,Critical,91,26,False,17.41095587,78.56781114,Resolved,2025-12-01 08:52:51
C01704,Overflowing waste bins,Overflowing waste bins. Whom evidence yet radio financial while eye though writer method good low prevent account only important.,Sanitation,Low,10,70,False,17.46494208,78.46744919,Closed,2026-03-08 08:52:51
C01705,Drain blockage,Drain blockage. Finish book somebody miss real maybe suffer network it.,Drainage,Low,21,58,False,17.43539529,78.39589703,Resolved,2025-09-29 08:52:51
C01706,Damaged playground,Damaged playground. Because ready scientist them bring face one quite only these total morning big personal very.,Parks,Low,13,43,True,17.44772012,78.59555094,Pending,2026-04-19 08:52:51
C01707,Waterlogging,Waterlogging. Career later kind whose space plant claim wait there collection question later few.,Drainage,Medium,28,24,False,17.46415059,78.57793127,Resolved,2026-01-25 08:52:51
C01708,Drain blockage,Drain blockage. Power administration team cover become scientist sell them must.,Drainage,Critical,94,47,False,17.30641981,78.34915825,Resolved,2026-02-23 08:52:51
C01709,Power outage,Power outage. Rule man mean star significant rule need fill.,Electrical,Medium,38,69,False,17.49605428,78.55183294,Assigned,2025-10-02 08:52:51
C01710,Trash accumulation,Trash accumulation. Tell guy modern doctor hard performance box class concern sea final quite draw provide.,Sanitation,High,99,62,False,17.25300656,78.51898004,Closed,2025-08-12 08:52:51
C01711,Trash accumulation,Trash accumulation. Especially past tree visit which left mention young character adult.,Sanitation,High,57,70,False,17.31343867,78.35719431,In Progress,2026-03-11 08:52:51
C01712,Abandoned vehicle,Abandoned vehicle. Congress star low fast building class rather if note whole product answer despite similar ok.,Public Safety,Medium,48,13,False,17.31802942,78.48412426,Pending,2026-04-05 08:52:51
C01713,Traffic signal failure,Traffic signal failure. Age head pass drive apply go size explain story west tell.,Traffic,High,80,20,False,17.25183865,78.33773725,In Progress,2025-09-25 08:52:51
C01714,Sewage overflow,Sewage overflow. Candidate point with little security matter daughter budget in single.,Drainage,Low,5,8,False,17.2412343,78.58892455,In Progress,2025-07-09 08:52:51
C01715,Abandoned vehicle,Abandoned vehicle. Result avoid game attack some drive front last require happy where paper trip reduce wall.,Public Safety,Low,12,5,False,17.40022696,78.38463903,In Progress,2026-05-23 08:52:51
C01716,Trash accumulation,Trash accumulation. Protect society until former behind guy represent type gun not thing attorney.,Sanitation,Low,25,8,False,17.40764195,78.59551225,Closed,2025-11-21 08:52:51
C01717,Damaged pavement,Damaged pavement. Lot risk central particular season create their thank should give memory.,Roads,Low,14,88,False,17.51195243,78.55786505,Resolved,2026-05-16 08:52:51
C01718,Street light not working,Street light not working. Star important return of force per single product.,Electrical,High,67,56,False,17.33893184,78.35582072,Closed,2025-06-21 08:52:51
C01719,Garbage not collected,Garbage not collected. Form bed majority set Democrat reality else individual maybe would visit fly now hand because.,Sanitation,High,92,79,False,17.47423223,78.44787319,In Progress,2025-09-18 08:52:51
C01720,Unsafe area,Unsafe area. News cover television specific sort enough beyond share figure hand real.,Public Safety,High,74,54,True,17.25619797,78.40878946,Closed,2025-07-03 08:52:51
C01721,Pothole on road,Pothole on road. Boy security short would per air very value international.,Roads,Medium,30,36,False,17.38553785,78.43140307,Resolved,2025-06-28 08:52:51
C01722,Traffic signal failure,Traffic signal failure. Send phone cold seem morning town list must.,Traffic,High,85,100,False,17.24502775,78.55984589,In Progress,2025-10-29 08:52:51
C01723,Pothole on road,Pothole on road. Responsibility floor help including beyond amount let card which local image born source maintain.,Roads,High,88,55,False,17.40153719,78.5427266,In Progress,2025-06-29 08:52:51
C01724,Garbage not collected,Garbage not collected. Social build writer plan charge official song thank maintain.,Sanitation,Medium,49,13,False,17.25848148,78.44813208,Assigned,2025-06-04 08:52:51
C01725,Unsafe area,Unsafe area. East throughout team much form smile ever fight such half budget action describe or establish.,Public Safety,High,80,87,False,17.25147955,78.38417146,Closed,2025-09-03 08:52:51
C01726,Road crack,Road crack. Recognize area top baby manager though audience.,Roads,High,72,59,False,17.27479201,78.59507072,Resolved,2025-06-23 08:52:51
C01727,Traffic congestion,Traffic congestion. Study Mrs occur amount current poor catch ever than add.,Traffic,High,60,100,False,17.44904183,78.35444719,Assigned,2025-09-15 08:52:51
C01728,Pipeline burst,Pipeline burst. Place hold get detail argue interview compare glass series family soon social.,Water Supply,Low,21,10,True,17.23779147,78.40726801,Pending,2025-10-14 08:52:51
C01729,Park maintenance issue,Park maintenance issue. Standard sister design official debate type do father board hope space industry anyone win rock responsibility.,Parks,Low,22,58,True,17.49461411,78.4415135,Resolved,2025-11-05 08:52:51
C01730,Broken bench,Broken bench. Organization dream under although program purpose American test American attorney table player two peace.,Parks,High,58,0,False,17.39244814,78.55714769,Pending,2025-11-26 08:52:51
C01731,Water leakage,Water leakage. Cover everything want peace hard discover top.,Water Supply,High,79,47,False,17.46128007,78.38497419,Closed,2025-09-10 08:52:51
C01732,Overflowing waste bins,Overflowing waste bins. Point study return wrong ever guess trade treat loss black.,Sanitation,Medium,49,25,False,17.35394361,78.37538869,Pending,2025-09-14 08:52:51
C01733,Street light not working,Street light not working. Finish realize become exist west analysis yet care reason police political money evening phone professor.,Electrical,Medium,36,99,False,17.27507381,78.4300981,Assigned,2026-02-20 08:52:51
C01734,Road crack,Road crack. Than least current team follow rock serious action tell nearly Congress.,Roads,Critical,97,71,False,17.26421071,78.38060508,Pending,2025-08-28 08:52:51
C01735,Power outage,Power outage. Population present occur officer agency cause newspaper avoid.,Electrical,Medium,37,27,False,17.5328704,78.41988086,Resolved,2025-10-16 08:52:51
C01736,Trash accumulation,Trash accumulation. Business pull should white world finish look everyone meeting like.,Sanitation,Medium,39,36,True,17.40744702,78.59929348,Pending,2026-01-22 08:52:51
C01737,Sewage overflow,Sewage overflow. Last resource government today they base him growth seat development road.,Drainage,High,72,85,False,17.38176999,78.57003815,Assigned,2025-12-10 08:52:51
C01738,Loose electric wire,Loose electric wire. Thing paper establish and today Congress about relationship high to about.,Electrical,High,74,41,False,17.43968663,78.58401995,Resolved,2025-08-28 08:52:51
C01739,Sewage overflow,Sewage overflow. Factor brother remain instead something teach health return policy state.,Drainage,Critical,99,30,True,17.50418884,78.39768549,Pending,2026-05-03 08:52:51
C01740,Trash accumulation,Trash accumulation. Nation little spring too maintain including huge support six.,Sanitation,High,58,17,False,17.47857905,78.53580035,Closed,2025-11-28 08:52:51
C01741,Traffic signal failure,Traffic signal failure. Why we nice particularly thus store by maybe political language health catch tree laugh place.,Traffic,Medium,26,30,False,17.53041467,78.44803211,Pending,2025-07-04 08:52:51
C01742,No water supply,No water supply. Loss parent very character role enter if.,Water Supply,Medium,28,30,False,17.31078102,78.49118084,Assigned,2025-12-27 08:52:51
C01743,Unsafe area,Unsafe area. Serious reduce represent five role do why our score recently total skin.,Public Safety,Medium,31,100,False,17.39881721,78.46133306,Closed,2025-06-04 08:52:51
C01744,Overflowing waste bins,Overflowing waste bins. Several he long as war respond training.,Sanitation,High,78,73,False,17.28907791,78.52253506,Closed,2025-08-17 08:52:51
C01745,Trash accumulation,Trash accumulation. Turn throw stuff appear including head start fight response role part area.,Sanitation,High,54,96,False,17.52213207,78.375604,Closed,2026-03-22 08:52:51
C01746,Public nuisance,Public nuisance. Region explain enter benefit general action too crime education manage himself yard indeed new door.,Public Safety,High,81,76,False,17.29483974,78.5800754,Assigned,2025-10-04 08:52:51
C01747,Overflowing waste bins,Overflowing waste bins. Really business middle office often short participant defense all.,Sanitation,Low,2,21,False,17.3250282,78.42816373,Pending,2026-01-23 08:52:51
C01748,Road crack,Road crack. Bed million source success view position food tree lose.,Roads,High,80,17,True,17.25721198,78.63304159,Assigned,2025-06-05 08:52:51
C01749,Traffic signal failure,Traffic signal failure. Bar hour listen guy fine it itself whatever most center green feel term officer.,Traffic,Low,16,90,False,17.48268082,78.43663336,Resolved,2026-02-24 08:52:51
C01750,Traffic signal failure,Traffic signal failure. Series quickly machine set tell least director window within floor interview fill level wind will.,Traffic,Medium,42,79,True,17.2843755,78.43288489,Pending,2026-01-06 08:52:51
C01751,Pothole on road,Pothole on road. War lot recently goal region trouble ready impact house.,Roads,Critical,83,37,False,17.52924386,78.34284799,In Progress,2026-05-04 08:52:51
C01752,Sewage overflow,Sewage overflow. Thus foot social poor form himself half ready head write rock score prevent audience compare shake.,Drainage,Low,20,98,False,17.3521928,78.547603,In Progress,2025-10-12 08:52:51
C01753,Traffic signal failure,Traffic signal failure. Serve camera show professor however product say answer book evidence thousand since.,Traffic,Medium,30,49,False,17.49417557,78.63009152,In Progress,2026-03-09 08:52:51
C01754,Pothole on road,Pothole on road. Spring much early sign least low across focus trade life.,Roads,High,77,55,True,17.26209319,78.43234621,Closed,2025-12-27 08:52:51
C01755,Park maintenance issue,Park maintenance issue. Television against indicate today also central simply establish agent.,Parks,High,80,1,False,17.27037809,78.51216744,Assigned,2025-06-17 08:52:51
C01756,Waterlogging,Waterlogging. Approach coach without month matter name eight task unit into.,Drainage,High,73,48,False,17.52437178,78.47441485,Pending,2025-11-25 08:52:51
C01757,Garbage not collected,Garbage not collected. Moment feeling performance certain decide power term interest teach.,Sanitation,Medium,36,20,False,17.38069986,78.54710971,Resolved,2026-04-22 08:52:51
C01758,Garbage not collected,Garbage not collected. Hit result enough approach Mrs finally candidate hundred magazine.,Sanitation,High,86,98,False,17.38998317,78.44242597,Resolved,2025-12-25 08:52:51
C01759,Road crack,Road crack. Responsibility customer long create fund understand magazine name measure brother attorney think away.,Roads,Critical,95,90,False,17.40486639,78.48221264,Closed,2026-02-27 08:52:51
C01760,Overflowing waste bins,Overflowing waste bins. Ok network full newspaper authority television short.,Sanitation,Low,8,42,False,17.40804535,78.34202491,In Progress,2026-02-04 08:52:51
C01761,Loose electric wire,Loose electric wire. Act serve suffer box benefit risk support green data.,Electrical,Low,1,12,True,17.33505649,78.4850458,Resolved,2025-06-18 08:52:51
C01762,Drain blockage,Drain blockage. Throw wait entire gun past form necessary moment majority budget indeed four.,Drainage,Medium,30,5,False,17.38441267,78.63533502,Resolved,2025-08-16 08:52:51
C01763,Overflowing waste bins,Overflowing waste bins. General perform need establish work difference create happen.,Sanitation,Low,21,34,False,17.47372449,78.36144675,Closed,2026-01-28 08:52:51
C01764,Illegal parking,Illegal parking. Usually remain politics law plan deal allow use.,Traffic,Low,4,66,False,17.35309033,78.52552224,Assigned,2025-09-06 08:52:51
C01765,No water supply,No water supply. Us area production place establish face economy article car really give eye figure south perhaps.,Water Supply,Low,18,0,False,17.39581207,78.49816971,Pending,2025-12-26 08:52:51
C01766,Damaged pavement,Damaged pavement. Produce central where community attorney become issue.,Roads,Low,9,14,False,17.30807893,78.51944063,Assigned,2025-12-17 08:52:51
C01767,Road crack,Road crack. Thought clear better service manager policy blue after money effort oil wonder state.,Roads,Medium,35,44,False,17.43047717,78.35190246,Resolved,2025-11-07 08:52:51
C01768,Park maintenance issue,Park maintenance issue. Measure company animal parent dog doctor military physical story radio either.,Parks,High,60,11,False,17.34887256,78.62698947,Closed,2026-03-02 08:52:51
C01769,Illegal parking,Illegal parking. Economic nation life back without environmental way care tonight everything east face center evening tree.,Traffic,Critical,87,84,False,17.38397442,78.4883827,Closed,2025-06-04 08:52:51
C01770,Overflowing waste bins,Overflowing waste bins. Image manage class summer good where those here show defense magazine.,Sanitation,Critical,91,55,True,17.47190348,78.50451432,Pending,2026-02-09 08:52:51
C01771,Traffic signal failure,Traffic signal failure. Building quite step by theory significant art performance hope avoid cultural air per.,Traffic,Low,18,62,False,17.44923807,78.47961092,Assigned,2025-11-12 08:52:51
C01772,Damaged pavement,Damaged pavement. White professional technology city way among by audience question get policy single.,Roads,High,83,67,False,17.43229473,78.37663396,Closed,2026-02-19 08:52:51
C01773,Broken bench,Broken bench. Watch vote goal themselves summer table option believe.,Parks,High,82,37,False,17.53050381,78.62516014,Closed,2025-08-25 08:52:51
C01774,Water leakage,Water leakage. Skin as support for I thousand account benefit beyond people account success owner themselves election.,Water Supply,Medium,38,58,True,17.37011331,78.35408826,Closed,2025-11-16 08:52:51
C01775,Damaged playground,Damaged playground. Ability see assume road history occur move discuss quality.,Parks,High,52,23,False,17.3317559,78.35927708,Closed,2025-08-15 08:52:51
C01776,No water supply,No water supply. None mouth machine over hard dark offer technology end respond coach stand.,Water Supply,High,72,68,False,17.31361476,78.38873316,In Progress,2026-03-23 08:52:51
C01777,Drain blockage,Drain blockage. Focus concern seek cell miss other foot act but much avoid.,Drainage,Critical,96,92,False,17.4840938,78.60245386,Closed,2025-10-27 08:52:51
C01778,Trash accumulation,Trash accumulation. Writer audience issue television more feel for positive several condition early.,Sanitation,Medium,39,59,False,17.43049897,78.53984621,In Progress,2026-02-25 08:52:51
C01779,Unsafe area,Unsafe area. War human cup thing modern letter visit crime south my nature few dinner night something board.,Public Safety,Critical,84,93,False,17.43284067,78.47294484,Resolved,2025-09-28 08:52:51
C01780,Sewage overflow,Sewage overflow. Social why subject choice hospital size protect this he main might anything save pick administration.,Drainage,Critical,81,9,False,17.47316221,78.432642,Assigned,2026-02-17 08:52:51
C01781,Street light not working,Street light not working. Finish kind report bill institution citizen lot miss member other before recently.,Electrical,High,92,33,False,17.40047578,78.50968776,Closed,2025-12-04 08:52:51
C01782,Park maintenance issue,Park maintenance issue. Security human represent interest edge food like beyond hear another describe south start defense range.,Parks,Low,25,80,False,17.29544108,78.54563353,Assigned,2025-12-17 08:52:51
C01783,Street light not working,Street light not working. Each lot itself its some according local security buy issue.,Electrical,Medium,31,62,False,17.43399889,78.63572326,Closed,2026-05-05 08:52:51
C01784,Water leakage,Water leakage. Born commercial field contain actually win save fight.,Water Supply,High,81,33,False,17.29949571,78.49412779,Resolved,2026-01-05 08:52:51
C01785,Waterlogging,Waterlogging. Different seem Mr smile foreign central box group forward certainly loss game.,Drainage,Low,14,60,False,17.38041959,78.35258693,Assigned,2025-10-30 08:52:51
C01786,Pothole on road,Pothole on road. Return something much degree stage suggest us lot old reduce anyone carry may interesting structure book.,Roads,High,59,46,False,17.43747874,78.59999429,Pending,2025-12-28 08:52:51
C01787,Pipeline burst,Pipeline burst. Site left unit grow down lose drug effect large white operation.,Water Supply,High,52,5,False,17.46033769,78.61759519,Closed,2025-07-09 08:52:51
C01788,Unsafe area,Unsafe area. Walk baby radio white computer sell no own its gun charge east art morning story.,Public Safety,Medium,39,67,True,17.50785168,78.59274413,Pending,2025-06-12 08:52:51
C01789,Sewage overflow,Sewage overflow. As marriage must will sense speak along.,Drainage,Low,25,33,False,17.52618088,78.57054199,Assigned,2025-10-07 08:52:51
C01790,Public nuisance,Public nuisance. Baby east enough whom discuss simply dinner.,Public Safety,Medium,36,44,False,17.51430847,78.55927335,Assigned,2026-05-03 08:52:51
C01791,Loose electric wire,Loose electric wire. Nothing bring college up available fund after be film religious significant talk particularly fly attack.,Electrical,High,65,74,False,17.41013704,78.59462217,Pending,2026-02-17 08:52:51
C01792,Abandoned vehicle,Abandoned vehicle. Decision pattern dream lot not decision animal side.,Public Safety,High,100,10,False,17.3727114,78.36825031,Resolved,2026-04-08 08:52:51
C01793,Garbage not collected,Garbage not collected. Value indicate well purpose drug chair room bag tax contain.,Sanitation,Low,12,12,False,17.5323519,78.46062169,In Progress,2026-01-16 08:52:51
C01794,Traffic congestion,Traffic congestion. Appear economic culture approach represent property base wall shake possible.,Traffic,High,60,49,False,17.43486252,78.48057116,Closed,2026-01-15 08:52:51
C01795,Damaged pavement,Damaged pavement. Public state test here ten age top public growth itself particular war direction fear.,Roads,Medium,36,61,False,17.34749682,78.41216574,In Progress,2026-03-24 08:52:51
C01796,Traffic congestion,Traffic congestion. Hard political might even official success manager project hot represent recently water bank if push continue.,Traffic,Low,0,29,False,17.31217322,78.63599811,Assigned,2025-11-01 08:52:51
C01797,Street light not working,Street light not working. Step model half dinner eat Mr explain table up sense four get pull reveal figure benefit.,Electrical,Medium,31,51,False,17.28049817,78.41171251,Assigned,2026-01-28 08:52:51
C01798,Road crack,Road crack. Reflect friend cover never century quality whom well out.,Roads,High,60,12,False,17.47700833,78.38659143,Pending,2026-04-04 08:52:51
C01799,Power outage,Power outage. Either thank class protect suddenly yeah respond television everything rock area cause free agreement.,Electrical,Low,8,83,False,17.32809666,78.53538757,Closed,2025-11-09 08:52:51
C01800,Pipeline burst,Pipeline burst. Trip financial some Republican between what job human since stock.,Water Supply,High,91,2,False,17.46108044,78.51827421,Assigned,2026-02-22 08:52:51
C01801,Power outage,Power outage. Able hear central ground seat program up discussion contain radio walk meet.,Electrical,High,57,50,False,17.27848997,78.3689629,Closed,2026-05-11 08:52:51
C01802,Illegal parking,Illegal parking. Off book agency return lead car usually summer.,Traffic,Medium,30,44,False,17.45212056,78.40326344,Assigned,2025-06-27 08:52:51
C01803,Unsafe area,Unsafe area. Rest democratic sister just I great well drug agreement break court begin.,Public Safety,Medium,29,29,False,17.35919895,78.42208345,Resolved,2025-08-20 08:52:51
C01804,Pipeline burst,Pipeline burst. Should where decade wrong medical present visit hard rule education thing develop defense should good.,Water Supply,High,81,43,False,17.2996972,78.45985067,In Progress,2025-09-21 08:52:51
C01805,Overflowing waste bins,Overflowing waste bins. Star common increase lot relationship project wide Democrat whole set popular year.,Sanitation,High,62,56,False,17.39350636,78.59834072,Pending,2025-09-26 08:52:51
C01806,No water supply,No water supply. Allow could serve her require cold free notice must series less when young.,Water Supply,High,94,68,False,17.40692396,78.43489956,Closed,2026-03-31 08:52:51
C01807,Sewage overflow,Sewage overflow. Leave cut upon so important three generation trip that.,Drainage,High,66,6,False,17.39634615,78.37233467,Assigned,2026-03-08 08:52:51
C01808,Traffic signal failure,Traffic signal failure. Animal receive age report might great be.,Traffic,Low,13,63,False,17.51513781,78.4376098,Resolved,2026-03-22 08:52:51
C01809,Pipeline burst,Pipeline burst. How tax ten pick six guess subject religious weight.,Water Supply,High,51,83,False,17.45177102,78.54958747,Pending,2025-10-20 08:52:51
C01810,Park maintenance issue,Park maintenance issue. Simply tree program bad himself main learn PM leave what bad election.,Parks,Critical,91,4,False,17.42549446,78.47280871,Resolved,2025-12-01 08:52:51
C01811,Trash accumulation,Trash accumulation. Member American upon budget give future alone determine issue.,Sanitation,Low,1,41,False,17.33333173,78.44960985,Assigned,2025-11-07 08:52:51
C01812,Park maintenance issue,Park maintenance issue. Vote food another reality buy among gas throughout give.,Parks,Low,8,63,False,17.45598162,78.57386353,Resolved,2026-02-25 08:52:51
C01813,Loose electric wire,Loose electric wire. Structure time bill bring program what PM project shake necessary.,Electrical,Low,22,23,False,17.47061987,78.5313822,Closed,2026-01-22 08:52:51
C01814,Waterlogging,Waterlogging. Value send value unit final adult off clear which sometimes break offer somebody decade.,Drainage,Low,9,37,False,17.33564643,78.63606961,Resolved,2025-10-27 08:52:51
C01815,Power outage,Power outage. Third bank store three couple organization other sell simple collection rich.,Electrical,Low,22,11,False,17.47291958,78.43320351,Pending,2025-06-08 08:52:51
C01816,Loose electric wire,Loose electric wire. Hospital middle next evidence hotel social pay move star.,Electrical,Critical,89,29,False,17.51708814,78.484682,Pending,2025-10-11 08:52:51
C01817,Street light not working,Street light not working. Attention executive be full possible respond know carry receive price respond take available.,Electrical,Medium,47,40,True,17.38859424,78.43368309,Pending,2026-03-26 08:52:51
C01818,Drain blockage,Drain blockage. Real opportunity really customer southern girl price upon and talk stay fast true specific economic people.,Drainage,High,84,4,False,17.29107087,78.39642535,In Progress,2025-08-07 08:52:51
C01819,Waterlogging,Waterlogging. Southern evidence west customer break eat kitchen bit beautiful know water deal.,Drainage,Critical,92,53,False,17.39335583,78.4538812,Resolved,2025-08-28 08:52:51
C01820,Public nuisance,Public nuisance. Present ok attorney stop draw same her.,Public Safety,Medium,35,7,False,17.30003577,78.40395915,Resolved,2025-06-27 08:52:51
C01821,Loose electric wire,Loose electric wire. Girl question suddenly situation under dinner point.,Electrical,Low,23,35,False,17.37233391,78.47950828,Pending,2025-12-19 08:52:51
C01822,Illegal parking,Illegal parking. Fill economy professor better friend person win bring somebody show with room.,Traffic,High,51,72,False,17.27518241,78.3922823,Assigned,2026-02-26 08:52:51
C01823,Power outage,Power outage. Maybe always matter reason case from when popular discuss environmental suddenly site.,Electrical,Low,21,9,False,17.50958013,78.60121724,Closed,2026-01-01 08:52:51
C01824,Unsafe area,Unsafe area. Other value serious behind rise travel whatever large recent economic sister administration travel.,Public Safety,Medium,39,74,True,17.51319054,78.36417475,Pending,2026-03-12 08:52:51
C01825,Garbage not collected,Garbage not collected. Little matter go area effort lose sense capital before hand knowledge show dog turn successful.,Sanitation,Medium,46,16,False,17.24819078,78.53599908,Closed,2025-06-08 08:52:51
C01826,Overflowing waste bins,Overflowing waste bins. Government because identify new much education through.,Sanitation,Medium,44,28,False,17.51643083,78.34017424,Assigned,2026-04-16 08:52:51
C01827,Illegal parking,Illegal parking. Movement either trial show allow interest market ok possible ready health soldier hospital.,Traffic,Critical,99,18,False,17.38393972,78.52561243,Closed,2025-07-16 08:52:51
C01828,Illegal parking,Illegal parking. Item in course upon above American thought.,Traffic,High,51,46,False,17.33097085,78.39881048,Resolved,2025-06-22 08:52:51
C01829,Damaged pavement,Damaged pavement. Hundred off last why responsibility truth role early interesting right read major.,Roads,Low,15,41,False,17.47606886,78.39822929,Closed,2025-07-11 08:52:51
C01830,Damaged playground,Damaged playground. Consumer up begin learn style send medical institution member note perhaps opportunity decide media type analysis.,Parks,High,95,34,False,17.27466807,78.44832753,Assigned,2025-06-14 08:52:51
C01831,Road crack,Road crack. Ever medical pattern computer contain beautiful dark detail.,Roads,High,78,16,True,17.51525079,78.47086153,Pending,2026-01-31 08:52:51
C01832,Street light not working,Street light not working. Hair attention certain true in head support investment television pay guess growth head.,Electrical,Medium,50,41,False,17.47798411,78.49297535,In Progress,2025-09-15 08:52:51
C01833,Road crack,Road crack. Instead administration management degree day level also.,Roads,Low,14,52,False,17.52372231,78.6158067,Pending,2025-09-03 08:52:51
C01834,Waterlogging,Waterlogging. Good low throw specific population seven light poor design.,Drainage,Medium,41,85,True,17.42977291,78.45060963,Closed,2025-08-05 08:52:51
C01835,Illegal parking,Illegal parking. Significant college rather thought offer Mrs serious baby knowledge check modern man force budget brother adult.,Traffic,Medium,43,0,True,17.42486902,78.51604532,In Progress,2026-02-27 08:52:51
C01836,Traffic signal failure,Traffic signal failure. Defense cup door seven religious change culture put operation many director check affect speech rise.,Traffic,Critical,95,11,False,17.34378508,78.34220434,Resolved,2025-08-08 08:52:51
C01837,Park maintenance issue,Park maintenance issue. Hard institution six teacher seat somebody on street conference rest kitchen community government recent trade.,Parks,High,71,28,False,17.44508291,78.5781884,Resolved,2025-09-28 08:52:51
C01838,Traffic congestion,Traffic congestion. Draw billion product have stage answer young many safe meet actually contain government know.,Traffic,Medium,27,66,False,17.49403754,78.57597422,Pending,2025-12-25 08:52:51
C01839,Broken bench,Broken bench. Young son threat through admit study perform age score maintain agree become.,Parks,Low,13,30,False,17.35590839,78.48840246,Closed,2026-05-28 08:52:51
C01840,Public nuisance,Public nuisance. Concern remain hear baby form rock past side chair executive during.,Public Safety,High,63,82,False,17.51878109,78.40480819,Pending,2026-06-02 08:52:51
C01841,Traffic signal failure,Traffic signal failure. Professor various true least edge difficult eight work.,Traffic,Medium,50,34,False,17.29483766,78.40916755,Pending,2025-08-17 08:52:51
C01842,Street light not working,Street light not working. Pick identify stage father remain car executive.,Electrical,Low,25,62,False,17.26723606,78.39259277,In Progress,2026-04-24 08:52:51
C01843,Traffic congestion,Traffic congestion. Brother laugh return before approach get care training speech network gun probably.,Traffic,Low,9,13,False,17.34510967,78.41128892,In Progress,2025-07-24 08:52:51
C01844,Loose electric wire,Loose electric wire. Follow plan oil bed west thought help play from together course teacher writer person adult.,Electrical,Low,14,40,False,17.25795421,78.41466366,Closed,2026-03-10 08:52:51
C01845,Pipeline burst,Pipeline burst. Produce reflect budget institution floor develop foreign.,Water Supply,Medium,49,13,False,17.34759178,78.43635714,Closed,2025-10-24 08:52:51
C01846,Traffic congestion,Traffic congestion. Since attorney leave dog avoid bank various score realize practice hit whom.,Traffic,Medium,43,12,False,17.43747472,78.58878406,In Progress,2025-07-13 08:52:51
C01847,Broken bench,Broken bench. Increase edge author relate five property specific.,Parks,High,84,85,False,17.4847409,78.45267446,Closed,2025-07-17 08:52:51
C01848,No water supply,No water supply. Perform hand senior safe science parent discuss behavior notice commercial born hot serious mind inside political.,Water Supply,Critical,96,72,False,17.32401385,78.51424329,Resolved,2025-08-13 08:52:51
C01849,Road crack,Road crack. Push stay about response sister society business fall board room learn accept either walk many.,Roads,High,63,44,False,17.37328728,78.61282667,In Progress,2025-09-20 08:52:51
C01850,Illegal parking,Illegal parking. Keep trade side through type describe message suddenly serious watch.,Traffic,High,76,90,False,17.32131303,78.48226064,Resolved,2025-10-14 08:52:51
C01851,Waterlogging,Waterlogging. Live hard minute leader range young rate use later other.,Drainage,High,66,92,False,17.25196907,78.38565218,Closed,2026-02-24 08:52:51
C01852,Pipeline burst,Pipeline burst. Financial family bar its threat leave wait.,Water Supply,Medium,36,63,False,17.29806144,78.41218172,Resolved,2025-11-26 08:52:51
C01853,Broken bench,Broken bench. Return network let operation use nation pick than true parent per guy well computer produce soon.,Parks,Medium,27,15,False,17.52546277,78.38289549,Closed,2025-11-22 08:52:51
C01854,Power outage,Power outage. Management whether in movie off reason just treat look it floor senior form just police prepare.,Electrical,Low,17,73,False,17.37435985,78.60825766,Assigned,2025-09-25 08:52:51
C01855,Illegal parking,Illegal parking. Tree fine stop everybody what however society majority few thus entire successful camera.,Traffic,Medium,44,25,False,17.34751989,78.57040428,Closed,2025-09-04 08:52:51
C01856,Damaged pavement,Damaged pavement. Option because new culture pull cover safe heavy.,Roads,High,72,28,False,17.30315793,78.5219989,Closed,2025-07-08 08:52:51
C01857,Park maintenance issue,Park maintenance issue. During weight yeah act father style along if machine form space onto camera research.,Parks,Medium,49,74,False,17.39592101,78.61081813,In Progress,2026-03-30 08:52:51
C01858,Traffic signal failure,Traffic signal failure. Campaign top soon office best if difficult technology so may candidate.,Traffic,Medium,38,47,False,17.50212697,78.61619577,Closed,2025-11-17 08:52:51
C01859,Pothole on road,Pothole on road. Two able news poor article participant upon.,Roads,Medium,50,79,False,17.29295589,78.57372241,Closed,2026-04-13 08:52:51
C01860,Road crack,Road crack. Action season it brother realize perhaps night couple eight commercial oil deal.,Roads,Medium,34,92,False,17.29842888,78.33843855,In Progress,2025-10-10 08:52:51
C01861,Street light not working,Street light not working. Factor financial model to push establish top side partner upon support special rest tend decide part.,Electrical,Medium,32,18,True,17.27223776,78.46558604,Assigned,2025-06-20 08:52:51
C01862,Pothole on road,Pothole on road. May area trouble as direction gun value cup.,Roads,Low,4,94,False,17.32212091,78.39267748,Assigned,2025-06-18 08:52:51
C01863,Loose electric wire,Loose electric wire. Deep relate yet address another finish just raise worker trouble executive happy.,Electrical,High,67,67,False,17.43350987,78.59629666,In Progress,2026-05-22 08:52:51
C01864,Drain blockage,Drain blockage. Grow peace measure great marriage important bad environment night member result purpose conference election go.,Drainage,Medium,50,53,False,17.43836918,78.5795699,In Progress,2025-09-05 08:52:51
C01865,No water supply,No water supply. Live child laugh tough star personal turn happen chance material.,Water Supply,Low,25,1,False,17.52329563,78.47114712,Assigned,2026-02-18 08:52:51
C01866,Broken bench,Broken bench. Clearly determine picture shoulder piece cold day guy month with listen benefit.,Parks,Low,9,84,False,17.48062423,78.42722977,In Progress,2026-04-19 08:52:51
C01867,No water supply,No water supply. Risk all own central feel almost chance garden tend how now manage real radio light.,Water Supply,Medium,47,20,True,17.374117,78.47781,Resolved,2025-06-25 08:52:51
C01868,Sewage overflow,Sewage overflow. Yeah behavior into garden age whole professor nation guess short official brother of all.,Drainage,Medium,31,60,False,17.47818938,78.35938996,Closed,2026-04-03 08:52:51
C01869,Damaged pavement,Damaged pavement. Green large person candidate write policy on behind although above guess hand time.,Roads,High,87,35,False,17.23916604,78.57332122,Assigned,2026-01-04 08:52:51
C01870,Park maintenance issue,Park maintenance issue. Would spring themselves friend forward difficult ago week student finally day really live drive purpose movement.,Parks,Medium,48,25,False,17.26578935,78.61471067,Closed,2025-07-08 08:52:51
C01871,Overflowing waste bins,Overflowing waste bins. Question green safe music own small suggest hope.,Sanitation,Low,2,65,False,17.34620746,78.53776324,Pending,2025-10-06 08:52:51
C01872,Power outage,Power outage. Happy eye light yard near side great.,Electrical,High,57,18,False,17.42862274,78.45120671,In Progress,2026-04-23 08:52:51
C01873,Waterlogging,Waterlogging. Grow community guess issue take Mr night decide help before all occur.,Drainage,Medium,45,88,False,17.40608569,78.46691953,Assigned,2025-09-03 08:52:51
C01874,Overflowing waste bins,Overflowing waste bins. According these health within executive trade system evidence son.,Sanitation,High,68,90,True,17.39669092,78.56532208,Assigned,2025-09-23 08:52:51
C01875,Public nuisance,Public nuisance. Star young car mind break tough worker through also series break instead song.,Public Safety,Medium,30,84,False,17.30117968,78.44467958,In Progress,2026-03-03 08:52:51
C01876,Traffic congestion,Traffic congestion. Dark film land especially floor specific vote race brother kind year give go fast base road.,Traffic,High,77,73,False,17.49134269,78.34627266,Pending,2026-02-08 08:52:51
C01877,Road crack,Road crack. Under what stay experience have stop truth even through street special year American add here.,Roads,Critical,85,52,False,17.44675478,78.59807848,Closed,2025-08-24 08:52:51
C01878,Loose electric wire,Loose electric wire. Ten believe send up plant say possible maintain less show lay.,Electrical,Medium,47,94,False,17.44608226,78.55919639,Assigned,2025-10-25 08:52:51
C01879,Loose electric wire,Loose electric wire. Wind total military ready simple local stage Mrs debate glass level smile.,Electrical,Medium,26,64,False,17.35259461,78.4024938,Assigned,2026-03-23 08:52:51
C01880,Public nuisance,Public nuisance. Test down goal turn anything range behavior other away green win.,Public Safety,Medium,41,16,True,17.31508513,78.59565522,Pending,2026-01-29 08:52:51
C01881,Public nuisance,Public nuisance. Suggest when institution plan take somebody another hour performance way surface national perform already eight.,Public Safety,Low,6,14,False,17.42269858,78.38583354,Resolved,2026-05-26 08:52:51
C01882,Damaged pavement,Damaged pavement. Open bring ground great with kitchen room because his central.,Roads,Low,19,75,False,17.48351686,78.61770021,Assigned,2025-07-10 08:52:51
C01883,Pothole on road,Pothole on road. Prepare up art fight air part include nature let guy face stock reach.,Roads,Low,25,10,False,17.32949614,78.49422553,Pending,2026-05-07 08:52:51
C01884,Public nuisance,Public nuisance. Professor raise true learn institution each thank matter better though eight structure loss natural wife.,Public Safety,Low,25,73,False,17.24567335,78.56259364,Assigned,2026-04-27 08:52:51
C01885,Power outage,Power outage. Nearly about movement show practice voice push place bar.,Electrical,High,59,53,False,17.29779636,78.55645172,Resolved,2026-02-24 08:52:51
C01886,Park maintenance issue,Park maintenance issue. Couple free water tree what into special her fund order purpose many energy.,Parks,Medium,49,68,False,17.29971322,78.57566069,Resolved,2026-03-07 08:52:51
C01887,Unsafe area,Unsafe area. Record possible be save pay common base good list note pay candidate growth generation.,Public Safety,Medium,48,32,False,17.26600454,78.45737777,Resolved,2026-05-23 08:52:51
C01888,Street light not working,Street light not working. Perform between choice friend morning example quickly fear answer lose less court night pressure walk.,Electrical,Critical,98,93,False,17.2748765,78.5673902,Pending,2026-05-30 08:52:51
C01889,Broken bench,Broken bench. Others travel feeling hard ball think kind bit.,Parks,High,78,42,False,17.30661142,78.58734296,Resolved,2026-05-30 08:52:51
C01890,Traffic signal failure,Traffic signal failure. Color every nature age make similar whom movie born actually strong.,Traffic,Medium,47,51,False,17.4600869,78.44506887,Assigned,2026-04-10 08:52:51
C01891,Damaged pavement,Damaged pavement. Fear campaign claim center until reflect about cultural outside toward party always cover.,Roads,High,89,1,True,17.33405048,78.3397562,In Progress,2025-07-06 08:52:51
C01892,Power outage,Power outage. Into message everyone break camera could hold foot view.,Electrical,Medium,48,58,False,17.32920732,78.3898673,Assigned,2025-09-02 08:52:51
C01893,Public nuisance,Public nuisance. Position reach condition guess few listen dog hit forget crime explain life blood.,Public Safety,Critical,88,79,False,17.39467913,78.47771768,Closed,2026-03-10 08:52:51
C01894,Power outage,Power outage. Body him page goal book attack close student all relationship building raise tax factor somebody mind.,Electrical,High,90,47,True,17.3486993,78.42010155,Closed,2025-07-10 08:52:51
C01895,Power outage,Power outage. Its drug establish finish open special rise.,Electrical,Low,18,5,False,17.36388619,78.33946142,Assigned,2026-05-01 08:52:51
C01896,Public nuisance,Public nuisance. Body environment rich even peace it finally billion.,Public Safety,High,70,73,False,17.37531358,78.58557775,Assigned,2026-04-26 08:52:51
C01897,Park maintenance issue,Park maintenance issue. Glass material over would successful drive lot special low sea behavior himself.,Parks,Low,10,0,False,17.33477145,78.58909441,Assigned,2026-01-26 08:52:51
C01898,Sewage overflow,Sewage overflow. Moment until medical north water know follow very PM edge color they.,Drainage,High,65,5,False,17.44131165,78.35938678,Assigned,2025-08-29 08:52:51
C01899,Pothole on road,Pothole on road. Fine minute minute safe state middle radio student.,Roads,Medium,49,90,False,17.25411858,78.57863216,Closed,2025-06-09 08:52:51
C01900,Water leakage,Water leakage. Group point beyond push project few wind control sure wind present development road.,Water Supply,Medium,37,96,False,17.46184697,78.57095814,In Progress,2025-07-24 08:52:51
C01901,Road crack,Road crack. Current voice wide fly how teacher during.,Roads,Low,19,81,False,17.29353783,78.4473704,Assigned,2026-04-07 08:52:51
C01902,Drain blockage,Drain blockage. Particular degree former lay result admit response gas for safe eight there machine you.,Drainage,Low,23,14,False,17.48266968,78.4863657,Assigned,2026-05-14 08:52:51
C01903,Road crack,Road crack. Suddenly purpose anything measure language situation area husband item another very personal man.,Roads,High,94,86,False,17.38785025,78.34462555,In Progress,2026-04-15 08:52:51
C01904,Damaged pavement,Damaged pavement. Choice less soldier child it its policy defense room any series important.,Roads,High,97,93,False,17.46763181,78.63206087,Closed,2026-05-31 08:52:51
C01905,Waterlogging,Waterlogging. Lot responsibility accept modern parent short group customer difference table huge skin.,Drainage,Medium,47,16,False,17.32892766,78.36529064,Pending,2026-05-07 08:52:51
C01906,Abandoned vehicle,Abandoned vehicle. Mr local guy piece light majority organization woman.,Public Safety,High,58,17,False,17.53445415,78.55988964,In Progress,2025-08-24 08:52:51
C01907,Road crack,Road crack. Decide goal professor everything material cup try common top investment believe agree blue blue out group.,Roads,Low,13,25,False,17.43061681,78.41591988,Resolved,2026-03-29 08:52:51
C01908,Sewage overflow,Sewage overflow. Explain growth across the these price day fight.,Drainage,Medium,43,96,False,17.26730076,78.42190996,Closed,2025-07-01 08:52:51
C01909,Street light not working,Street light not working. Among behind white beat hair pull lawyer beyond miss left feeling allow skill.,Electrical,Low,5,33,False,17.41720878,78.48588509,Closed,2026-03-03 08:52:51
C01910,Waterlogging,Waterlogging. Side attorney catch maintain single state fly camera painting in lay score line foreign social.,Drainage,High,79,45,False,17.28334289,78.59356994,Resolved,2026-01-05 08:52:51
C01911,Traffic signal failure,Traffic signal failure. Expect couple economy institution theory method stuff goal mission personal though up.,Traffic,High,92,20,False,17.25310236,78.48821403,Resolved,2025-09-09 08:52:51
C01912,Pothole on road,Pothole on road. Country much interest what main always market exist court hope enter commercial.,Roads,Low,9,70,False,17.38796795,78.62230071,Closed,2025-10-02 08:52:51
C01913,No water supply,No water supply. Even manager shoulder maintain former free majority even president budget figure such how third sometimes born.,Water Supply,High,66,57,False,17.35054606,78.59218165,Resolved,2026-04-04 08:52:51
C01914,Illegal parking,Illegal parking. Claim citizen get tree adult size grow.,Traffic,Medium,42,96,False,17.28711195,78.45786885,Resolved,2025-07-07 08:52:51
C01915,Damaged pavement,Damaged pavement. Anyone floor authority appear instead off someone job event.,Roads,Low,19,14,False,17.46542157,78.52737831,Resolved,2026-05-04 08:52:51
C01916,Trash accumulation,Trash accumulation. World identify on recent shake simply walk member another lot size easy all agree Congress.,Sanitation,Medium,30,6,False,17.29304498,78.42775568,Resolved,2025-09-07 08:52:51
C01917,Damaged pavement,Damaged pavement. Behavior like rich wife eight various as rather compare lead tax democratic show bar ahead.,Roads,High,62,36,False,17.33961657,78.3636206,Resolved,2026-03-07 08:52:51
C01918,Unsafe area,Unsafe area. Major read level you recognize usually understand goal against.,Public Safety,High,83,51,False,17.50898514,78.49924405,Pending,2025-08-06 08:52:51
C01919,Traffic signal failure,Traffic signal failure. Above go particular ten beat born its step skin price nice.,Traffic,Low,2,91,False,17.53211305,78.53649165,In Progress,2026-03-22 08:52:51
C01920,Damaged playground,Damaged playground. Before sense threat ready audience thousand model exist.,Parks,Low,9,77,False,17.37437396,78.35135603,Assigned,2025-07-30 08:52:51
C01921,Pipeline burst,Pipeline burst. Number reduce idea senior hand simply role direction guy election by teacher together return still.,Water Supply,Low,12,38,False,17.31342684,78.57195196,Resolved,2026-02-20 08:52:51
C01922,Park maintenance issue,Park maintenance issue. Seat operation public technology seven stock trial place deep.,Parks,High,58,69,False,17.32362195,78.47305753,Closed,2025-12-06 08:52:51
C01923,Abandoned vehicle,Abandoned vehicle. Community point quite news admit and else environment.,Public Safety,Low,15,60,False,17.33686845,78.37995192,Resolved,2026-01-19 08:52:51
C01924,Public nuisance,Public nuisance. Member watch thing street machine necessary ago federal.,Public Safety,High,76,94,False,17.39453279,78.4515041,Closed,2025-12-19 08:52:51
C01925,Road crack,Road crack. Window position show stop TV research door community worry happen responsibility.,Roads,Low,16,59,False,17.30768594,78.46023946,Pending,2025-11-11 08:52:51
C01926,Traffic congestion,Traffic congestion. Perhaps understand way southern important item radio together go despite be any writer method among.,Traffic,High,79,13,False,17.46656297,78.63164594,Assigned,2025-10-16 08:52:51
C01927,Traffic congestion,Traffic congestion. Even action shoulder become option dinner market half test box lawyer he indeed population.,Traffic,Medium,35,91,False,17.44171301,78.62630463,Pending,2026-02-15 08:52:51
C01928,Traffic signal failure,Traffic signal failure. Beautiful before relationship dog example few their.,Traffic,Medium,47,20,False,17.30032887,78.53217396,Assigned,2025-10-24 08:52:51
C01929,No water supply,No water supply. Before kid whom save wait such throughout according seek behind training entire.,Water Supply,Medium,28,16,False,17.2386315,78.55026246,Closed,2026-05-03 08:52:51
C01930,Drain blockage,Drain blockage. Coach share sure voice study nature important under join today at.,Drainage,Medium,28,69,False,17.48698354,78.42978509,In Progress,2025-12-27 08:52:51
C01931,Public nuisance,Public nuisance. Prepare air serious toward perform walk life once television particularly avoid leave.,Public Safety,Medium,42,38,False,17.3946935,78.34716468,Pending,2026-04-22 08:52:51
C01932,Damaged pavement,Damaged pavement. People her begin benefit purpose system yard ever road relationship identify unit blood serve.,Roads,Low,22,6,False,17.49850213,78.52094304,In Progress,2025-08-01 08:52:51
C01933,Power outage,Power outage. Size ability attorney page its tell usually receive effort despite record manager.,Electrical,Medium,41,4,False,17.25031598,78.38150886,Closed,2026-04-20 08:52:51
C01934,Garbage not collected,Garbage not collected. Need suggest near history stop himself measure cause cold party speak factor blood and news.,Sanitation,Low,8,25,False,17.24356674,78.61207546,Resolved,2026-03-08 08:52:51
C01935,Illegal parking,Illegal parking. Where alone why society public respond during exist question happen it wide.,Traffic,Low,1,57,False,17.46227148,78.37400921,Closed,2025-08-16 08:52:51
C01936,Water leakage,Water leakage. History research worker president red Congress effect know base keep herself political beat everything live after.,Water Supply,High,100,30,False,17.29324102,78.49728976,Pending,2026-01-14 08:52:51
C01937,Damaged playground,Damaged playground. Room thing hard order west off attention machine west.,Parks,High,74,40,False,17.37911852,78.52671591,In Progress,2025-09-29 08:52:51
C01938,Damaged pavement,Damaged pavement. Situation sort task political condition station tough join real fact character finish.,Roads,Medium,29,95,False,17.33859647,78.55379859,Assigned,2026-01-23 08:52:51
C01939,Road crack,Road crack. Information require kitchen develop crime hold fund how feeling free address lose.,Roads,Critical,88,42,False,17.35464578,78.45016885,In Progress,2025-12-09 08:52:51
C01940,Road crack,Road crack. Help language teacher window teacher let military rock certain teacher.,Roads,Medium,31,24,False,17.37105269,78.58401952,Assigned,2025-11-18 08:52:51
C01941,Water leakage,Water leakage. Cause truth thought put cup south soldier Mrs especially I present list follow candidate man.,Water Supply,Low,23,60,False,17.52344355,78.50217988,Assigned,2026-04-04 08:52:51
C01942,Sewage overflow,Sewage overflow. Consumer discuss look arrive movement watch tend hot weight boy alone soldier stand report south.,Drainage,Low,11,85,False,17.38804121,78.46278241,Closed,2025-10-10 08:52:51
C01943,Illegal parking,Illegal parking. Pretty want hear mention medical whose network this source drug.,Traffic,Low,4,15,True,17.4658502,78.3469356,Resolved,2025-08-11 08:52:51
C01944,Traffic signal failure,Traffic signal failure. Care require wear commercial four family operation water his energy.,Traffic,Critical,94,62,False,17.51358751,78.596472,Pending,2026-04-25 08:52:51
C01945,Loose electric wire,Loose electric wire. Economic TV remember difficult fill middle later heavy different talk.,Electrical,High,77,63,True,17.39173368,78.41546475,In Progress,2025-12-27 08:52:51
C01946,Sewage overflow,Sewage overflow. Over side arm hundred military any help magazine your wall election suggest provide region.,Drainage,Medium,50,72,False,17.42701382,78.63534897,Pending,2025-08-31 08:52:51
C01947,Garbage not collected,Garbage not collected. Site generation wonder exist alone girl top amount support.,Sanitation,Medium,27,70,False,17.48890894,78.46958423,Closed,2025-10-26 08:52:51
C01948,Road crack,Road crack. Lawyer find spring matter thing kitchen tough represent design case four agent reduce.,Roads,High,84,13,False,17.28311999,78.37717114,Assigned,2026-05-19 08:52:51
C01949,Garbage not collected,Garbage not collected. Message seem unit say tonight type party need.,Sanitation,Low,24,95,False,17.31127246,78.47591584,In Progress,2025-12-11 08:52:51
C01950,Illegal parking,Illegal parking. Trip lead five course cost light process society thousand.,Traffic,Medium,29,14,False,17.44183831,78.37352569,Pending,2025-10-16 08:52:51
C01951,Damaged playground,Damaged playground. Moment late window bit parent front all open standard party court each large.,Parks,High,73,53,False,17.48804575,78.42210154,Pending,2025-10-10 08:52:51
C01952,Damaged pavement,Damaged pavement. Theory senior color we fill author player animal could politics boy rather every peace seek soldier.,Roads,Low,4,77,False,17.36946226,78.62875946,Closed,2026-01-11 08:52:51
C01953,Trash accumulation,Trash accumulation. Product image speak second along remember world rich hope off event.,Sanitation,High,69,9,False,17.3204222,78.3490941,Pending,2025-07-19 08:52:51
C01954,Trash accumulation,Trash accumulation. Rest know task dark may now general finally everyone upon rich side begin role.,Sanitation,High,67,55,False,17.51550802,78.46419941,Assigned,2025-06-21 08:52:51
C01955,Waterlogging,Waterlogging. Wish stand really major child than wonder note.,Drainage,High,62,32,False,17.27619556,78.41561121,In Progress,2026-01-29 08:52:51
C01956,Drain blockage,Drain blockage. Amount program window toward little great whole no rather community south fill activity.,Drainage,Medium,46,5,False,17.41542216,78.39740082,In Progress,2025-12-01 08:52:51
C01957,Power outage,Power outage. Student size idea industry well or have.,Electrical,High,66,1,False,17.30835385,78.42420727,In Progress,2025-10-20 08:52:51
C01958,Drain blockage,Drain blockage. Evening let western store point respond crime third cold drive manager fine.,Drainage,High,52,55,False,17.47569781,78.50735631,Resolved,2025-08-23 08:52:51
C01959,Pothole on road,Pothole on road. Every paper their entire manage lawyer whose parent candidate property safe race majority.,Roads,High,63,17,False,17.35923745,78.45311051,Pending,2025-11-26 08:52:51
C01960,Abandoned vehicle,Abandoned vehicle. Along how develop one try well mouth condition power but middle gas authority trial city their.,Public Safety,Low,15,41,True,17.40831382,78.48819806,Assigned,2026-04-10 08:52:51
C01961,Street light not working,Street light not working. Model civil interview discover artist class miss teach along day.,Electrical,Medium,40,84,False,17.50485031,78.42772889,Assigned,2025-10-22 08:52:51
C01962,Broken bench,Broken bench. Under commercial class while the ago end item.,Parks,Medium,41,82,False,17.52733558,78.62926052,Closed,2025-08-18 08:52:51
C01963,Illegal parking,Illegal parking. By part age amount thank become rise society American power pretty mother score major.,Traffic,High,93,75,True,17.40499709,78.43426952,In Progress,2025-09-06 08:52:51
C01964,Sewage overflow,Sewage overflow. Word another out weight window ago kid position beautiful vote young.,Drainage,Medium,49,70,False,17.43294473,78.56107304,Pending,2025-10-22 08:52:51
C01965,Water leakage,Water leakage. Vote rest anyone center world your hard recently.,Water Supply,High,56,63,False,17.43155546,78.45567141,Assigned,2025-07-31 08:52:51
C01966,Trash accumulation,Trash accumulation. Be find later soon which top want itself bit room most produce believe guy benefit.,Sanitation,Low,20,59,False,17.37885599,78.51113969,In Progress,2025-08-01 08:52:51
C01967,Water leakage,Water leakage. Young piece sell life strategy research reach.,Water Supply,Critical,82,84,False,17.3205251,78.6274075,Closed,2025-11-08 08:52:51
C01968,Abandoned vehicle,Abandoned vehicle. Go visit arm hit several throw plant.,Public Safety,Low,15,87,False,17.38303997,78.34042005,Assigned,2026-02-28 08:52:51
C01969,Damaged pavement,Damaged pavement. Read consider sense operation audience similar director forget.,Roads,Low,3,78,False,17.44103696,78.59671017,In Progress,2025-12-30 08:52:51
C01970,Water leakage,Water leakage. Cold left site create figure half thousand cause per smile election sort long threat.,Water Supply,Low,23,89,True,17.25186059,78.63425939,Resolved,2025-11-03 08:52:51
C01971,Power outage,Power outage. Tell join name against condition second themselves.,Electrical,Low,10,58,True,17.41501325,78.45269236,Closed,2025-08-05 08:52:51
C01972,Trash accumulation,Trash accumulation. Too scene local travel science court audience station cover local small doctor story street father.,Sanitation,Medium,35,55,False,17.29291095,78.39867982,Assigned,2026-03-06 08:52:51
C01973,Unsafe area,Unsafe area. Minute reflect race here above successful bring pressure service risk nature improve discover level apply economic.,Public Safety,High,92,76,True,17.3671646,78.53236256,Assigned,2025-12-11 08:52:51
C01974,Sewage overflow,Sewage overflow. Once national watch simply manager top much back later five whether.,Drainage,Medium,38,32,False,17.39678172,78.4887967,Closed,2025-11-08 08:52:51
C01975,Unsafe area,Unsafe area. Activity edge dog bring vote major process indicate door.,Public Safety,High,62,8,False,17.28421715,78.41903867,In Progress,2026-01-20 08:52:51
C01976,Broken bench,Broken bench. Attorney process he morning church try himself myself.,Parks,Medium,45,6,False,17.27994248,78.58633792,Resolved,2025-11-24 08:52:51
C01977,Traffic signal failure,Traffic signal failure. Ten area month risk full bank think answer season purpose effect star nor movement they.,Traffic,Medium,36,75,True,17.52218528,78.5434854,Resolved,2026-03-10 08:52:51
C01978,Abandoned vehicle,Abandoned vehicle. Your nor card buy behind computer week southern middle.,Public Safety,Low,5,45,True,17.32477305,78.5810559,Assigned,2025-11-22 08:52:51
C01979,Abandoned vehicle,Abandoned vehicle. Name whether many song camera lot tough population.,Public Safety,Medium,27,44,False,17.46178622,78.57815371,In Progress,2026-04-05 08:52:51
C01980,Garbage not collected,Garbage not collected. Sign subject only though discuss begin move sing point.,Sanitation,Low,23,49,False,17.23539865,78.51812657,Closed,2025-10-27 08:52:51
C01981,Abandoned vehicle,Abandoned vehicle. Great cost argue choose campaign summer space oil name hear environmental coach peace.,Public Safety,Low,23,28,False,17.31273059,78.62387807,Closed,2026-03-17 08:52:51
C01982,Broken bench,Broken bench. Onto go picture today simply road itself high give change first sport visit of need.,Parks,Medium,26,76,False,17.43788937,78.57805615,Closed,2025-10-03 08:52:51
C01983,Overflowing waste bins,Overflowing waste bins. Else see continue magazine finish friend spend difference million operation not clearly address week.,Sanitation,High,70,27,False,17.37732936,78.41896807,Assigned,2026-05-28 08:52:51
C01984,No water supply,No water supply. Between field range run that increase let value character theory.,Water Supply,Low,8,47,False,17.46575141,78.51556313,Assigned,2025-11-26 08:52:51
C01985,No water supply,No water supply. Knowledge mean radio many include number know movement decision want total write impact.,Water Supply,High,57,44,False,17.43374197,78.61987305,Pending,2025-10-23 08:52:51
C01986,Road crack,Road crack. Act ready population line after write especially enter well decision site.,Roads,Medium,32,62,False,17.50867605,78.59088473,Resolved,2026-02-06 08:52:51
C01987,Illegal parking,Illegal parking. Despite herself product sport throughout present special term energy memory parent instead create take hair.,Traffic,Medium,38,49,False,17.38589334,78.36374174,In Progress,2025-10-21 08:52:51
C01988,Public nuisance,Public nuisance. Morning cause point kind affect story mention night avoid.,Public Safety,Medium,49,3,False,17.43736649,78.41275226,Closed,2026-05-03 08:52:51
C01989,Street light not working,Street light not working. Evening participant approach condition blood bit here recent series great man fund claim beyond go quality.,Electrical,Critical,88,13,False,17.45282472,78.40430481,Resolved,2025-07-13 08:52:51
C01990,Road crack,Road crack. Important Mr both challenge meet rather clearly door recognize write product law she like.,Roads,High,76,41,False,17.42378065,78.39891026,In Progress,2026-01-24 08:52:51
C01991,Road crack,Road crack. Leader about too financial affect get age bit growth available raise personal team have deal.,Roads,High,73,85,False,17.23723509,78.40513818,In Progress,2025-12-26 08:52:51
C01992,Traffic congestion,Traffic congestion. Visit send scene technology action usually approach receive firm real today order.,Traffic,High,59,92,False,17.38677163,78.36796367,Assigned,2026-03-03 08:52:51
C01993,Broken bench,Broken bench. Serious feel politics seek again ball thousand mission whether.,Parks,Low,4,90,False,17.30039872,78.40305593,Resolved,2025-07-05 08:52:51
C01994,Garbage not collected,Garbage not collected. Method same talk his paper left former sea page describe all my.,Sanitation,High,99,93,False,17.25482955,78.6351274,Assigned,2025-07-08 08:52:51
C01995,Drain blockage,Drain blockage. Remain cup couple born once white offer what throughout while.,Drainage,High,71,9,False,17.40479471,78.50282328,In Progress,2025-10-09 08:52:51
C01996,Traffic signal failure,Traffic signal failure. Sure minute while live his within light thought some.,Traffic,High,86,99,False,17.39141585,78.5645317,In Progress,2026-06-03 08:52:51
C01997,Overflowing waste bins,Overflowing waste bins. Kind man late decision resource say type make a doctor fine.,Sanitation,High,66,73,False,17.48217043,78.60319629,Closed,2025-07-17 08:52:51
C01998,No water supply,No water supply. Trip reflect way type leave pattern remain green between culture cover on first line.,Water Supply,High,51,34,False,17.43275736,78.36910987,Pending,2025-11-19 08:52:51
C01999,Pipeline burst,Pipeline burst. Board particular phone body speech case place away.,Water Supply,Medium,29,48,False,17.46404646,78.50417774,Closed,2026-01-03 08:52:51
C02000,Traffic signal failure,Traffic signal failure. Second well answer keep between hour form job as soldier paper.,Traffic,Medium,33,51,False,17.2882098,78.62495316,In Progress,2025-12-07 08:52:51
C02001,Public nuisance,Public nuisance. Painting trade some scientist animal shake month.,Public Safety,Low,24,23,False,17.33345172,78.47039011,Pending,2025-07-07 08:52:51
C02002,Road crack,Road crack. A big also half agree garden conference anything.,Roads,High,77,13,False,17.31178597,78.39824894,Resolved,2025-10-30 08:52:51
C02003,Pothole on road,Pothole on road. Score he something after police let southern.,Roads,Medium,30,86,False,17.32838472,78.57438424,Pending,2025-11-06 08:52:51
C02004,Abandoned vehicle,Abandoned vehicle. Hit opportunity everybody usually remain could involve question tell employee clearly wait the necessary.,Public Safety,Medium,26,50,False,17.40196833,78.33721745,Closed,2026-05-06 08:52:51
C02005,Illegal parking,Illegal parking. Understand wall something they particular effect official threat hold baby friend speak lay.,Traffic,High,70,58,False,17.51132294,78.58605301,Pending,2025-09-01 08:52:51
C02006,Park maintenance issue,Park maintenance issue. Majority few pattern board our compare someone even brother natural fight different.,Parks,High,61,75,False,17.45627281,78.6017099,Assigned,2025-12-28 08:52:51
C02007,Water leakage,Water leakage. Number recently entire campaign suggest scene great professor deep serve blue.,Water Supply,Low,7,16,False,17.25542488,78.59881712,Closed,2026-06-03 08:52:51
C02008,Road crack,Road crack. Air relate line people necessary song party herself whom world.,Roads,High,95,93,False,17.2351044,78.35935302,Assigned,2025-08-22 08:52:51
C02009,Park maintenance issue,Park maintenance issue. Artist energy whole eight determine cover free his need down arrive only floor turn.,Parks,Medium,35,1,False,17.31836822,78.40121522,Assigned,2026-02-10 08:52:51
C02010,Drain blockage,Drain blockage. Source place organization recent them wear single understand wonder candidate amount.,Drainage,High,66,25,False,17.50893995,78.42764274,Pending,2025-11-11 08:52:51
C02011,Drain blockage,Drain blockage. Nation shake another now pull drug avoid environment their someone.,Drainage,Medium,41,65,True,17.35297926,78.54755561,Pending,2026-01-05 08:52:51
C02012,Sewage overflow,Sewage overflow. Call allow probably organization process present join defense.,Drainage,Low,10,37,False,17.44089226,78.61593401,Assigned,2026-02-16 08:52:51
C02013,Abandoned vehicle,Abandoned vehicle. Home trade black change well society process.,Public Safety,Medium,45,39,False,17.44973176,78.3921172,Assigned,2025-09-26 08:52:51
C02014,Drain blockage,Drain blockage. Letter food follow American time them season major history nice poor better state prove consider.,Drainage,Low,19,6,False,17.2630824,78.34793481,Closed,2026-05-11 08:52:51
C02015,Loose electric wire,Loose electric wire. Training adult answer trip look shoulder senior.,Electrical,Low,8,50,False,17.4788352,78.48756406,Assigned,2025-11-03 08:52:51
C02016,Road crack,Road crack. Let evening actually store manager crime mind last soon into know one lawyer respond.,Roads,Critical,89,100,False,17.28234506,78.46998234,Assigned,2026-03-23 08:52:51
C02017,Traffic congestion,Traffic congestion. Spend world cell stand job education know each.,Traffic,High,56,78,False,17.44033723,78.42343884,Closed,2026-02-21 08:52:51
C02018,Street light not working,Street light not working. In religious edge sometimes direction high sport green news a.,Electrical,Medium,31,19,False,17.30764563,78.38034606,Resolved,2026-02-14 08:52:51
C02019,Illegal parking,Illegal parking. Light can campaign price his recently put animal human behind brother get under reduce behavior your.,Traffic,Low,12,90,False,17.53436596,78.52522073,In Progress,2026-05-03 08:52:51
C02020,Pothole on road,Pothole on road. Hour often number thing while eat tree fear also see pay.,Roads,Medium,42,25,False,17.28363044,78.48347566,In Progress,2025-11-29 08:52:51
C02021,Illegal parking,Illegal parking. Else doctor quickly foreign person form north sell.,Traffic,High,78,83,False,17.40693169,78.40189881,Closed,2026-04-10 08:52:51
C02022,Sewage overflow,Sewage overflow. Near involve almost specific huge serve party thing cold you.,Drainage,Low,19,51,False,17.3693685,78.50553973,In Progress,2026-04-18 08:52:51
C02023,Unsafe area,Unsafe area. Find son arrive both crime mouth organization.,Public Safety,Medium,36,21,False,17.30269975,78.46700261,Assigned,2026-05-27 08:52:51
C02024,Trash accumulation,Trash accumulation. Adult leader mouth large late along action how family marriage century could find protect cell.,Sanitation,Low,25,95,False,17.45805402,78.47015532,Resolved,2026-01-01 08:52:51
C02025,Waterlogging,Waterlogging. Citizen draw within lot along something of daughter feel.,Drainage,High,56,41,False,17.51180345,78.48828014,Assigned,2025-09-19 08:52:51
C02026,Damaged pavement,Damaged pavement. Worry phone provide attention success these today summer statement imagine next add responsibility traditional eight site.,Roads,High,54,74,False,17.2574023,78.42167294,In Progress,2026-04-23 08:52:51
C02027,Public nuisance,Public nuisance. Just blue account alone right fast give past gun year.,Public Safety,High,98,82,False,17.51536472,78.57068551,Pending,2026-04-11 08:52:51
C02028,Water leakage,Water leakage. Could central fly vote threat computer stay go after pattern.,Water Supply,High,61,87,False,17.30251869,78.34572845,Closed,2026-01-21 08:52:51
C02029,Traffic congestion,Traffic congestion. Light consider option buy them push authority large option agency together fly see.,Traffic,Critical,96,68,False,17.51424717,78.58454603,Pending,2026-04-28 08:52:51
C02030,Waterlogging,Waterlogging. Blood two live pull born can reflect bank need office spend coach yet beautiful teacher.,Drainage,High,75,77,False,17.4274348,78.58914341,Closed,2025-07-29 08:52:51
C02031,Sewage overflow,Sewage overflow. Under agent enough foot others chance loss oil film character question director involve.,Drainage,Medium,47,62,False,17.47376927,78.3737986,Closed,2025-10-10 08:52:51
C02032,Water leakage,Water leakage. Interview around future table girl believe bar summer than respond.,Water Supply,High,69,78,False,17.46442597,78.58762255,Resolved,2025-09-29 08:52:51
C02033,Street light not working,Street light not working. Water this last choice use night window.,Electrical,Medium,43,95,False,17.23872205,78.55649352,Closed,2025-12-30 08:52:51
C02034,Waterlogging,Waterlogging. Thank his production try bring stay answer.,Drainage,High,52,44,False,17.35471856,78.49478754,Resolved,2026-01-31 08:52:51
C02035,Sewage overflow,Sewage overflow. Determine anything third clear thing describe meeting research call leg among glass senior travel six.,Drainage,High,68,13,False,17.2613499,78.58778987,Resolved,2025-10-14 08:52:51
C02036,Road crack,Road crack. Stage decision leave property environment scientist quality affect laugh somebody.,Roads,High,99,12,True,17.3648176,78.62101367,Assigned,2025-09-16 08:52:51
C02037,Power outage,Power outage. Man threat mission pattern television place pull.,Electrical,Medium,28,11,False,17.38635008,78.39404832,Resolved,2025-06-22 08:52:51
C02038,Public nuisance,Public nuisance. Try magazine past picture nice positive study he music career.,Public Safety,Critical,96,82,False,17.52691522,78.3758447,Resolved,2025-07-25 08:52:51
C02039,Traffic congestion,Traffic congestion. Throughout speech risk key common after board describe fact authority watch writer grow particular.,Traffic,Low,4,56,False,17.35716834,78.40561878,Pending,2025-12-08 08:52:51
C02040,Damaged playground,Damaged playground. Sit step fact president training cause admit.,Parks,Medium,49,82,False,17.49144068,78.39865524,Closed,2025-08-24 08:52:51
C02041,Road crack,Road crack. Test director authority notice free option find anyone tend event discover ok.,Roads,High,52,56,False,17.3522855,78.39195485,Assigned,2025-07-14 08:52:51
C02042,Trash accumulation,Trash accumulation. Value interesting participant everyone partner performance very so once.,Sanitation,High,72,30,False,17.33054114,78.55735476,Assigned,2025-08-25 08:52:51
C02043,Unsafe area,Unsafe area. Brother article mission arm specific owner since expert team.,Public Safety,High,63,55,False,17.31676464,78.53709983,Assigned,2026-05-04 08:52:51
C02044,Damaged pavement,Damaged pavement. Teacher above executive main coach thought TV seem last top.,Roads,Low,6,51,False,17.34673151,78.58849405,Assigned,2026-05-08 08:52:51
C02045,Damaged playground,Damaged playground. Professor art himself current value organization travel realize poor very fund.,Parks,High,75,54,False,17.50040994,78.56996796,In Progress,2026-02-11 08:52:51
C02046,Traffic signal failure,Traffic signal failure. Seek take own ball trip free adult challenge product price simple shoulder current raise sound even.,Traffic,Low,13,4,False,17.32378843,78.48903047,Pending,2026-02-08 08:52:51
C02047,No water supply,No water supply. House season control above fill look dog them state visit since her commercial speech begin loss.,Water Supply,Low,24,24,False,17.28773405,78.34363394,Pending,2025-10-13 08:52:51
C02048,Power outage,Power outage. Blue any agreement provide painting half full last single soldier.,Electrical,Medium,46,75,False,17.46045213,78.59913496,Resolved,2025-10-14 08:52:51
C02049,Unsafe area,Unsafe area. Ball old require management affect life adult official kid daughter only.,Public Safety,Medium,46,98,False,17.4643287,78.42351222,Closed,2025-12-13 08:52:51
C02050,Sewage overflow,Sewage overflow. View represent anything sometimes choose medical score determine shoulder draw sign product wonder such.,Drainage,Low,5,62,False,17.303133,78.4969307,Assigned,2025-11-20 08:52:51
C02051,Park maintenance issue,Park maintenance issue. Film admit hot majority now usually many information could bar like.,Parks,Low,24,16,False,17.4852047,78.41479037,In Progress,2025-09-11 08:52:51
C02052,Sewage overflow,Sewage overflow. His million because Mr commercial pretty while gas personal point cell plant.,Drainage,Medium,45,86,False,17.27198334,78.41461036,Closed,2025-09-04 08:52:51
C02053,Trash accumulation,Trash accumulation. Machine under performance old ready television attention speech.,Sanitation,High,57,8,False,17.47919291,78.46222806,Pending,2026-03-09 08:52:51
C02054,Power outage,Power outage. Reduce clear main whatever thing because trouble address best research mission.,Electrical,High,86,8,False,17.32442377,78.50976424,In Progress,2026-04-28 08:52:51
C02055,Overflowing waste bins,Overflowing waste bins. Necessary industry financial lay read loss two husband help environment west defense success half although.,Sanitation,Low,1,16,False,17.46795842,78.42280571,Assigned,2025-09-24 08:52:51
C02056,Public nuisance,Public nuisance. Single write most voice himself attack reach throw always until bit avoid.,Public Safety,Low,25,72,False,17.49204643,78.35758858,Pending,2025-08-21 08:52:51
C02057,Road crack,Road crack. Executive turn bill firm item clearly idea general probably loss we realize amount boy particular.,Roads,High,53,90,False,17.48492265,78.4531697,In Progress,2026-04-21 08:52:51
C02058,Park maintenance issue,Park maintenance issue. Factor decade it concern still part face particularly respond never commercial grow hot.,Parks,High,56,40,False,17.37417954,78.42516547,Assigned,2026-03-21 08:52:51
C02059,Garbage not collected,Garbage not collected. Grow wear fly fish news lose dog.,Sanitation,Medium,37,25,False,17.26214219,78.59355809,In Progress,2025-09-01 08:52:51
C02060,Water leakage,Water leakage. Music enter happy apply gun who several.,Water Supply,Low,23,14,False,17.26967653,78.60315704,Pending,2026-03-05 08:52:51
C02061,Trash accumulation,Trash accumulation. Case design fly trade may these do test approach maintain page money care career.,Sanitation,High,94,94,False,17.24121263,78.55936944,Resolved,2025-10-26 08:52:51
C02062,Overflowing waste bins,Overflowing waste bins. Home night type door general again as matter.,Sanitation,Medium,36,31,False,17.42933652,78.49148001,Resolved,2026-05-27 08:52:51
C02063,Road crack,Road crack. Degree level college understand must myself speak industry young.,Roads,Critical,98,65,True,17.36347542,78.48606181,Resolved,2025-09-20 08:52:51
C02064,Power outage,Power outage. Something early present difficult provide yourself among stock.,Electrical,High,76,26,False,17.40301681,78.55146514,Resolved,2026-02-16 08:52:51
C02065,Pipeline burst,Pipeline burst. Attorney race since country learn charge laugh individual will civil individual young.,Water Supply,Medium,41,88,False,17.35864741,78.44416897,Resolved,2026-03-31 08:52:51
C02066,Pipeline burst,Pipeline burst. Generation particularly usually film dog form realize red meet heart several across.,Water Supply,Critical,83,89,False,17.47735328,78.50722375,In Progress,2026-02-25 08:52:51
C02067,Traffic congestion,Traffic congestion. Wonder pattern total opportunity gun tell let law customer.,Traffic,Medium,45,44,False,17.44684272,78.56881177,Resolved,2025-07-06 08:52:51
C02068,Pipeline burst,Pipeline burst. Popular yeah back plant save price guy this toward cut hit.,Water Supply,High,73,45,False,17.25709903,78.45885616,Closed,2025-11-16 08:52:51
C02069,Overflowing waste bins,Overflowing waste bins. Center family magazine around clearly offer each mother.,Sanitation,Critical,86,30,False,17.2787269,78.40992459,Pending,2026-04-11 08:52:51
C02070,Waterlogging,Waterlogging. Begin subject possible PM kind try first international former technology arm once somebody.,Drainage,High,81,43,False,17.48723734,78.35888807,Pending,2025-09-06 08:52:51
C02071,Water leakage,Water leakage. You final note so seven or person ago too outside.,Water Supply,High,89,89,False,17.39477391,78.4236294,Assigned,2025-09-24 08:52:51
C02072,Waterlogging,Waterlogging. Against fact truth red political life management although.,Drainage,High,95,11,False,17.27846947,78.50394177,Assigned,2025-06-12 08:52:51
C02073,Damaged playground,Damaged playground. International west then call describe according scientist government language space risk deep away sure teacher.,Parks,Low,1,91,False,17.41959053,78.39428362,Assigned,2025-06-20 08:52:51
C02074,Road crack,Road crack. Difference consumer late turn hotel new force risk ground there attorney perform.,Roads,High,56,100,False,17.46827781,78.45089518,Closed,2025-06-07 08:52:51
C02075,Illegal parking,Illegal parking. Generation agency source any mother prevent course performance minute knowledge only home crime lot.,Traffic,Medium,40,14,False,17.50860166,78.61253317,In Progress,2026-05-19 08:52:51
C02076,Loose electric wire,Loose electric wire. For weight bad that nature thank ago power not expect else turn.,Electrical,High,76,9,False,17.45710315,78.49738467,Assigned,2025-11-03 08:52:51
C02077,Illegal parking,Illegal parking. Prepare possible letter eye international within gas.,Traffic,Medium,38,25,False,17.4689753,78.36428974,Pending,2025-07-26 08:52:51
C02078,Sewage overflow,Sewage overflow. Growth bring defense pick respond east show remain.,Drainage,Low,21,20,False,17.47905161,78.50080887,Assigned,2025-12-01 08:52:51
C02079,Trash accumulation,Trash accumulation. High her situation significant one stage manage next yet particularly reduce.,Sanitation,High,60,60,False,17.3441018,78.52767247,Closed,2026-04-24 08:52:51
C02080,Pothole on road,Pothole on road. Interesting chance attorney him thank hard chair impact move.,Roads,Medium,34,60,False,17.39318521,78.46169823,Pending,2026-03-02 08:52:51
C02081,Street light not working,Street light not working. List customer begin long tough apply through field nor enjoy base remain.,Electrical,High,61,90,True,17.30833788,78.4319345,Resolved,2026-02-17 08:52:51
C02082,Loose electric wire,Loose electric wire. Response significant head within owner build matter win too site play generation oil.,Electrical,Medium,43,46,False,17.49914344,78.48192931,Resolved,2025-12-18 08:52:51
C02083,Loose electric wire,Loose electric wire. Read company himself above collection writer product score traditional.,Electrical,Medium,48,62,False,17.4173935,78.5042671,Resolved,2026-05-20 08:52:51
C02084,Traffic congestion,Traffic congestion. Beat consumer prepare way market spring claim indicate who world guess employee out international modern.,Traffic,Critical,83,68,False,17.25896411,78.52881978,Pending,2025-12-16 08:52:51
C02085,Damaged pavement,Damaged pavement. Official surface hit hold PM six discover feel fact.,Roads,Low,1,90,False,17.36897098,78.48902311,Assigned,2025-09-21 08:52:51
C02086,Overflowing waste bins,Overflowing waste bins. Be lot moment exist from action view son military pay pick.,Sanitation,Medium,46,26,False,17.47974569,78.62422027,Closed,2026-02-25 08:52:51
C02087,Road crack,Road crack. Real may note girl letter cell character generation.,Roads,High,62,95,False,17.5057743,78.55250319,Closed,2025-08-04 08:52:51
C02088,Park maintenance issue,Park maintenance issue. Property work can study hotel matter away nice.,Parks,Medium,35,59,False,17.51499487,78.5684049,Pending,2025-06-10 08:52:51
C02089,Overflowing waste bins,Overflowing waste bins. Bad special analysis sometimes receive capital property outside find clearly camera.,Sanitation,Medium,26,34,False,17.36810205,78.35740822,In Progress,2026-04-28 08:52:51
C02090,Pothole on road,Pothole on road. Guy establish treat choice but yeah move professor morning along.,Roads,Critical,92,12,False,17.51750182,78.43338729,Pending,2025-10-23 08:52:51
C02091,Loose electric wire,Loose electric wire. Face level reach ball with room administration government else cold night history lawyer professor rate.,Electrical,Critical,82,97,False,17.35241431,78.38743441,Pending,2025-06-14 08:52:51
C02092,Unsafe area,Unsafe area. Read ok do happy during finish any thus war report.,Public Safety,High,54,36,False,17.32999917,78.62307776,Closed,2026-03-01 08:52:51
C02093,Public nuisance,Public nuisance. General federal Democrat dark writer blood five main region federal government.,Public Safety,Critical,88,4,False,17.28649674,78.37538033,Assigned,2025-06-19 08:52:51
C02094,Drain blockage,Drain blockage. Oil do research affect class bed blue offer.,Drainage,Critical,81,74,False,17.46816309,78.54970914,In Progress,2026-02-12 08:52:51
C02095,Pothole on road,Pothole on road. Seat he radio after believe live let.,Roads,Medium,38,84,False,17.33683757,78.51491985,Resolved,2026-04-27 08:52:51
C02096,Loose electric wire,Loose electric wire. Administration fly big government end each around right kind evening.,Electrical,Low,3,61,False,17.28823852,78.56689047,Pending,2026-02-17 08:52:51
C02097,Garbage not collected,Garbage not collected. Nearly tend particular pretty once country community air enter.,Sanitation,High,70,79,False,17.40533517,78.44559225,Resolved,2026-01-02 08:52:51
C02098,Sewage overflow,Sewage overflow. Second first nature training place me will both music save that career garden later smile.,Drainage,Critical,98,97,False,17.35997099,78.57184942,In Progress,2025-09-11 08:52:51
C02099,Overflowing waste bins,Overflowing waste bins. Answer card discussion television end up president reason training force.,Sanitation,Medium,41,83,False,17.3952948,78.411679,Resolved,2025-11-28 08:52:51
C02100,Traffic congestion,Traffic congestion. Personal he over improve American fall year.,Traffic,Critical,90,68,False,17.42142064,78.46038065,Pending,2025-06-22 08:52:51
C02101,Pipeline burst,Pipeline burst. Me behavior bring so staff rule give firm family avoid discuss budget rich price travel.,Water Supply,Medium,31,14,False,17.30661393,78.48342355,Resolved,2026-05-25 08:52:51
C02102,Traffic signal failure,Traffic signal failure. Per evidence consider their he perhaps beat somebody occur by call keep produce they last.,Traffic,High,56,12,False,17.25610311,78.44113066,Pending,2025-12-02 08:52:51
C02103,Park maintenance issue,Park maintenance issue. Institution us agency car control above glass almost everything interview enough better region.,Parks,Low,17,3,False,17.32562826,78.48856996,In Progress,2025-12-06 08:52:51
C02104,Power outage,Power outage. Both mind defense deal upon care reduce approach unit simply.,Electrical,High,63,45,False,17.46725155,78.43482969,Resolved,2025-09-19 08:52:51
C02105,Abandoned vehicle,Abandoned vehicle. Wrong police relationship determine international color debate rule Congress somebody both against go.,Public Safety,Medium,37,8,False,17.50517894,78.40362065,Closed,2026-04-05 08:52:51
C02106,Illegal parking,Illegal parking. Move event than television drug authority mind research how us nearly.,Traffic,Medium,44,18,False,17.29770606,78.37692805,Assigned,2025-07-21 08:52:51
C02107,Traffic signal failure,Traffic signal failure. Will left top participant leg organization picture really which.,Traffic,High,76,86,False,17.36311224,78.59950407,Pending,2026-03-09 08:52:51
C02108,Damaged pavement,Damaged pavement. Number particular election size relate participant style.,Roads,Low,21,82,False,17.3882237,78.56283005,Assigned,2025-09-12 08:52:51
C02109,Park maintenance issue,Park maintenance issue. Yes subject lose her carry father score interest blue think after according.,Parks,Critical,95,44,False,17.3352088,78.55853304,Assigned,2025-07-19 08:52:51
C02110,Pothole on road,Pothole on road. Election ask task why on ready picture board system character.,Roads,High,96,59,False,17.38876885,78.34546009,Resolved,2025-09-27 08:52:51
C02111,Abandoned vehicle,Abandoned vehicle. Within leader different voice heart tax tough dark leader couple health.,Public Safety,High,94,31,False,17.4449784,78.3821681,Resolved,2026-01-15 08:52:51
C02112,Waterlogging,Waterlogging. Cultural term change mention often clear lot black through.,Drainage,High,97,41,False,17.3099012,78.54458371,Closed,2025-11-28 08:52:51
C02113,Park maintenance issue,Park maintenance issue. Industry over benefit wall power candidate major bed her company open accept ok center it.,Parks,Low,12,27,False,17.31781578,78.5006289,In Progress,2025-10-15 08:52:51
C02114,Garbage not collected,Garbage not collected. Level property laugh continue up main public difficult.,Sanitation,High,90,93,False,17.52439785,78.56927646,Pending,2025-08-18 08:52:51
C02115,Damaged playground,Damaged playground. Read argue authority ago spring several sometimes attention great.,Parks,High,63,63,False,17.4814312,78.48861892,Resolved,2025-07-16 08:52:51
C02116,Drain blockage,Drain blockage. Size type five pass national happy model him interview recognize evidence coach green upon economy pressure.,Drainage,High,51,68,False,17.40272134,78.46152802,Pending,2025-07-21 08:52:51
C02117,Road crack,Road crack. Crime company impact pick morning picture top national buy themselves result among suffer because scene on.,Roads,High,58,77,False,17.4604372,78.42375166,In Progress,2026-02-12 08:52:51
C02118,Pipeline burst,Pipeline burst. Fast style official wide tonight central later receive exactly actually.,Water Supply,High,72,83,False,17.38895442,78.54231172,Closed,2026-03-27 08:52:51
C02119,Overflowing waste bins,Overflowing waste bins. Way billion factor list but fine next very main election.,Sanitation,Low,22,90,False,17.27958017,78.49305698,Pending,2025-09-16 08:52:51
C02120,Road crack,Road crack. Again too talk leg I nation course because ago back.,Roads,High,58,78,False,17.30168558,78.39204677,Assigned,2025-06-25 08:52:51
C02121,Overflowing waste bins,Overflowing waste bins. Magazine movie street media federal vote sit question election understand.,Sanitation,High,72,47,False,17.30553313,78.5633986,Resolved,2026-04-03 08:52:51
C02122,Traffic congestion,Traffic congestion. Any some chair yet prevent action yes pay wide rock create.,Traffic,High,90,88,False,17.37772507,78.47667139,Resolved,2025-11-23 08:52:51
C02123,Abandoned vehicle,Abandoned vehicle. Generation single sense and property page without strategy near forward school green series like.,Public Safety,Low,11,15,False,17.25027796,78.41698817,Assigned,2025-07-12 08:52:51
C02124,Unsafe area,Unsafe area. Watch give mouth sing society base over.,Public Safety,High,100,40,False,17.26054341,78.6187104,In Progress,2025-06-18 08:52:51
C02125,Garbage not collected,Garbage not collected. Loss beautiful rule speak modern well record various show water industry.,Sanitation,Low,25,100,False,17.49815396,78.57748328,Resolved,2026-01-27 08:52:51
C02126,Abandoned vehicle,Abandoned vehicle. After yard nor you choice sister store evening get than these exactly across soon short.,Public Safety,High,76,45,False,17.3074852,78.46447162,Pending,2025-10-18 08:52:51
C02127,Street light not working,Street light not working. Executive off thought my myself office form important.,Electrical,Medium,48,42,False,17.45685029,78.57041034,Assigned,2026-04-19 08:52:51
C02128,Overflowing waste bins,Overflowing waste bins. When game return state down list perform environment customer general manage like loss.,Sanitation,High,63,89,False,17.25380636,78.42088083,Resolved,2025-11-01 08:52:51
C02129,Damaged pavement,Damaged pavement. List dog itself history exactly never notice task already site pay.,Roads,Low,24,14,True,17.47079205,78.44422727,Assigned,2026-03-28 08:52:51
C02130,Traffic congestion,Traffic congestion. Along send billion quite on experience social improve such seven evening morning I second deal.,Traffic,High,71,73,False,17.44715669,78.56896564,Closed,2025-06-26 08:52:51
C02131,Pothole on road,Pothole on road. Nothing particular hear class professional entire finish business brother anyone movement easy speech time his.,Roads,High,51,25,False,17.33247142,78.56658776,In Progress,2026-04-19 08:52:51
C02132,Public nuisance,Public nuisance. She later pay seat for issue coach return south television old through security young.,Public Safety,High,52,66,False,17.32887011,78.49710854,Resolved,2026-06-03 08:52:51
C02133,Illegal parking,Illegal parking. Dream former course third certainly set effort almost down.,Traffic,Low,17,62,False,17.38900929,78.43869274,Closed,2025-09-05 08:52:51
C02134,Trash accumulation,Trash accumulation. She trial machine economy expert history treat difference.,Sanitation,High,51,5,False,17.41418878,78.4992204,In Progress,2025-12-31 08:52:51
C02135,Water leakage,Water leakage. Front attack notice deal protect do white likely rule role politics low receive player word ball.,Water Supply,Low,16,66,False,17.2420617,78.49632916,Resolved,2025-11-20 08:52:51
C02136,Trash accumulation,Trash accumulation. Sort official include score citizen grow American result.,Sanitation,High,73,19,False,17.30150461,78.44278534,Assigned,2026-05-02 08:52:51
C02137,Waterlogging,Waterlogging. Arrive admit full simple when adult question forward think girl likely.,Drainage,Medium,32,0,False,17.53011829,78.35355264,Assigned,2025-09-14 08:52:51
C02138,Park maintenance issue,Park maintenance issue. Those third or five health better surface production.,Parks,Low,1,97,False,17.51493364,78.57628563,Assigned,2026-05-24 08:52:51
C02139,Pipeline burst,Pipeline burst. Whether final dark my outside own material friend serious sister course serve think model adult.,Water Supply,High,56,90,False,17.25912774,78.61230384,Assigned,2025-12-01 08:52:51
C02140,Park maintenance issue,Park maintenance issue. Expect win rise movie doctor himself couple agency level speak smile.,Parks,Low,3,80,False,17.26016933,78.54672494,Resolved,2025-11-01 08:52:51
C02141,Trash accumulation,Trash accumulation. Around little oil art perform large officer budget student hand yeah check worker close late easy.,Sanitation,Low,9,44,False,17.24112924,78.55966163,Resolved,2026-01-15 08:52:51
C02142,Drain blockage,Drain blockage. Sure single because grow actually still actually old material particularly raise let.,Drainage,High,71,63,False,17.36627399,78.50949909,Assigned,2025-07-16 08:52:51
C02143,Damaged pavement,Damaged pavement. Western identify much eat team big teacher suddenly put note.,Roads,Medium,26,57,False,17.40435191,78.37763773,Resolved,2025-11-02 08:52:51
C02144,Damaged pavement,Damaged pavement. See operation statement action your investment day health worry fear entire cell.,Roads,High,63,52,False,17.25142596,78.6358297,In Progress,2025-12-22 08:52:51
C02145,No water supply,No water supply. Enough seek minute free their worker administration itself.,Water Supply,Medium,26,76,False,17.47185561,78.38820551,Assigned,2025-06-27 08:52:51
C02146,No water supply,No water supply. Place evidence book school claim civil who country tree.,Water Supply,High,79,55,False,17.26058763,78.53381444,Closed,2025-10-21 08:52:51
C02147,Park maintenance issue,Park maintenance issue. Happen her then network early present author thing however stuff lay camera significant.,Parks,Low,21,79,False,17.48258956,78.53764787,Assigned,2026-05-22 08:52:51
C02148,No water supply,No water supply. Around interview talk technology somebody resource try image us simply sure local film price two.,Water Supply,High,65,42,False,17.27124992,78.44720285,In Progress,2025-11-18 08:52:51
C02149,Street light not working,Street light not working. Work forward accept source wrong ago political who fish.,Electrical,High,66,75,False,17.40068118,78.40826579,Assigned,2026-02-27 08:52:51
C02150,Garbage not collected,Garbage not collected. Age least we mean somebody keep might benefit follow during alone agree keep development rest sing.,Sanitation,Critical,85,56,False,17.30176248,78.58778599,Assigned,2026-05-22 08:52:51
C02151,Street light not working,Street light not working. Onto entire many remain six eat able career treat weight.,Electrical,High,57,1,True,17.39845444,78.52004466,Closed,2025-09-11 08:52:51
C02152,Drain blockage,Drain blockage. Box continue enjoy huge section yard drug window dark upon detail.,Drainage,Medium,48,44,False,17.36232253,78.52261845,In Progress,2025-07-11 08:52:51
C02153,Unsafe area,Unsafe area. Most movement more serious voice himself to save.,Public Safety,Low,2,90,False,17.29461413,78.36417505,Assigned,2025-06-17 08:52:51
C02154,Unsafe area,Unsafe area. Perhaps born according expect since anything visit time rock just cell third author pick at.,Public Safety,Critical,96,77,False,17.52436719,78.62640897,Pending,2025-06-14 08:52:51
C02155,Power outage,Power outage. Yourself current fly recently interest term finish film everything statement manage.,Electrical,Medium,31,50,False,17.51647837,78.52759748,Closed,2025-11-03 08:52:51
C02156,Waterlogging,Waterlogging. Whom weight key likely couple analysis laugh Republican boy live every argue gun film.,Drainage,Medium,42,83,False,17.26748446,78.50807193,Closed,2025-10-28 08:52:51
C02157,Damaged playground,Damaged playground. Artist however side mention play Mrs local story crime life yard society power.,Parks,Medium,27,37,True,17.40278752,78.50082454,In Progress,2026-02-28 08:52:51
C02158,Illegal parking,Illegal parking. Home author image cultural great kitchen view every together.,Traffic,High,55,22,False,17.27996969,78.61387562,Assigned,2025-10-21 08:52:51
C02159,Waterlogging,Waterlogging. Develop television PM manage newspaper power set collection Democrat offer camera.,Drainage,Low,1,35,False,17.26373744,78.36465608,In Progress,2025-08-04 08:52:51
C02160,Unsafe area,Unsafe area. Wall continue say she above president agree air it now exist together.,Public Safety,High,51,15,False,17.41098994,78.54697993,Pending,2026-04-24 08:52:51
C02161,Trash accumulation,Trash accumulation. Herself serve writer list key budget husband explain Republican must very key money.,Sanitation,High,64,51,False,17.52711548,78.61533751,In Progress,2025-06-04 08:52:51
C02162,Road crack,Road crack. Talk sort poor religious many listen forward we body spring.,Roads,Medium,45,58,False,17.53161898,78.4941975,Resolved,2026-05-15 08:52:51
C02163,Drain blockage,Drain blockage. Early successful and exist full must try later out recently become choose couple draw.,Drainage,Low,8,31,False,17.52602571,78.6355648,Pending,2026-02-16 08:52:51
C02164,Waterlogging,Waterlogging. Answer receive market sort month recent off religious subject election race yes policy.,Drainage,Low,21,1,False,17.45995973,78.61245552,Pending,2025-10-24 08:52:51
C02165,Broken bench,Broken bench. Center operation attention type smile just look Congress.,Parks,High,95,29,False,17.3579652,78.44261533,In Progress,2025-08-28 08:52:51
C02166,Road crack,Road crack. Goal win rock item themselves age guess pay off move describe special maintain authority security free.,Roads,Medium,30,78,False,17.450142,78.52632723,In Progress,2025-12-30 08:52:51
C02167,Park maintenance issue,Park maintenance issue. Crime late care country situation new ask culture speech it.,Parks,High,77,9,False,17.48650178,78.62866299,Resolved,2026-01-13 08:52:51
C02168,Unsafe area,Unsafe area. Country Republican course myself thousand indeed save half pay.,Public Safety,Low,3,95,False,17.40791783,78.44175791,Closed,2025-10-16 08:52:51
C02169,Pothole on road,Pothole on road. Imagine senior kitchen line management always project give.,Roads,Medium,29,84,False,17.28403621,78.58599605,Resolved,2025-06-14 08:52:51
C02170,Loose electric wire,Loose electric wire. Company control central generation table thus save night thing one perform responsibility.,Electrical,Medium,34,83,False,17.52833168,78.5524986,Pending,2026-03-14 08:52:51
C02171,Drain blockage,Drain blockage. Value similar none theory nearly item check letter.,Drainage,High,60,6,False,17.42806238,78.50144143,Closed,2026-01-15 08:52:51
C02172,Pothole on road,Pothole on road. Sea air most ago idea unit avoid probably condition ready region rock almost Mr watch.,Roads,Medium,47,92,False,17.24923055,78.42813431,Resolved,2026-05-09 08:52:51
C02173,Road crack,Road crack. Respond hair especially close religious stock room experience serious do scientist almost common management into.,Roads,Critical,84,10,False,17.27295268,78.44465243,Resolved,2026-02-17 08:52:51
C02174,Water leakage,Water leakage. Week young party charge three however necessary state discover bit theory.,Water Supply,Medium,26,45,False,17.52251788,78.57257329,Closed,2025-07-23 08:52:51
C02175,Street light not working,Street light not working. Present record couple lay western enter until kid responsibility large site number.,Electrical,High,70,94,False,17.52381126,78.63347451,Closed,2026-03-03 08:52:51
C02176,Pipeline burst,Pipeline burst. Their author note right send building entire indicate certain follow total authority above seem.,Water Supply,Critical,100,7,False,17.32388819,78.48192562,In Progress,2025-06-25 08:52:51
C02177,Water leakage,Water leakage. Hair future cup information happen else door specific add evidence themselves around fact with wind people.,Water Supply,Medium,42,11,False,17.50605065,78.48372051,In Progress,2026-02-12 08:52:51
C02178,Abandoned vehicle,Abandoned vehicle. Reflect amount maintain police finish activity suggest hold war loss.,Public Safety,Medium,48,52,False,17.51037487,78.4309009,Pending,2025-06-03 08:52:51
C02179,Park maintenance issue,Park maintenance issue. Whatever that choice summer economy decision administration miss stay.,Parks,Critical,83,90,False,17.28447813,78.48668793,Resolved,2026-05-11 08:52:51
C02180,Waterlogging,Waterlogging. Administration despite area majority couple standard include red property mind might.,Drainage,Low,19,38,False,17.31540113,78.59785429,Assigned,2025-11-12 08:52:51
C02181,Park maintenance issue,Park maintenance issue. Analysis leg use hope American different ask.,Parks,High,80,83,False,17.52736679,78.61447994,Resolved,2025-11-02 08:52:51
C02182,Park maintenance issue,Park maintenance issue. Game meeting any investment sense city whole including win.,Parks,Medium,28,24,False,17.41917884,78.53850916,In Progress,2025-08-22 08:52:51
C02183,Abandoned vehicle,Abandoned vehicle. Specific series space general great simple fight letter research.,Public Safety,High,52,87,False,17.3515503,78.56328506,Pending,2025-06-29 08:52:51
C02184,Street light not working,Street light not working. Gas thus buy remember your appear pay born record final land rich ten executive his.,Electrical,High,85,23,False,17.4712054,78.38586658,In Progress,2026-03-18 08:52:51
C02185,Park maintenance issue,Park maintenance issue. Their area hour reach individual lose movie Democrat fish cause bar three education.,Parks,High,95,67,False,17.50443178,78.5628085,In Progress,2026-02-15 08:52:51
C02186,Street light not working,Street light not working. There become compare spring must century walk relate.,Electrical,Low,8,97,False,17.26343985,78.39089635,Assigned,2026-04-11 08:52:51
C02187,Street light not working,Street light not working. Election piece say prevent thank little after sell road.,Electrical,Critical,90,17,False,17.34337852,78.40097826,Resolved,2025-10-06 08:52:51
C02188,Waterlogging,Waterlogging. Sort understand glass fact thank trouble land model tell during have process watch.,Drainage,High,82,86,False,17.51269797,78.39902683,Closed,2025-09-29 08:52:51
C02189,Loose electric wire,Loose electric wire. May good whether behavior fact whose a of return group current not change government indicate experience.,Electrical,Medium,45,47,False,17.40073125,78.57575518,Closed,2025-06-05 08:52:51
C02190,Street light not working,Street light not working. Account computer age peace message ahead list crime detail throw something.,Electrical,Medium,26,13,False,17.49830672,78.59104319,Assigned,2025-06-17 08:52:51
C02191,Damaged playground,Damaged playground. Suddenly nature article collection character month sign build miss knowledge street style.,Parks,High,60,86,False,17.38244072,78.36087435,Closed,2025-12-18 08:52:51
C02192,Public nuisance,Public nuisance. Risk prepare trial grow ask mission why trip American fine.,Public Safety,Low,19,99,False,17.45293113,78.46621845,Pending,2026-04-07 08:52:51
C02193,Public nuisance,Public nuisance. Sport military man impact standard home fund whatever modern tree after.,Public Safety,High,72,64,True,17.4567499,78.46534271,Assigned,2025-12-03 08:52:51
C02194,Public nuisance,Public nuisance. Know debate east three less not detail include reduce dog law parent bit set follow establish.,Public Safety,High,92,85,False,17.41764319,78.5079984,Assigned,2025-11-06 08:52:51
C02195,No water supply,No water supply. Lead pretty two generation white able thought feeling easy allow interest team into there.,Water Supply,High,79,87,False,17.39801376,78.55410107,Resolved,2025-09-11 08:52:51
C02196,Trash accumulation,Trash accumulation. Alone style write factor work say small media source.,Sanitation,Low,2,62,False,17.35230886,78.37335961,Closed,2025-12-03 08:52:51
C02197,Loose electric wire,Loose electric wire. True after stage he establish base range.,Electrical,Critical,100,54,False,17.51284223,78.341416,Pending,2025-10-23 08:52:51
C02198,Pipeline burst,Pipeline burst. Event to drug law book challenge suddenly college eye get interesting that test job.,Water Supply,High,83,49,False,17.47600342,78.40042272,Pending,2025-10-12 08:52:51
C02199,Road crack,Road crack. Bill enough experience few see benefit politics style eight individual lawyer home.,Roads,High,60,35,False,17.26296441,78.54912772,In Progress,2025-09-02 08:52:51
C02200,Drain blockage,Drain blockage. Result product draw alone week yard health at security.,Drainage,High,79,34,False,17.3951299,78.40006032,In Progress,2026-03-28 08:52:51
C02201,Broken bench,Broken bench. Among run growth never well almost share trade series nation west.,Parks,Medium,28,32,False,17.47378923,78.61794622,Resolved,2026-05-02 08:52:51
C02202,Public nuisance,Public nuisance. Officer activity back bit wide window board light water within.,Public Safety,High,64,90,False,17.31458377,78.56437338,Resolved,2026-03-08 08:52:51
C02203,No water supply,No water supply. Anyone window join something through they administration day seem soon hard manager.,Water Supply,Low,4,16,True,17.24971754,78.38742422,Pending,2025-07-07 08:52:51
C02204,No water supply,No water supply. Mission have great every under method why standard.,Water Supply,High,71,5,False,17.42210014,78.54285542,Closed,2025-10-30 08:52:51
C02205,Traffic congestion,Traffic congestion. Interesting create live population step general defense fish interview perhaps since hold test.,Traffic,Low,19,63,False,17.50172784,78.40351065,Pending,2025-11-04 08:52:51
C02206,Park maintenance issue,Park maintenance issue. Kind several she product might face huge executive image cup national week.,Parks,Low,23,34,False,17.24602539,78.58415141,In Progress,2026-03-14 08:52:51
C02207,Broken bench,Broken bench. Management data dog hospital child cup job front themselves sort news manager.,Parks,Low,5,75,False,17.35385961,78.52523978,Pending,2025-09-15 08:52:51
C02208,Traffic signal failure,Traffic signal failure. Still senior major black individual dream we above yard help his development foreign type take.,Traffic,Low,6,21,True,17.34514659,78.35399972,Assigned,2025-06-25 08:52:51
C02209,Pothole on road,Pothole on road. Billion beyond us hot reduce side amount station bring arm.,Roads,Low,19,34,False,17.4682501,78.61026874,Pending,2025-10-30 08:52:51
C02210,Overflowing waste bins,Overflowing waste bins. Skin east national bed hard around everybody conference wide worry type.,Sanitation,High,77,46,False,17.36485238,78.49067058,Assigned,2025-07-31 08:52:51
C02211,Park maintenance issue,Park maintenance issue. Coach manager subject discover so trade strategy position key marriage agency lay.,Parks,Low,6,20,False,17.31117526,78.47633826,Pending,2026-01-11 08:52:51
C02212,Abandoned vehicle,Abandoned vehicle. Its group she scientist onto enough throw spend nor.,Public Safety,High,63,20,False,17.3525138,78.57558238,In Progress,2025-12-30 08:52:51
C02213,Sewage overflow,Sewage overflow. Another yard development so education service year light land there property week.,Drainage,Medium,38,87,False,17.48413575,78.52889473,Assigned,2025-07-25 08:52:51
C02214,Traffic congestion,Traffic congestion. Security huge near decade civil system amount soon miss vote turn deal detail purpose.,Traffic,Medium,28,17,False,17.41371883,78.39611883,Closed,2026-02-23 08:52:51
C02215,Pipeline burst,Pipeline burst. Say computer respond nature worker American nor yes respond tend.,Water Supply,High,77,84,True,17.47315113,78.42741226,Assigned,2025-09-13 08:52:51
C02216,Water leakage,Water leakage. Good power people interest sit baby interesting remember ten blood attack statement indeed care language.,Water Supply,Low,0,14,False,17.42978078,78.62478648,Pending,2025-11-29 08:52:51
C02217,Traffic congestion,Traffic congestion. Technology may central without find natural truth organization style front.,Traffic,Medium,44,58,False,17.47828987,78.40197965,Resolved,2025-09-04 08:52:51
C02218,Public nuisance,Public nuisance. To relate customer animal matter serve area son current crime receive benefit.,Public Safety,Medium,50,58,False,17.45675097,78.4032325,Closed,2025-12-11 08:52:51
C02219,Traffic congestion,Traffic congestion. Since charge bank end anyone simply girl away its candidate they center increase population determine.,Traffic,High,71,43,False,17.4899329,78.61786263,Resolved,2026-04-09 08:52:51
C02220,Damaged playground,Damaged playground. Heavy audience imagine experience other boy forget here where far tax.,Parks,Medium,34,48,False,17.35036833,78.46634176,Resolved,2026-03-11 08:52:51
C02221,Traffic congestion,Traffic congestion. Over PM physical leave might technology throughout hour.,Traffic,Low,7,76,False,17.31613015,78.6315737,Closed,2025-11-06 08:52:51
C02222,Traffic signal failure,Traffic signal failure. Support late discuss station some college people almost card.,Traffic,Low,24,69,False,17.43558437,78.4154413,In Progress,2025-09-02 08:52:51
C02223,Unsafe area,Unsafe area. Movement option describe front participant long meet significant wall upon matter.,Public Safety,Low,13,98,False,17.23793427,78.56826793,Pending,2026-03-06 08:52:51
C02224,Sewage overflow,Sewage overflow. Stock support condition pressure time glass community require defense word.,Drainage,High,74,3,False,17.33114039,78.34812347,Closed,2026-01-03 08:52:51
C02225,No water supply,No water supply. Do shoulder city anything way kitchen according himself low.,Water Supply,High,57,43,False,17.45581873,78.56072259,Resolved,2025-11-12 08:52:51
C02226,Illegal parking,Illegal parking. As amount every catch democratic strong purpose.,Traffic,High,61,40,False,17.25341831,78.51852968,In Progress,2026-01-05 08:52:51
C02227,Trash accumulation,Trash accumulation. Receive hour age these give film bit enough agree response know appear decide star.,Sanitation,Medium,38,28,False,17.37078976,78.40165879,Assigned,2025-11-07 08:52:51
C02228,Abandoned vehicle,Abandoned vehicle. Listen statement voice assume let onto degree picture begin woman bad seven boy account decide central.,Public Safety,Medium,48,82,False,17.30942569,78.61701795,Pending,2026-03-30 08:52:51
C02229,Park maintenance issue,Park maintenance issue. Hundred discussion theory truth home seek protect.,Parks,High,96,14,False,17.34189426,78.5655269,Resolved,2026-05-28 08:52:51
C02230,Trash accumulation,Trash accumulation. Major only beat score international according police remain concern.,Sanitation,High,89,18,False,17.48393829,78.50816429,Pending,2025-11-19 08:52:51
C02231,Pipeline burst,Pipeline burst. Turn throughout notice author me positive boy woman simple bank again military yes edge.,Water Supply,Medium,49,41,False,17.46995599,78.58077427,Closed,2026-04-17 08:52:51
C02232,No water supply,No water supply. Meeting continue board attack catch try hot smile and grow exactly toward you.,Water Supply,Low,6,18,False,17.32226497,78.48589474,Pending,2026-05-20 08:52:51
C02233,Abandoned vehicle,Abandoned vehicle. Region out receive economic response military know poor father fine tough thus.,Public Safety,Medium,47,71,False,17.33351791,78.46701563,Closed,2026-02-01 08:52:51
C02234,Road crack,Road crack. Your among that allow accept only campaign suffer window.,Roads,High,99,94,False,17.40335641,78.53755166,In Progress,2026-05-15 08:52:51
C02235,Broken bench,Broken bench. Third sometimes citizen art animal boy theory indeed student.,Parks,Medium,31,40,False,17.37300788,78.6218419,Assigned,2026-01-05 08:52:51
C02236,Damaged playground,Damaged playground. First record Mrs majority ability red painting improve plan plant quality many especially chance company even.,Parks,Medium,43,77,False,17.49990112,78.45223265,In Progress,2026-04-24 08:52:51
C02237,Unsafe area,Unsafe area. Position quality spring student benefit door open address.,Public Safety,Medium,49,40,False,17.45453121,78.48428941,Closed,2025-07-14 08:52:51
C02238,Traffic congestion,Traffic congestion. Dream summer get likely direction hospital go production.,Traffic,Low,22,36,False,17.25224404,78.50720034,Pending,2025-06-17 08:52:51
C02239,Public nuisance,Public nuisance. Chance others third above arm interest property shoulder Mr so sometimes resource often hold magazine write.,Public Safety,Medium,46,1,False,17.4923163,78.3617649,Assigned,2026-01-12 08:52:51
C02240,Sewage overflow,Sewage overflow. Billion discover heavy watch sometimes sea nothing somebody person full painting.,Drainage,High,62,11,False,17.44069582,78.39114395,Assigned,2026-01-26 08:52:51
C02241,Street light not working,Street light not working. Investment bank value character company might only specific study rock few successful entire front after Mr.,Electrical,High,86,78,False,17.52991961,78.50205675,Assigned,2026-04-09 08:52:51
C02242,Park maintenance issue,Park maintenance issue. Often event style professional term suffer exist institution year check success your.,Parks,Low,11,50,False,17.27070378,78.45862788,Pending,2025-12-28 08:52:51
C02243,Road crack,Road crack. Yes according finish culture risk gun writer meeting.,Roads,High,74,49,True,17.50519131,78.34909989,Assigned,2025-07-20 08:52:51
C02244,Trash accumulation,Trash accumulation. Impact all person some meeting establish miss follow environmental player event.,Sanitation,High,57,35,False,17.49798091,78.59957686,In Progress,2026-03-31 08:52:51
C02245,Power outage,Power outage. Lead behind for value term because people figure between either he sea tough analysis.,Electrical,Medium,41,28,True,17.32614942,78.43833977,Resolved,2026-04-03 08:52:51
C02246,Pipeline burst,Pipeline burst. Home see evidence and country least feel movement tell call trade his clearly pull beyond drive.,Water Supply,Low,5,100,False,17.45058723,78.63492139,In Progress,2025-09-17 08:52:51
C02247,Traffic signal failure,Traffic signal failure. Eye per federal relationship fact budget suddenly sister fall why.,Traffic,High,95,35,False,17.5061911,78.53379344,Assigned,2025-09-18 08:52:51
C02248,No water supply,No water supply. Us top determine chair next thank bar low.,Water Supply,Low,3,26,False,17.26054227,78.35995817,Resolved,2025-06-19 08:52:51
C02249,Damaged playground,Damaged playground. Senior dream western plant friend first PM local decide technology thought quality any carry information.,Parks,Medium,44,71,False,17.4799294,78.44893707,Pending,2025-10-28 08:52:51
C02250,Public nuisance,Public nuisance. Society early effort quality pass and race down quality when she.,Public Safety,High,52,7,False,17.25899579,78.41711129,Closed,2025-06-07 08:52:51
C02251,Overflowing waste bins,Overflowing waste bins. Rule onto high very pay culture family happen.,Sanitation,Critical,85,29,False,17.5186647,78.50982329,In Progress,2025-08-31 08:52:51
C02252,Trash accumulation,Trash accumulation. Fish probably language agent full everything human available tend edge relate blue.,Sanitation,High,60,82,False,17.42504269,78.55798999,Assigned,2026-01-05 08:52:51
C02253,Power outage,Power outage. Whether democratic skill camera indeed purpose factor value science machine size along take newspaper over.,Electrical,Low,7,36,False,17.27512069,78.63172197,Closed,2026-02-03 08:52:51
C02254,Road crack,Road crack. Easy that night rich night article would agree cold young care stand.,Roads,High,84,16,False,17.39597422,78.441124,Closed,2026-01-30 08:52:51
C02255,Park maintenance issue,Park maintenance issue. Majority true toward result modern sometimes big.,Parks,Critical,96,49,False,17.48851125,78.54718398,In Progress,2025-07-09 08:52:51
C02256,Road crack,Road crack. Author them skin project yes plant present treat far standard dinner none travel whatever speak.,Roads,Low,22,53,False,17.32725008,78.5906997,Resolved,2025-08-30 08:52:51
C02257,Road crack,Road crack. Network sign bad fear unit beyond if return concern road health when best nice.,Roads,High,72,79,False,17.33404931,78.5277041,In Progress,2025-06-03 08:52:51
C02258,Waterlogging,Waterlogging. World condition ok task throughout send see than hold all young.,Drainage,Low,6,77,False,17.2692077,78.53979411,Closed,2025-06-09 08:52:51
C02259,Pipeline burst,Pipeline burst. Over job play between majority daughter staff Mr one voice phone national.,Water Supply,Low,3,60,False,17.26318424,78.53494716,In Progress,2026-02-15 08:52:51
C02260,Garbage not collected,Garbage not collected. Themselves rule fact store front far others my writer.,Sanitation,Medium,38,80,False,17.27826958,78.53387405,Pending,2025-06-27 08:52:51
C02261,Public nuisance,Public nuisance. Where we after ahead thought war according receive after.,Public Safety,Low,15,56,False,17.37326221,78.33681966,Closed,2026-04-13 08:52:51
C02262,Traffic signal failure,Traffic signal failure. Meet ball customer relationship best quite long executive talk including break water record sea father.,Traffic,Medium,32,59,False,17.29779064,78.35281968,Assigned,2026-01-09 08:52:51
C02263,Abandoned vehicle,Abandoned vehicle. This subject whole common smile commercial blood but after year majority suggest wide.,Public Safety,High,73,38,False,17.42215718,78.45386799,In Progress,2026-03-17 08:52:51
C02264,Trash accumulation,Trash accumulation. Although while step arrive upon with ask fine their policy positive sense whether develop method town.,Sanitation,High,79,20,False,17.50728442,78.46753342,Resolved,2026-03-31 08:52:51
C02265,Abandoned vehicle,Abandoned vehicle. Heart much talk person site story natural.,Public Safety,Low,0,39,False,17.24238821,78.42214973,Assigned,2026-04-20 08:52:51
C02266,Damaged playground,Damaged playground. Glass take way enough sound own everything once seem environment project investment program.,Parks,Medium,43,76,True,17.40443716,78.53278283,In Progress,2026-05-27 08:52:51
C02267,Road crack,Road crack. Various cause enough draw surface it many discussion suddenly.,Roads,Medium,49,30,True,17.50038531,78.33901949,Assigned,2025-10-04 08:52:51
C02268,Power outage,Power outage. Success partner them traditional evening course Republican country worker wife black give later national.,Electrical,Medium,47,17,False,17.33648936,78.37495661,Assigned,2025-08-18 08:52:51
C02269,Public nuisance,Public nuisance. Sing than develop enjoy room not own central minute year ago Republican make.,Public Safety,Low,2,36,False,17.24851828,78.6184821,In Progress,2026-01-15 08:52:51
C02270,Traffic signal failure,Traffic signal failure. Rock food national middle truth end Mr politics nearly difference know attack agent morning best write.,Traffic,Low,14,53,False,17.25747757,78.57836805,Assigned,2025-10-26 08:52:51
C02271,Damaged playground,Damaged playground. On accept trade experience discussion before thought.,Parks,Low,4,91,False,17.39287123,78.48148591,Pending,2026-04-10 08:52:51
C02272,Unsafe area,Unsafe area. Kitchen agent put suggest son price day policy administration million visit become big street door.,Public Safety,High,72,96,False,17.33640265,78.46564088,In Progress,2025-07-20 08:52:51
C02273,No water supply,No water supply. Though site social table officer fear these pressure air whose.,Water Supply,Low,5,24,False,17.48775452,78.35012659,In Progress,2025-08-12 08:52:51
C02274,Power outage,Power outage. Image form group add toward race themselves prove choose happy half.,Electrical,Medium,40,71,False,17.47966313,78.45673866,In Progress,2026-03-07 08:52:51
C02275,Park maintenance issue,Park maintenance issue. Star young great life nice fall successful which two price fear.,Parks,Medium,50,16,False,17.31336669,78.46181459,Assigned,2025-09-11 08:52:51
C02276,Traffic signal failure,Traffic signal failure. Yeah light peace us not year year ask by affect listen you beat.,Traffic,Medium,34,4,True,17.49156046,78.6152898,Assigned,2025-12-11 08:52:51
C02277,Illegal parking,Illegal parking. Over especially north ago just successful professional subject factor practice thank everyone customer commercial.,Traffic,High,53,94,False,17.40858249,78.47280043,Assigned,2026-04-01 08:52:51
C02278,Unsafe area,Unsafe area. Manager center per sit budget perform produce end.,Public Safety,Medium,42,46,False,17.49064362,78.41606723,Closed,2025-07-24 08:52:51
C02279,Abandoned vehicle,Abandoned vehicle. None hospital animal book actually per low item resource cover campaign painting history.,Public Safety,Critical,88,46,False,17.29869988,78.36304886,Pending,2026-05-11 08:52:51
C02280,Public nuisance,Public nuisance. Foot join all value street several according should responsibility.,Public Safety,High,70,27,False,17.3984726,78.37144386,Assigned,2026-03-05 08:52:51
C02281,Garbage not collected,Garbage not collected. See run class thank sing town identify he hot medical eight evidence a hand.,Sanitation,High,78,7,False,17.43906564,78.59104576,Assigned,2025-09-06 08:52:51
C02282,Traffic signal failure,Traffic signal failure. Investment station draw argue key somebody anything course security girl learn thing.,Traffic,Medium,29,11,False,17.36228148,78.44901713,Pending,2025-11-29 08:52:51
C02283,Park maintenance issue,Park maintenance issue. Future child whatever sport executive theory to American shoulder argue me item not big.,Parks,Medium,39,79,False,17.41856559,78.5024988,Closed,2025-12-16 08:52:51
C02284,Drain blockage,Drain blockage. Add quality student it beat weight stay blood scientist weight those.,Drainage,Low,23,46,False,17.28685793,78.49613989,Closed,2026-04-10 08:52:51
C02285,Traffic signal failure,Traffic signal failure. And human technology appear image cell wonder.,Traffic,High,73,44,False,17.25934178,78.40508106,Pending,2025-12-18 08:52:51
C02286,Loose electric wire,Loose electric wire. Thank resource item free civil tell his herself test medical and.,Electrical,High,67,43,False,17.33578683,78.56814453,Resolved,2025-09-06 08:52:51
C02287,Public nuisance,Public nuisance. Hundred artist far model threat lot cultural range assume choice.,Public Safety,Low,5,72,False,17.29814418,78.55324886,Closed,2025-07-05 08:52:51
C02288,Traffic signal failure,Traffic signal failure. Choose short back civil your good building specific four month whom serve speech start do window.,Traffic,Medium,39,45,False,17.50233122,78.38033935,In Progress,2025-07-02 08:52:51
C02289,Garbage not collected,Garbage not collected. Federal which degree popular over probably research happy sort right anyone the outside fish office prove.,Sanitation,Critical,91,43,True,17.26192642,78.37230836,Pending,2026-03-29 08:52:51
C02290,Street light not working,Street light not working. Action science thus of loss test information develop.,Electrical,High,63,36,False,17.33375054,78.54667846,Pending,2026-05-03 08:52:51
C02291,Public nuisance,Public nuisance. Season million much animal agency clear hit simply people difficult weight.,Public Safety,High,69,66,False,17.41380725,78.58882701,Closed,2025-12-23 08:52:51
C02292,Public nuisance,Public nuisance. Any expert leave send government lawyer no identify child tax source produce talk several who.,Public Safety,Medium,33,28,False,17.27207982,78.34047101,Resolved,2025-10-13 08:52:51
C02293,Damaged pavement,Damaged pavement. Section out see among sometimes history room nature certainly factor.,Roads,High,56,73,False,17.43239869,78.60111104,Resolved,2025-06-22 08:52:51
C02294,Waterlogging,Waterlogging. Student seat view while son sense receive.,Drainage,High,72,71,False,17.34171955,78.61730526,Resolved,2026-05-09 08:52:51
C02295,Traffic signal failure,Traffic signal failure. Season magazine really doctor owner speech statement.,Traffic,Critical,100,1,False,17.40232524,78.526774,Resolved,2026-05-29 08:52:51
C02296,Waterlogging,Waterlogging. Strong most century people fine home everybody especially similar movement tend arrive.,Drainage,Low,10,0,False,17.49260947,78.62766562,Assigned,2026-03-26 08:52:51
C02297,Traffic signal failure,Traffic signal failure. Role word body member blood do whatever bad could analysis probably church leg building option.,Traffic,Medium,44,81,False,17.38591825,78.50771961,Pending,2026-02-26 08:52:51
C02298,Overflowing waste bins,Overflowing waste bins. Religious fill forward really all no fight somebody great.,Sanitation,Critical,94,32,False,17.36250185,78.49534054,Closed,2026-01-26 08:52:51
C02299,Damaged pavement,Damaged pavement. Indicate soon watch president smile animal manager space from.,Roads,High,96,19,False,17.41708668,78.48256157,Closed,2026-02-05 08:52:51
C02300,Power outage,Power outage. Media city outside ok sound language could nor perhaps energy miss stage.,Electrical,High,65,97,False,17.45133011,78.50522802,Closed,2025-12-05 08:52:51
C02301,Waterlogging,Waterlogging. Sit fear stand spend amount wall around team watch positive particular they eye.,Drainage,High,79,36,True,17.37559871,78.35331254,Assigned,2025-11-02 08:52:51
C02302,Unsafe area,Unsafe area. Certainly evening street friend although push drop well.,Public Safety,Medium,28,57,False,17.53190854,78.61170164,In Progress,2025-12-14 08:52:51
C02303,Overflowing waste bins,Overflowing waste bins. Treatment fight have beyond stay career be more like contain free often all rule save meeting.,Sanitation,High,75,29,False,17.47833073,78.41011518,In Progress,2026-06-02 08:52:51
C02304,Street light not working,Street light not working. Community would big especially affect amount management push box produce someone affect.,Electrical,High,53,46,False,17.53473725,78.38544726,Assigned,2025-11-14 08:52:51
C02305,Park maintenance issue,Park maintenance issue. Give bag recent administration draw major particular bar.,Parks,High,94,28,False,17.49968587,78.55685647,Pending,2026-02-16 08:52:51
C02306,Power outage,Power outage. Conference leg form difference gas feeling tend work.,Electrical,Medium,42,18,False,17.35305355,78.40447644,Assigned,2025-08-01 08:52:51
C02307,Power outage,Power outage. Tax set guy try who discuss machine agency approach choice author.,Electrical,Low,20,86,False,17.31722939,78.54056308,Assigned,2025-09-08 08:52:51
C02308,Trash accumulation,Trash accumulation. Reason west off rich effect to table or one happen hear learn.,Sanitation,Medium,41,18,False,17.41771125,78.50855822,Resolved,2026-02-02 08:52:51
C02309,No water supply,No water supply. Wind pretty thousand option traditional lead crime fund production man bit indeed dog measure country eight.,Water Supply,High,68,30,False,17.37002556,78.58267627,Resolved,2026-03-30 08:52:51
C02310,Overflowing waste bins,Overflowing waste bins. Phone cup like campaign recent pattern executive.,Sanitation,Medium,44,80,False,17.28608235,78.5167086,In Progress,2025-10-28 08:52:51
C02311,Damaged pavement,Damaged pavement. Thus serious system history information general time tell but little shoulder add writer eat.,Roads,Medium,39,16,False,17.49810277,78.38790399,Closed,2026-06-03 08:52:51
C02312,No water supply,No water supply. Other wear hospital turn low to green theory ask including wall price.,Water Supply,Medium,49,46,False,17.46902857,78.52239623,In Progress,2025-12-06 08:52:51
C02313,Garbage not collected,Garbage not collected. Wear work into population draw require color hair trouble.,Sanitation,High,79,13,False,17.47731164,78.51729483,Resolved,2026-05-06 08:52:51
C02314,Power outage,Power outage. Likely analysis leader meeting course have certainly thank other cut.,Electrical,High,69,33,False,17.488298,78.59497959,Assigned,2026-01-30 08:52:51
C02315,Road crack,Road crack. Whether address especially daughter weight ago economic note history fall through measure kid.,Roads,Medium,27,56,False,17.38465067,78.60783551,In Progress,2025-09-09 08:52:51
C02316,Street light not working,Street light not working. Family cut company both make green reveal.,Electrical,Medium,44,43,False,17.26428142,78.48814775,Closed,2025-06-12 08:52:51
C02317,Traffic congestion,Traffic congestion. Herself report meet save term travel data with wonder page buy ten really.,Traffic,Critical,90,94,False,17.49386958,78.57390985,Assigned,2025-10-06 08:52:51
C02318,Sewage overflow,Sewage overflow. Address economy I method word focus thus usually at concern strategy car very class dream.,Drainage,Medium,38,55,False,17.24895218,78.56442042,In Progress,2025-09-25 08:52:51
C02319,Pipeline burst,Pipeline burst. Provide doctor final way area town hotel bar develop during realize near long.,Water Supply,Low,23,33,False,17.41535724,78.61111376,Closed,2025-06-20 08:52:51
C02320,Road crack,Road crack. Son show control group interesting drive night manage cell.,Roads,High,99,86,False,17.31622558,78.35109808,Resolved,2025-09-30 08:52:51
C02321,Illegal parking,Illegal parking. Rule water cold sport special describe professor really walk.,Traffic,Medium,26,41,False,17.32622208,78.46163374,In Progress,2025-09-13 08:52:51
C02322,Trash accumulation,Trash accumulation. Meeting once ground weight quality nothing office boy appear newspaper evidence wind east decide score.,Sanitation,Medium,37,89,False,17.24688168,78.40996466,In Progress,2026-05-31 08:52:51
C02323,Loose electric wire,Loose electric wire. Hard life media happen street star dog hear history.,Electrical,Critical,98,52,False,17.36940302,78.44147349,In Progress,2025-08-18 08:52:51
C02324,Waterlogging,Waterlogging. Return blue camera evening purpose government boy big anyone the become enjoy democratic there our reality.,Drainage,High,53,28,False,17.26996862,78.63186053,Pending,2025-10-27 08:52:51
C02325,Damaged playground,Damaged playground. Hot garden unit tax again forget life production street positive set bed pick.,Parks,Low,4,7,False,17.23599779,78.38139623,Assigned,2025-11-13 08:52:51
C02326,Loose electric wire,Loose electric wire. Sure learn he business somebody represent different probably both.,Electrical,Low,0,14,False,17.31183851,78.6212971,Closed,2025-10-18 08:52:51
C02327,Sewage overflow,Sewage overflow. Unit sound realize management effort here her probably will.,Drainage,Medium,36,69,False,17.26908722,78.57707745,Closed,2025-11-05 08:52:51
C02328,Broken bench,Broken bench. Near trial perform hand feeling blood common.,Parks,Low,12,25,True,17.48729116,78.47079295,Pending,2026-03-20 08:52:51
C02329,Damaged pavement,Damaged pavement. Guy pretty institution deal out ground notice marriage.,Roads,Medium,37,26,True,17.48994185,78.5582865,Pending,2026-05-07 08:52:51
C02330,No water supply,No water supply. Five chance year senior apply surface window decade require.,Water Supply,Medium,42,84,False,17.32075692,78.54271189,Pending,2026-05-14 08:52:51
C02331,Water leakage,Water leakage. Whole as experience war present camera either school spring rate myself worry marriage sing step.,Water Supply,High,95,90,False,17.52573422,78.55042769,In Progress,2026-03-06 08:52:51
C02332,Sewage overflow,Sewage overflow. Watch show government tough whatever section agree deep suggest rule stuff plant full family learn.,Drainage,Low,20,56,False,17.46584653,78.37308744,Closed,2025-09-10 08:52:51
C02333,Public nuisance,Public nuisance. Guess sign break central step rest offer family under accept specific hundred.,Public Safety,High,80,21,False,17.51772262,78.39047088,Assigned,2025-09-13 08:52:51
C02334,Power outage,Power outage. Guy environmental small spring color else prove policy interesting save stock subject.,Electrical,Medium,49,65,False,17.43703094,78.52564459,Assigned,2025-12-27 08:52:51
C02335,Trash accumulation,Trash accumulation. Manager suggest another oil Congress nearly treat school standard agency toward.,Sanitation,Low,24,97,False,17.24598864,78.47938502,Pending,2025-09-05 08:52:51
C02336,Pothole on road,Pothole on road. Party others decide worry nation reason entire.,Roads,High,52,91,False,17.37464238,78.39775054,In Progress,2025-06-13 08:52:51
C02337,Damaged pavement,Damaged pavement. Reach be represent young yard forget hotel.,Roads,Medium,33,0,False,17.28276396,78.38681238,Resolved,2025-07-28 08:52:51
C02338,Unsafe area,Unsafe area. Argue century surface future speak foot player sea capital well whom debate resource raise Congress.,Public Safety,High,71,74,False,17.39526488,78.41236372,Pending,2025-12-16 08:52:51
C02339,Unsafe area,Unsafe area. Lay first data never reveal level by ready same design center.,Public Safety,Medium,48,84,False,17.24098446,78.56240442,Closed,2026-05-16 08:52:51
C02340,Abandoned vehicle,Abandoned vehicle. Measure car feeling audience audience weight the son system market picture rest by unit.,Public Safety,High,100,12,False,17.52461991,78.55020953,Pending,2026-03-02 08:52:51
C02341,Illegal parking,Illegal parking. Play story ground decision than interest speech art.,Traffic,Low,4,75,False,17.43818276,78.41923888,Closed,2025-11-07 08:52:51
C02342,Loose electric wire,Loose electric wire. Need Congress see learn thing late yeah choose morning scientist public.,Electrical,High,90,100,False,17.50505223,78.58388599,Closed,2025-08-21 08:52:51
C02343,Broken bench,Broken bench. White include off article old local man ahead less character medical throw.,Parks,Medium,26,81,False,17.28107606,78.43493794,Resolved,2025-08-05 08:52:51
C02344,Loose electric wire,Loose electric wire. Wonder sport staff front probably family upon model environment these low or.,Electrical,Low,15,84,False,17.41328227,78.52197345,Assigned,2026-01-27 08:52:51
C02345,Abandoned vehicle,Abandoned vehicle. Watch nature offer wrong box question front yourself course improve.,Public Safety,Critical,96,65,False,17.44098166,78.63067729,In Progress,2026-02-13 08:52:51
C02346,Road crack,Road crack. Can hotel figure serve staff important impact reduce themselves practice pick design job year.,Roads,Medium,42,73,False,17.50428761,78.62940228,Pending,2025-07-19 08:52:51
C02347,Traffic signal failure,Traffic signal failure. Change follow under dinner job fact both just drug staff occur chair suddenly.,Traffic,High,75,78,False,17.33536161,78.6170951,Assigned,2026-05-04 08:52:51
C02348,Traffic signal failure,Traffic signal failure. Likely water head care charge worry into event third.,Traffic,High,75,12,False,17.33076433,78.52009252,In Progress,2026-01-11 08:52:51
C02349,Overflowing waste bins,Overflowing waste bins. Wait real allow anyone light not official boy.,Sanitation,Low,19,35,False,17.43056724,78.41869763,Closed,2025-11-22 08:52:51
C02350,Power outage,Power outage. Law try today enter difference better send growth head behind manager expect event occur.,Electrical,Low,1,0,False,17.47423375,78.42281645,In Progress,2026-05-25 08:52:51
C02351,Street light not working,Street light not working. We attack dog minute miss lay store trouble recent open front company remain general money.,Electrical,High,74,5,False,17.44745703,78.46506282,Resolved,2025-07-09 08:52:51
C02352,Public nuisance,Public nuisance. Cultural yourself away dog report treatment likely.,Public Safety,Medium,41,56,False,17.44650822,78.48239018,Closed,2025-11-25 08:52:51
C02353,Unsafe area,Unsafe area. Great risk key blood recent animal receive various.,Public Safety,High,53,47,False,17.32839412,78.3875806,In Progress,2025-07-26 08:52:51
C02354,Abandoned vehicle,Abandoned vehicle. Never east wonder gun without foot suddenly alone else product able move affect soon.,Public Safety,Medium,43,77,False,17.36686597,78.53489171,Pending,2025-09-01 08:52:51
C02355,Water leakage,Water leakage. He card usually three look always evening low everybody investment.,Water Supply,High,85,93,False,17.52048001,78.46341635,Assigned,2025-09-05 08:52:51
C02356,Power outage,Power outage. Step full paper front reach become enough voice she practice role before shake.,Electrical,High,53,54,False,17.36680122,78.59338632,In Progress,2025-12-10 08:52:51
C02357,Garbage not collected,Garbage not collected. Water great brother miss agree themselves lot ability.,Sanitation,High,56,19,False,17.3459351,78.61941378,Closed,2026-03-29 08:52:51
C02358,Damaged playground,Damaged playground. Citizen deep right whatever author avoid together spend spring other direction sit outside give marriage.,Parks,Medium,26,30,False,17.37777037,78.44311921,Assigned,2025-12-20 08:52:51
C02359,Overflowing waste bins,Overflowing waste bins. Notice white continue start scientist no hope adult scientist hand parent.,Sanitation,Low,2,95,False,17.4376697,78.57565231,In Progress,2025-07-04 08:52:51
C02360,Sewage overflow,Sewage overflow. Pass authority loss sound sound Mr seven argue ok.,Drainage,Low,20,1,False,17.37848271,78.40475541,Assigned,2026-01-09 08:52:51
C02361,Power outage,Power outage. On front pretty win author do particularly act artist amount popular authority.,Electrical,Critical,84,0,False,17.29071112,78.56609736,Resolved,2026-04-13 08:52:51
C02362,Park maintenance issue,Park maintenance issue. Happy another else culture same site make industry happen century opportunity specific.,Parks,Low,5,81,False,17.49794993,78.51486282,Resolved,2026-04-08 08:52:51
C02363,Overflowing waste bins,Overflowing waste bins. Health age boy great person form management against minute.,Sanitation,High,75,5,True,17.31221293,78.49413396,Pending,2026-03-11 08:52:51
C02364,Loose electric wire,Loose electric wire. American environment city without customer tree trouble seven finish.,Electrical,High,55,55,True,17.45329168,78.55002962,Closed,2025-10-20 08:52:51
C02365,Park maintenance issue,Park maintenance issue. Trade enter big war direction event entire system fact sure inside.,Parks,High,64,58,False,17.35944791,78.38722588,Resolved,2026-03-01 08:52:51
C02366,Damaged playground,Damaged playground. Note let commercial situation father administration paper either tonight.,Parks,High,54,45,False,17.53158865,78.43500446,In Progress,2026-03-11 08:52:51
C02367,Pothole on road,Pothole on road. Process drug may firm degree development job current.,Roads,Medium,41,97,True,17.35122452,78.545677,Closed,2026-05-04 08:52:51
C02368,Road crack,Road crack. Item major commercial scientist close father language support enter now unit cut bring.,Roads,High,74,42,False,17.35560199,78.3689672,Assigned,2026-03-12 08:52:51
C02369,Park maintenance issue,Park maintenance issue. Experience too house current west federal on federal director certainly writer information do.,Parks,Medium,33,86,False,17.33193367,78.40782074,Resolved,2026-01-28 08:52:51
C02370,Unsafe area,Unsafe area. Notice adult or ever physical either firm affect successful down decide design.,Public Safety,Medium,45,34,False,17.46111676,78.36313051,Assigned,2026-03-19 08:52:51
C02371,Garbage not collected,Garbage not collected. Public cultural south current style simple similar push.,Sanitation,High,52,70,False,17.23986955,78.53426877,Resolved,2026-04-08 08:52:51
C02372,Street light not working,Street light not working. Theory system approach consider two Republican sea letter her.,Electrical,High,60,57,True,17.38848774,78.51077669,Pending,2025-07-24 08:52:51
C02373,Traffic congestion,Traffic congestion. Research give artist claim production firm open finally region eye live but most during.,Traffic,Medium,43,25,False,17.36197863,78.4203427,Resolved,2025-12-24 08:52:51
C02374,No water supply,No water supply. Ground eye explain weight dinner like or indeed.,Water Supply,Medium,48,16,False,17.39788129,78.61439454,Assigned,2026-05-15 08:52:51
C02375,Sewage overflow,Sewage overflow. Where majority you as cover left city whether card.,Drainage,Medium,33,22,False,17.35415844,78.36857492,In Progress,2026-04-15 08:52:51
C02376,Pothole on road,Pothole on road. Cell discuss go street bit movie organization exactly old little age personal left other almost.,Roads,Low,6,59,False,17.34241425,78.34575016,Pending,2025-12-14 08:52:51
C02377,Damaged pavement,Damaged pavement. Bank environment operation wear fear usually who music result present.,Roads,High,70,41,False,17.36406269,78.57603059,Pending,2026-04-01 08:52:51
C02378,Road crack,Road crack. Draw very tend air fast sense including want.,Roads,Medium,33,24,False,17.38346781,78.56146176,Assigned,2026-04-08 08:52:51
C02379,Overflowing waste bins,Overflowing waste bins. Establish up speech check politics impact remain yeah hour impact indicate instead serve dream factor.,Sanitation,Low,22,72,False,17.23704838,78.59174965,Resolved,2026-05-03 08:52:51
C02380,Unsafe area,Unsafe area. Line would officer administration big trial focus.,Public Safety,Critical,100,38,False,17.48330985,78.51412088,Closed,2026-01-03 08:52:51
C02381,Drain blockage,Drain blockage. Why idea pay message if agreement agree president consumer.,Drainage,Critical,98,16,False,17.53449833,78.56528421,In Progress,2025-11-19 08:52:51
C02382,Damaged pavement,Damaged pavement. Card sometimes decade sometimes year behavior world man people anything.,Roads,High,91,7,False,17.46152343,78.39280447,Assigned,2026-05-04 08:52:51
C02383,Unsafe area,Unsafe area. Determine book weight question site indicate society civil between compare growth.,Public Safety,High,70,28,False,17.29315321,78.52148595,Pending,2025-10-27 08:52:51
C02384,Unsafe area,Unsafe area. Development charge enough new in prove produce public many feel.,Public Safety,High,68,76,False,17.38370569,78.43213924,Resolved,2026-02-23 08:52:51
C02385,Abandoned vehicle,Abandoned vehicle. Them choose condition meet next figure rest class our purpose establish system professor ok main into.,Public Safety,Medium,34,3,False,17.38541777,78.62219014,Resolved,2026-02-01 08:52:51
C02386,Loose electric wire,Loose electric wire. Employee military seem protect responsibility available save market could for professional.,Electrical,High,51,34,False,17.38606936,78.48134132,Assigned,2025-09-06 08:52:51
C02387,Illegal parking,Illegal parking. Identify ever need human expect technology talk.,Traffic,High,63,21,False,17.37885526,78.42442262,In Progress,2025-08-28 08:52:51
C02388,Overflowing waste bins,Overflowing waste bins. Agency baby series reflect religious pick budget believe.,Sanitation,Medium,31,4,False,17.30892855,78.38917539,In Progress,2025-11-14 08:52:51
C02389,Broken bench,Broken bench. Assume also consumer if shoulder fact half issue specific firm six.,Parks,Medium,31,21,False,17.24249797,78.55861265,Resolved,2026-02-22 08:52:51
C02390,Drain blockage,Drain blockage. Season necessary around public street hair room another street.,Drainage,Low,25,69,False,17.39476865,78.58613273,In Progress,2026-02-23 08:52:51
C02391,Overflowing waste bins,Overflowing waste bins. Us finally start unit subject ahead fast blue painting positive.,Sanitation,Critical,97,35,False,17.40535484,78.34437325,In Progress,2026-02-04 08:52:51
C02392,Power outage,Power outage. Scene camera section keep arrive list industry enter support again girl exist information player nothing sing.,Electrical,Medium,32,99,False,17.32677378,78.53395095,Closed,2025-10-23 08:52:51
C02393,Broken bench,Broken bench. Research field modern campaign dark that race present.,Parks,Low,2,90,False,17.42699274,78.41194195,In Progress,2025-07-26 08:52:51
C02394,Damaged pavement,Damaged pavement. Great bed certainly season in everybody board modern floor discover.,Roads,Critical,100,60,False,17.27440665,78.53824705,Resolved,2026-01-21 08:52:51
C02395,Pipeline burst,Pipeline burst. Color direction maybe court water executive against heart common clearly whether want five war back know.,Water Supply,High,92,24,False,17.32198876,78.3765067,Assigned,2026-01-30 08:52:51
C02396,Pothole on road,Pothole on road. Beat party world his area table party yes need next simply.,Roads,Medium,41,57,False,17.39239485,78.50040739,Pending,2025-09-05 08:52:51
C02397,No water supply,No water supply. Become would watch bit improve and really name describe similar style leave sometimes job.,Water Supply,Medium,38,94,False,17.44202764,78.52620886,In Progress,2025-11-04 08:52:51
C02398,Drain blockage,Drain blockage. Mean health soldier also know must each threat save.,Drainage,High,55,63,False,17.28586193,78.48301497,Assigned,2025-12-09 08:52:51
C02399,Pothole on road,Pothole on road. Time small role near land information catch own factor suddenly family rest example lawyer race.,Roads,High,99,87,False,17.33798323,78.49891396,Pending,2025-10-25 08:52:51
C02400,Sewage overflow,Sewage overflow. War yourself notice performance hundred learn teach enjoy top investment.,Drainage,Low,4,67,False,17.26468493,78.56255695,In Progress,2025-06-08 08:52:51
C02401,Abandoned vehicle,Abandoned vehicle. Wish produce camera continue in tax power.,Public Safety,Critical,84,5,False,17.28684335,78.43879871,Resolved,2025-08-28 08:52:51
C02402,Overflowing waste bins,Overflowing waste bins. Evidence human candidate land someone anything agreement chair left trial high enough sister general decide.,Sanitation,High,77,76,True,17.29841506,78.46739412,Assigned,2025-09-02 08:52:51
C02403,Garbage not collected,Garbage not collected. Knowledge east suddenly arm huge present clear reduce door.,Sanitation,Low,8,4,True,17.27753922,78.59979308,Assigned,2026-03-16 08:52:51
C02404,Public nuisance,Public nuisance. Sit create camera area seek face any right.,Public Safety,Medium,28,80,False,17.27284063,78.49397165,Pending,2025-06-08 08:52:51
C02405,Abandoned vehicle,Abandoned vehicle. Sort green themselves paper alone stay song show man here physical car maybe begin purpose property.,Public Safety,Medium,38,96,False,17.47588692,78.34950862,In Progress,2026-05-22 08:52:51
C02406,Street light not working,Street light not working. Deep couple entire claim community him science important.,Electrical,Low,11,80,False,17.35048047,78.55014528,Assigned,2025-12-12 08:52:51
C02407,Loose electric wire,Loose electric wire. Station often whole cold plant some consider former team.,Electrical,High,61,86,False,17.31820993,78.55176952,Closed,2025-09-28 08:52:51
C02408,Power outage,Power outage. Issue research table spend upon college level.,Electrical,High,99,52,False,17.27263615,78.62072266,Closed,2025-08-03 08:52:51
C02409,Garbage not collected,Garbage not collected. Certain worry feeling night seem affect eye force increase.,Sanitation,High,69,68,False,17.33921945,78.4962137,Pending,2026-03-12 08:52:51
C02410,Unsafe area,Unsafe area. Time professor society painting international into maybe cause money require name nearly put among range financial.,Public Safety,High,66,97,False,17.24917053,78.45345234,Pending,2025-10-25 08:52:51
C02411,Traffic congestion,Traffic congestion. Window scene feel manage free participant your.,Traffic,High,78,48,False,17.50968192,78.60260064,Assigned,2025-08-20 08:52:51
C02412,Unsafe area,Unsafe area. After late name nothing stay rest not.,Public Safety,Low,14,14,False,17.50048207,78.54388448,Assigned,2025-10-08 08:52:51
C02413,Unsafe area,Unsafe area. Significant bring exactly ahead ago task local Republican get box close politics per office quickly.,Public Safety,High,53,87,False,17.24792039,78.62429236,In Progress,2025-09-28 08:52:51
C02414,Broken bench,Broken bench. Money something national ability voice magazine design product across none.,Parks,Medium,49,38,True,17.4955765,78.50202075,Pending,2025-11-18 08:52:51
C02415,Water leakage,Water leakage. Move company than look store including thing area apply animal security threat use relationship full.,Water Supply,Low,10,52,False,17.42290395,78.52996279,Closed,2025-10-26 08:52:51
C02416,No water supply,No water supply. Cup arrive carry one time ready others list.,Water Supply,High,63,18,True,17.43490776,78.54391316,In Progress,2025-09-18 08:52:51
C02417,Broken bench,Broken bench. So future six live moment become outside usually table military option choice nation your much.,Parks,Medium,41,33,False,17.42096753,78.56765802,Pending,2026-03-16 08:52:51
C02418,Park maintenance issue,Park maintenance issue. Hundred skin board our yet four activity born live left become lot.,Parks,Low,12,32,False,17.25645141,78.59565863,Resolved,2025-07-18 08:52:51
C02419,Public nuisance,Public nuisance. Detail of watch do across administration police buy need by myself.,Public Safety,Medium,28,81,True,17.34484568,78.5141447,Resolved,2025-08-22 08:52:51
C02420,Road crack,Road crack. Many arrive production area accept rich none.,Roads,High,79,30,False,17.43961791,78.34508584,Pending,2026-02-13 08:52:51
C02421,Broken bench,Broken bench. Theory data tough nothing let recognize laugh accept decide woman him leg order sea.,Parks,Medium,28,0,False,17.45951305,78.61986673,In Progress,2025-11-08 08:52:51
C02422,Damaged pavement,Damaged pavement. Congress final peace friend reflect design quite save indicate ground order little put.,Roads,Medium,28,79,False,17.4795622,78.45277145,In Progress,2025-06-21 08:52:51
C02423,Street light not working,Street light not working. Laugh sister allow article music doctor again whether.,Electrical,High,58,33,False,17.52150269,78.54591695,Assigned,2026-05-19 08:52:51
C02424,Pipeline burst,Pipeline burst. Expect ok green he friend expect management put up certain room when important.,Water Supply,Low,0,17,False,17.24528806,78.38685862,In Progress,2025-09-18 08:52:51
C02425,Unsafe area,Unsafe area. Thus possible second care appear place other.,Public Safety,High,64,24,False,17.50776309,78.60443038,Pending,2026-01-02 08:52:51
C02426,Waterlogging,Waterlogging. Effect represent city word age loss member successful pressure decision ok support site.,Drainage,High,85,57,False,17.51819078,78.44577583,Pending,2025-06-04 08:52:51
C02427,Illegal parking,Illegal parking. Church make some theory blood until get owner what miss thank they democratic budget.,Traffic,Low,13,30,False,17.51642216,78.3541392,Pending,2025-10-16 08:52:51
C02428,Waterlogging,Waterlogging. Full so stock he blood success past story design.,Drainage,High,64,78,False,17.49691704,78.56407355,Closed,2026-05-23 08:52:51
C02429,Garbage not collected,Garbage not collected. Pretty hour simple affect realize miss off always laugh box their relationship meeting its against.,Sanitation,Medium,35,94,False,17.24338386,78.45308857,Assigned,2026-04-12 08:52:51
C02430,Damaged pavement,Damaged pavement. Carry similar scene election war identify phone.,Roads,High,63,53,True,17.44075864,78.44202929,Closed,2025-09-08 08:52:51
C02431,Pothole on road,Pothole on road. Lay yard information choose send value language subject practice rest.,Roads,Low,24,99,False,17.5296928,78.53898264,Assigned,2025-08-03 08:52:51
C02432,Unsafe area,Unsafe area. You sit concern student kitchen heart occur result back TV about letter trip.,Public Safety,High,72,100,False,17.33646702,78.38782796,In Progress,2025-08-17 08:52:51
C02433,Pipeline burst,Pipeline burst. Would worry available under face sometimes choose information today various light share still.,Water Supply,Medium,31,68,False,17.31464592,78.53378026,Pending,2026-05-24 08:52:51
C02434,Park maintenance issue,Park maintenance issue. Threat him since father instead grow wonder friend off deep rate provide animal.,Parks,High,64,73,False,17.44649221,78.4253548,Resolved,2025-11-05 08:52:51
C02435,Sewage overflow,Sewage overflow. Heart training player benefit floor source other home success sister collection.,Drainage,High,79,24,False,17.33347616,78.34647794,Resolved,2026-04-24 08:52:51
C02436,No water supply,No water supply. Politics factor finally idea able century ability while heavy you ball win skin figure operation suddenly.,Water Supply,High,84,16,False,17.33847394,78.3640554,Closed,2026-04-16 08:52:51
C02437,Sewage overflow,Sewage overflow. Difference figure bank data itself talk modern look only.,Drainage,Medium,48,73,True,17.44879766,78.47664553,In Progress,2025-07-04 08:52:51
C02438,Garbage not collected,Garbage not collected. Bad floor like cost bad company type since night section arm speak hotel technology.,Sanitation,Critical,81,87,False,17.28458132,78.34866395,Pending,2026-03-07 08:52:51
C02439,Garbage not collected,Garbage not collected. Born box reveal other doctor all hand thousand nature.,Sanitation,Critical,87,35,False,17.42059984,78.57239179,Assigned,2026-04-12 08:52:51
C02440,Trash accumulation,Trash accumulation. Each turn game down president option right drive southern drop show explain.,Sanitation,High,57,36,False,17.37832954,78.41847394,Pending,2026-02-18 08:52:51
C02441,Abandoned vehicle,Abandoned vehicle. Charge particularly must beat claim other middle.,Public Safety,Low,20,98,False,17.39604271,78.36858406,Assigned,2025-09-08 08:52:51
C02442,Park maintenance issue,Park maintenance issue. Stuff risk all fact always study civil name true rather.,Parks,Critical,99,97,False,17.36998261,78.60678463,Pending,2025-06-25 08:52:51
C02443,Damaged playground,Damaged playground. Financial side order after the good they present manager weight think option hair free.,Parks,Low,5,37,False,17.52125993,78.38633532,In Progress,2025-11-16 08:52:51
C02444,Traffic signal failure,Traffic signal failure. Glass cut research agree imagine much hold treat each special standard own room wife million.,Traffic,High,81,1,True,17.39715204,78.45099464,Resolved,2026-04-11 08:52:51
C02445,Traffic signal failure,Traffic signal failure. Animal community employee special half everything individual property able risk article environment there cold glass bring.,Traffic,High,66,52,False,17.45455932,78.58182634,Assigned,2026-03-27 08:52:51
C02446,Abandoned vehicle,Abandoned vehicle. Morning source this through theory blood put.,Public Safety,Medium,37,39,True,17.31848313,78.48205406,Resolved,2025-12-27 08:52:51
C02447,Traffic signal failure,Traffic signal failure. Happy particular cold could so discover baby foreign.,Traffic,High,71,76,False,17.47945577,78.60401066,Closed,2026-02-02 08:52:51
C02448,Abandoned vehicle,Abandoned vehicle. At sound rise dark happy avoid watch issue such wish my project candidate enjoy item.,Public Safety,Medium,34,99,False,17.36101257,78.41384978,Assigned,2025-12-31 08:52:51
C02449,Traffic signal failure,Traffic signal failure. Front similar teacher start affect shake result.,Traffic,High,74,66,False,17.35039288,78.44934498,Assigned,2025-12-30 08:52:51
C02450,Drain blockage,Drain blockage. Street interest sell member fast color you growth big.,Drainage,High,95,63,False,17.33012621,78.62467365,Assigned,2025-12-07 08:52:51
C02451,Sewage overflow,Sewage overflow. Right model record wait western mouth run door sing what.,Drainage,High,54,96,False,17.36431203,78.55919939,Resolved,2025-11-16 08:52:51
C02452,Overflowing waste bins,Overflowing waste bins. Night piece room family available different unit value cup ball although simply sport.,Sanitation,Low,4,52,False,17.26570286,78.51339793,Resolved,2025-08-23 08:52:51
C02453,Garbage not collected,Garbage not collected. Agree anything or time exactly how marriage benefit lead leg may serve price.,Sanitation,Medium,39,59,False,17.30826944,78.42388706,Assigned,2026-04-27 08:52:51
C02454,Overflowing waste bins,Overflowing waste bins. Talk relate collection sense song board style performance trade help and machine each.,Sanitation,Low,9,90,False,17.43359903,78.49226439,Closed,2026-06-01 08:52:51
C02455,Park maintenance issue,Park maintenance issue. Box itself organization many beautiful poor cut investment lot.,Parks,High,69,7,False,17.41559272,78.42503442,Assigned,2025-06-30 08:52:51
C02456,Traffic signal failure,Traffic signal failure. Check big month piece factor discussion attorney charge.,Traffic,Medium,35,82,False,17.38334946,78.57650308,Closed,2025-08-11 08:52:51
C02457,Traffic congestion,Traffic congestion. Light best now significant nothing million stage east place yeah.,Traffic,Medium,39,61,False,17.26665849,78.58441709,Pending,2025-08-05 08:52:51
C02458,Damaged playground,Damaged playground. Cultural ever whose director because wind including crime five authority even surface.,Parks,High,70,81,False,17.34007228,78.62731219,Pending,2025-09-17 08:52:51
C02459,Drain blockage,Drain blockage. Cup movement take similar kid out as away test nice.,Drainage,Low,14,80,False,17.46860372,78.37467777,In Progress,2025-06-21 08:52:51
C02460,Garbage not collected,Garbage not collected. Almost support level board local true value during.,Sanitation,High,78,28,False,17.39162694,78.62798197,Pending,2025-10-13 08:52:51
C02461,Power outage,Power outage. Throw heavy level hour author whatever argue point should herself stuff.,Electrical,High,74,82,False,17.41979092,78.4595121,Closed,2026-01-04 08:52:51
C02462,Traffic congestion,Traffic congestion. Very test consumer large chance stay agreement during season safe agreement necessary.,Traffic,High,57,90,False,17.30558162,78.43392165,In Progress,2026-02-20 08:52:51
C02463,Damaged pavement,Damaged pavement. Member team six cultural dream nothing since ball kind even learn above detail response few note.,Roads,High,58,26,False,17.47542399,78.54170963,Pending,2025-12-19 08:52:51
C02464,Illegal parking,Illegal parking. Two nearly foreign lawyer learn scene another sport plant require several card management sense.,Traffic,Low,7,75,False,17.40762397,78.61643745,Pending,2025-06-16 08:52:51
C02465,Damaged pavement,Damaged pavement. Perform whether in concern sea there simple down number.,Roads,Medium,38,19,False,17.41741228,78.59223835,Assigned,2025-09-23 08:52:51
C02466,Damaged pavement,Damaged pavement. Daughter staff game half under minute sense rather fund movie still mention.,Roads,Medium,48,54,False,17.36125067,78.43804368,Assigned,2025-12-30 08:52:51
C02467,Traffic congestion,Traffic congestion. Score generation assume attorney necessary very catch past mission culture local standard exist language year quality.,Traffic,High,52,77,False,17.3108933,78.57433616,Closed,2025-10-01 08:52:51
C02468,Abandoned vehicle,Abandoned vehicle. Hand they forward notice them increase research wide enjoy particularly officer.,Public Safety,High,56,23,False,17.32962298,78.49064722,In Progress,2025-06-06 08:52:51
C02469,Public nuisance,Public nuisance. Role beat many head although total education message which ball charge.,Public Safety,Medium,37,75,False,17.43154957,78.57922201,Closed,2026-01-29 08:52:51
C02470,Trash accumulation,Trash accumulation. Exactly property mission piece try reveal college instead eye in speak involve it us page.,Sanitation,High,71,35,False,17.39317178,78.47711433,Assigned,2025-06-12 08:52:51
C02471,Water leakage,Water leakage. Media alone just tell TV indeed plan generation training vote radio provide animal.,Water Supply,High,52,35,True,17.27665497,78.59705573,Assigned,2025-06-21 08:52:51
C02472,Traffic signal failure,Traffic signal failure. Market go memory style hold year large.,Traffic,Critical,98,39,False,17.34773602,78.39231245,Closed,2026-04-08 08:52:51
C02473,Loose electric wire,Loose electric wire. Song particular just fact girl water seat into news necessary father smile later.,Electrical,Medium,30,17,False,17.43357141,78.52572292,In Progress,2025-06-09 08:52:51
C02474,Unsafe area,Unsafe area. Actually business camera best no information parent tree culture edge.,Public Safety,Critical,93,29,False,17.39160305,78.36449232,Closed,2026-04-25 08:52:51
C02475,Overflowing waste bins,Overflowing waste bins. That choice pattern upon eat ten physical item exist ball arrive.,Sanitation,High,75,77,False,17.44989226,78.50946857,In Progress,2026-03-26 08:52:51
C02476,Damaged pavement,Damaged pavement. Begin personal suffer article most happy them.,Roads,Medium,48,24,False,17.25032992,78.49908411,Closed,2025-07-16 08:52:51
C02477,Traffic signal failure,Traffic signal failure. Performance much resource whole game still understand computer place wrong huge power former.,Traffic,High,65,77,False,17.31019269,78.54073938,In Progress,2026-03-26 08:52:51
C02478,No water supply,No water supply. Begin quality prepare rest before determine others enter two.,Water Supply,Low,20,39,False,17.26091794,78.55991317,In Progress,2025-08-22 08:52:51
C02479,Illegal parking,Illegal parking. One offer save lead you decide word late.,Traffic,Low,13,42,False,17.40580374,78.41579875,Pending,2025-07-01 08:52:51
C02480,Waterlogging,Waterlogging. Per add summer sister it consumer evening newspaper.,Drainage,High,73,64,False,17.48698476,78.48213978,Resolved,2026-02-03 08:52:51
C02481,Waterlogging,Waterlogging. West common member last century mission less produce street.,Drainage,Critical,84,98,False,17.38310682,78.43676593,Pending,2026-01-02 08:52:51
C02482,Broken bench,Broken bench. Senior exist start kind themselves both almost reason step tend brother day sport accept social.,Parks,High,66,84,False,17.34111513,78.36054763,Closed,2025-07-23 08:52:51
C02483,Broken bench,Broken bench. Manage answer must free strong probably wrong.,Parks,Medium,33,61,False,17.28197849,78.48836873,Closed,2026-01-27 08:52:51
C02484,Trash accumulation,Trash accumulation. Full once room strong director firm fill science up hear experience bar.,Sanitation,High,58,31,False,17.44866024,78.62313987,Assigned,2025-07-12 08:52:51
C02485,Pipeline burst,Pipeline burst. Provide together family water sister feeling green bar born put.,Water Supply,Low,19,67,False,17.5129573,78.54034243,Pending,2025-07-15 08:52:51
C02486,Damaged playground,Damaged playground. Pattern structure research want put such sit until professional style lay direction avoid despite.,Parks,Low,1,97,False,17.35291223,78.40470343,Pending,2026-05-14 08:52:51
C02487,Abandoned vehicle,Abandoned vehicle. Science throw election forget media off health subject information admit college then too hit history close.,Public Safety,Medium,43,97,False,17.33405248,78.49874318,In Progress,2025-11-10 08:52:51
C02488,Pothole on road,Pothole on road. Almost nearly different hand money six author four person activity possible air whatever buy drug their.,Roads,Low,24,0,False,17.37666379,78.57021299,In Progress,2026-05-13 08:52:51
C02489,Unsafe area,Unsafe area. Go free who fly worry sense bill old couple tough role dark various citizen.,Public Safety,High,73,53,False,17.3088956,78.5242624,Closed,2025-07-15 08:52:51
C02490,Road crack,Road crack. Full public important street name line dinner discover foreign protect most author.,Roads,High,72,99,False,17.40159534,78.34371304,Assigned,2026-05-10 08:52:51
C02491,Overflowing waste bins,Overflowing waste bins. Land out democratic tonight break house ready its audience.,Sanitation,Medium,30,100,False,17.37736624,78.56241449,Assigned,2025-08-07 08:52:51
C02492,Unsafe area,Unsafe area. Many enjoy number section share though nearly way.,Public Safety,Low,13,20,False,17.5099006,78.55376093,Resolved,2025-07-26 08:52:51
C02493,Damaged playground,Damaged playground. Stuff show as investment style approach debate hold current.,Parks,Medium,47,33,False,17.29943004,78.40019249,In Progress,2026-06-02 08:52:51
C02494,Traffic signal failure,Traffic signal failure. Lead early skill next determine base strategy worker piece these sort research see list.,Traffic,High,90,63,False,17.26890329,78.44445213,Resolved,2025-08-08 08:52:51
C02495,Traffic signal failure,Traffic signal failure. Star do might cultural theory cut order risk reduce.,Traffic,High,58,69,False,17.34555509,78.51788371,Pending,2025-07-06 08:52:51
C02496,Street light not working,Street light not working. Appear conference simple stuff wife occur leave people yourself room half one decide instead.,Electrical,High,55,54,False,17.45638829,78.6283636,Closed,2025-10-17 08:52:51
C02497,Trash accumulation,Trash accumulation. Degree increase about their personal scene service direction nothing computer.,Sanitation,High,64,10,False,17.26369362,78.56602815,Pending,2026-04-02 08:52:51
C02498,Abandoned vehicle,Abandoned vehicle. Upon attack after sit reduce support open color apply boy ground nature cultural open responsibility.,Public Safety,Critical,89,84,False,17.25387021,78.54276816,Assigned,2025-06-07 08:52:51
C02499,Loose electric wire,Loose electric wire. Specific participant either energy respond continue check half oil sit future owner fish line.,Electrical,High,76,13,False,17.4136659,78.52826448,Resolved,2026-02-12 08:52:51
C02500,Damaged pavement,Damaged pavement. Involve bit bad court suffer treat view bar without ball scientist people arm middle assume.,Roads,Low,24,15,False,17.27908239,78.52980235,Closed,2026-02-25 08:52:51
C02501,Power outage,Power outage. Fine include person recent human test only.,Electrical,Low,8,29,False,17.37927102,78.60002528,Assigned,2025-07-24 08:52:51
C02502,Damaged pavement,Damaged pavement. Water career establish strong old book only contain pull.,Roads,Medium,29,76,False,17.33199444,78.5537729,Assigned,2025-08-08 08:52:51
C02503,Water leakage,Water leakage. Smile born notice condition try leg right model very.,Water Supply,Low,16,83,True,17.30214416,78.52174487,Closed,2025-08-09 08:52:51
C02504,Illegal parking,Illegal parking. Stand resource trouble among quickly example use final.,Traffic,High,79,50,True,17.52261679,78.63502365,Pending,2025-12-25 08:52:51
C02505,Drain blockage,Drain blockage. Attention financial protect tax mission he stuff really central practice.,Drainage,Low,22,32,False,17.37044693,78.48432096,Closed,2025-12-14 08:52:51
C02506,Damaged pavement,Damaged pavement. Interview soldier cup condition start appear I political simple to.,Roads,Medium,39,16,False,17.31871591,78.47637016,Resolved,2025-09-26 08:52:51
C02507,Traffic congestion,Traffic congestion. Give history what something focus bar ready record court you decade top low interesting former.,Traffic,Medium,37,99,False,17.43345464,78.54568526,Pending,2026-01-19 08:52:51
C02508,Loose electric wire,Loose electric wire. Industry Mr smile student art ago officer.,Electrical,Medium,42,92,False,17.25089971,78.4326274,In Progress,2026-01-07 08:52:51
C02509,Waterlogging,Waterlogging. Consumer democratic in power third always boy live color side.,Drainage,High,95,47,False,17.27885377,78.50331939,Assigned,2026-04-13 08:52:51
C02510,Unsafe area,Unsafe area. Research available pay member significant brother soldier stop speak avoid house attention.,Public Safety,Low,7,60,False,17.42918162,78.42866358,Closed,2025-07-17 08:52:51
C02511,Trash accumulation,Trash accumulation. Require interview bar economy rise someone player lead main stop information outside past top.,Sanitation,Low,23,7,False,17.28709778,78.55678836,In Progress,2026-01-19 08:52:51
C02512,Pothole on road,Pothole on road. Him cover third police tell personal them.,Roads,Critical,86,92,False,17.3750949,78.36338509,Resolved,2025-06-14 08:52:51
C02513,Pothole on road,Pothole on road. Professor voice guy about affect study seven each rather plant ground.,Roads,Low,2,93,False,17.36065423,78.55067383,Assigned,2025-07-15 08:52:51
C02514,Water leakage,Water leakage. Some court yourself parent democratic pretty throw push treat talk play.,Water Supply,Medium,28,17,False,17.24085241,78.418609,In Progress,2025-08-06 08:52:51
C02515,Pipeline burst,Pipeline burst. President operation prevent class the president say trouble exist good soldier former.,Water Supply,Medium,33,32,False,17.26432266,78.4314142,Resolved,2026-04-05 08:52:51
C02516,Drain blockage,Drain blockage. Lawyer sea several product respond allow much business easy ahead fall.,Drainage,Low,10,49,False,17.4632537,78.61166259,In Progress,2025-08-15 08:52:51
C02517,Road crack,Road crack. Collection speech sound whole close capital method.,Roads,Low,8,2,False,17.4518431,78.5977682,Closed,2025-11-17 08:52:51
C02518,Street light not working,Street light not working. Medical feeling paper education only career study own before change investment allow particularly safe happen program.,Electrical,High,54,9,False,17.41049825,78.33991125,In Progress,2025-07-27 08:52:51
C02519,Park maintenance issue,Park maintenance issue. Actually remember dinner my Republican offer effort management perform Republican.,Parks,Medium,35,30,False,17.2487307,78.50381124,Pending,2026-04-11 08:52:51
C02520,Illegal parking,Illegal parking. Information a material tend yes present senior subject partner local when back knowledge whose give face.,Traffic,Low,13,16,False,17.30168633,78.53907523,In Progress,2025-09-30 08:52:51
C02521,Trash accumulation,Trash accumulation. Fact interview kitchen yeah friend forward town north.,Sanitation,Medium,36,99,False,17.41030122,78.45249908,Closed,2025-11-04 08:52:51
C02522,Pothole on road,Pothole on road. Step certain total better capital news perform anyone store down tax source he six among.,Roads,High,73,97,False,17.34798402,78.47577004,Pending,2026-05-06 08:52:51
C02523,Loose electric wire,Loose electric wire. Behavior throughout make Mr apply of sing chair tough entire.,Electrical,Medium,36,93,True,17.2732625,78.59910905,Pending,2025-09-15 08:52:51
C02524,Unsafe area,Unsafe area. Far leader interest none commercial note military.,Public Safety,High,68,50,False,17.45109148,78.49309104,Resolved,2026-03-05 08:52:51
C02525,Garbage not collected,Garbage not collected. Choose forget force boy open area understand set upon artist eat quality if vote.,Sanitation,Medium,32,23,False,17.50367278,78.60887942,Resolved,2025-10-12 08:52:51
C02526,Traffic congestion,Traffic congestion. Brother benefit billion role campaign both site someone picture yes key never ask act color.,Traffic,Medium,40,58,False,17.48109853,78.50716965,Pending,2025-12-06 08:52:51
C02527,Pothole on road,Pothole on road. Decide half individual writer take suffer return.,Roads,Low,9,60,False,17.49827345,78.47056883,In Progress,2026-04-22 08:52:51
C02528,Park maintenance issue,Park maintenance issue. Show member smile thus throw live population no.,Parks,Low,12,18,False,17.39364735,78.43835653,Resolved,2026-01-02 08:52:51
C02529,Overflowing waste bins,Overflowing waste bins. Spend Republican rock past several record last so eat.,Sanitation,Low,23,27,False,17.37366847,78.5571172,Assigned,2026-02-19 08:52:51
C02530,Abandoned vehicle,Abandoned vehicle. Film imagine program traditional participant pass someone you environment size effect security star may live.,Public Safety,Critical,98,43,False,17.25604789,78.47185029,In Progress,2025-07-12 08:52:51
C02531,No water supply,No water supply. Reflect final professor I moment also size increase home student often white special eye.,Water Supply,High,81,5,False,17.32366107,78.49546761,Pending,2026-04-18 08:52:51
C02532,Damaged pavement,Damaged pavement. Maintain close avoid able radio future certain board article different nothing enter teach.,Roads,Low,5,99,False,17.36191557,78.50236639,Pending,2025-11-16 08:52:51
C02533,Garbage not collected,Garbage not collected. Very song prove each watch interest structure open responsibility true budget low.,Sanitation,High,54,47,False,17.3878623,78.34406461,Pending,2025-12-14 08:52:51
C02534,Illegal parking,Illegal parking. Beyond again have trade executive challenge at according operation.,Traffic,Medium,43,72,False,17.39602883,78.40139923,Closed,2026-05-08 08:52:51
C02535,Public nuisance,Public nuisance. What consider yet left total quite across receive join.,Public Safety,Low,13,56,False,17.46739624,78.40074923,Closed,2026-04-17 08:52:51
C02536,Park maintenance issue,Park maintenance issue. Key including range effort attack draw thus level let night.,Parks,Medium,42,47,False,17.48619292,78.50248181,Resolved,2025-10-18 08:52:51
C02537,Trash accumulation,Trash accumulation. Fear entire check training forget bad organization Mr eight sure leave degree might continue.,Sanitation,High,65,0,False,17.23878025,78.40591277,Closed,2026-02-09 08:52:51
C02538,Loose electric wire,Loose electric wire. Maybe bring never but degree billion parent.,Electrical,Medium,36,21,False,17.48306122,78.60647565,In Progress,2026-04-22 08:52:51
C02539,Unsafe area,Unsafe area. Me buy bill PM bar man sign.,Public Safety,High,66,43,False,17.43015571,78.59996943,Pending,2026-01-14 08:52:51
C02540,Damaged playground,Damaged playground. Back issue full do happy go American someone from country capital part poor thing.,Parks,High,51,43,False,17.32836409,78.5313434,Pending,2025-06-27 08:52:51
C02541,Sewage overflow,Sewage overflow. Down decision themselves speech both once partner.,Drainage,High,60,65,False,17.4899627,78.61730069,Closed,2026-05-04 08:52:51
C02542,Traffic congestion,Traffic congestion. Bill cut determine southern size else skill least half knowledge smile state short.,Traffic,High,58,13,False,17.29593851,78.5468607,Closed,2025-08-28 08:52:51
C02543,Water leakage,Water leakage. Drug hand good face perhaps good involve direction read cup cell fine participant get note.,Water Supply,High,79,98,False,17.48523333,78.40371056,Closed,2025-07-16 08:52:51
C02544,Waterlogging,Waterlogging. Stage despite little heart claim fish ago agree visit.,Drainage,Low,22,34,False,17.40175345,78.45982167,In Progress,2026-01-14 08:52:51
C02545,Public nuisance,Public nuisance. Center image second discuss fall try game whose message analysis be produce evening even in trip.,Public Safety,High,56,65,False,17.32629485,78.57676492,Resolved,2025-09-10 08:52:51
C02546,Trash accumulation,Trash accumulation. Especially tough charge however may suddenly son smile identify sell table someone.,Sanitation,Low,20,97,False,17.5035536,78.3707487,Assigned,2025-06-03 08:52:51
C02547,Broken bench,Broken bench. Each baby like experience doctor step media last state model water green light.,Parks,Low,1,7,False,17.28979074,78.37322301,Pending,2025-07-13 08:52:51
C02548,Broken bench,Broken bench. Foreign special evening policy near region image.,Parks,Low,18,3,False,17.23891391,78.5394874,Closed,2025-11-23 08:52:51
C02549,Sewage overflow,Sewage overflow. Available key pull campaign medical admit bar news day red instead give realize source concern.,Drainage,High,77,72,False,17.35577209,78.60278766,Assigned,2026-04-28 08:52:51
C02550,Trash accumulation,Trash accumulation. Minute write bill training anyone these certain.,Sanitation,High,64,76,False,17.50632124,78.4333118,Assigned,2025-06-05 08:52:51
C02551,Road crack,Road crack. Paper loss back beyond level tree pull machine somebody bill class.,Roads,High,79,42,False,17.42697881,78.6134682,In Progress,2025-11-08 08:52:51
C02552,Sewage overflow,Sewage overflow. Already decade this health everybody leg ago board no put form require.,Drainage,Medium,35,9,False,17.30810734,78.54336172,In Progress,2026-05-19 08:52:51
C02553,Pipeline burst,Pipeline burst. Involve without result dark hold television perhaps pressure at thus for nature relate explain.,Water Supply,High,76,2,False,17.29387127,78.42105586,Pending,2025-10-23 08:52:51
C02554,Damaged playground,Damaged playground. Strategy answer next tend huge pretty tend class style.,Parks,Medium,46,64,False,17.52469315,78.41829745,In Progress,2026-02-27 08:52:51
C02555,Overflowing waste bins,Overflowing waste bins. Keep nation say entire perform camera sister family tough down consider movement thought moment benefit.,Sanitation,High,54,31,False,17.40080122,78.37236188,Resolved,2026-05-06 08:52:51
C02556,Damaged pavement,Damaged pavement. Still they a with north you thought modern choice call expect.,Roads,High,71,41,False,17.51178771,78.45666289,In Progress,2026-04-10 08:52:51
C02557,Public nuisance,Public nuisance. Kind reflect democratic woman vote indeed father organization term.,Public Safety,High,52,87,False,17.3425102,78.61645921,In Progress,2025-12-19 08:52:51
C02558,Trash accumulation,Trash accumulation. Country even respond interview parent member debate nor kitchen event risk air by.,Sanitation,High,59,4,False,17.40029296,78.51398689,In Progress,2025-09-03 08:52:51
C02559,Broken bench,Broken bench. And clearly learn reflect marriage produce degree word knowledge recent population prove.,Parks,Medium,29,46,False,17.27435621,78.63589772,In Progress,2026-03-19 08:52:51
C02560,Traffic signal failure,Traffic signal failure. Opportunity consumer where pass sing somebody thus table degree help again live space weight.,Traffic,Medium,28,35,True,17.33953555,78.60573083,Closed,2026-05-14 08:52:51
C02561,Sewage overflow,Sewage overflow. Personal leg building plan movement break behavior adult explain manager everyone.,Drainage,High,89,79,False,17.30459796,78.4007053,Closed,2026-01-01 08:52:51
C02562,Broken bench,Broken bench. Few beat culture computer rather prevent name audience minute top PM book next under.,Parks,Low,14,18,False,17.29841493,78.36048632,Assigned,2026-02-19 08:52:51
C02563,Traffic congestion,Traffic congestion. Listen treat another follow important company at out cell.,Traffic,High,74,79,False,17.24573012,78.44261605,Assigned,2026-01-27 08:52:51
C02564,Garbage not collected,Garbage not collected. Feeling design store season onto eat if today summer believe area product if now because protect.,Sanitation,High,70,58,False,17.35231946,78.53914057,Pending,2025-11-03 08:52:51
C02565,Overflowing waste bins,Overflowing waste bins. Move step green always generation onto American yet.,Sanitation,High,79,3,False,17.51457526,78.58826176,Pending,2026-05-29 08:52:51
C02566,Sewage overflow,Sewage overflow. Just know event final performance plant cut woman friend.,Drainage,Medium,41,34,False,17.27114565,78.46765965,Closed,2026-03-21 08:52:51
C02567,Pothole on road,Pothole on road. Nor these keep face wait point clear by hotel strategy Republican shake thousand.,Roads,Critical,95,83,False,17.36592601,78.37930619,In Progress,2026-04-17 08:52:51
C02568,Waterlogging,Waterlogging. Budget various a type industry staff stop realize know large site event country.,Drainage,Low,14,30,False,17.4605071,78.60815238,Closed,2025-07-11 08:52:51
C02569,Sewage overflow,Sewage overflow. Guy behind road news identify answer live.,Drainage,High,70,73,False,17.36045996,78.56292672,In Progress,2025-09-11 08:52:51
C02570,Overflowing waste bins,Overflowing waste bins. Politics so foreign lot see somebody news much raise give else.,Sanitation,High,76,74,False,17.24603821,78.40147179,Closed,2025-07-18 08:52:51
C02571,Park maintenance issue,Park maintenance issue. Son behavior hear whatever site according painting.,Parks,Low,23,83,False,17.44106177,78.43697183,In Progress,2026-05-08 08:52:51
C02572,Park maintenance issue,Park maintenance issue. Then degree cold your believe hard brother because wife recently commercial hair nation air.,Parks,Critical,86,80,True,17.25634552,78.63391993,Pending,2025-09-05 08:52:51
C02573,Water leakage,Water leakage. Leave season either care side section may defense ability happen.,Water Supply,Low,20,29,False,17.36163606,78.5881413,Assigned,2026-02-22 08:52:51
C02574,Broken bench,Broken bench. Forget site write skill employee little will beat nation behavior huge personal military.,Parks,Low,24,16,False,17.25158296,78.37198484,In Progress,2026-02-27 08:52:51
C02575,Damaged pavement,Damaged pavement. Bank radio finish where story out miss.,Roads,Low,10,40,False,17.50561064,78.53282798,Pending,2026-04-01 08:52:51
C02576,Waterlogging,Waterlogging. Investment activity year claim pass return sea up during board yard child partner black.,Drainage,High,53,52,False,17.31602561,78.48871254,Assigned,2025-08-19 08:52:51
C02577,Road crack,Road crack. Same level quality pretty environment marriage consumer actually agency character well population American third north.,Roads,Critical,100,91,False,17.34224806,78.4247126,Resolved,2026-01-23 08:52:51
C02578,Street light not working,Street light not working. Site forward call themselves center community church ok event here arrive.,Electrical,High,92,34,False,17.41613024,78.63108029,Pending,2025-08-29 08:52:51
C02579,Public nuisance,Public nuisance. Participant guy sense always or nature night truth during bank answer culture article those.,Public Safety,Low,5,75,False,17.35217425,78.4429287,Resolved,2025-12-07 08:52:51
C02580,Sewage overflow,Sewage overflow. Fact officer job fall wind she day fund rock.,Drainage,High,71,59,False,17.28321134,78.42187789,Closed,2025-07-23 08:52:51
C02581,Illegal parking,Illegal parking. Everything answer adult defense debate than oil.,Traffic,High,77,99,False,17.25613226,78.39174577,Resolved,2025-11-19 08:52:51
C02582,Road crack,Road crack. Medical but we possible not positive artist let stuff make shake.,Roads,High,51,4,True,17.53449989,78.56787008,Resolved,2026-04-03 08:52:51
C02583,Sewage overflow,Sewage overflow. Area approach friend skill set early hold but two knowledge own make.,Drainage,Medium,38,15,True,17.49079041,78.61202594,Pending,2025-10-12 08:52:51
C02584,Traffic congestion,Traffic congestion. Attention and fund phone me mission air think nor season those other.,Traffic,High,54,49,False,17.41272329,78.51299471,Closed,2025-11-17 08:52:51
C02585,Damaged playground,Damaged playground. According cover yes course first sing laugh white although.,Parks,Low,2,0,False,17.30964759,78.49943053,Assigned,2026-03-07 08:52:51
C02586,Street light not working,Street light not working. Reason stand prove report kitchen soon right many girl spring main amount.,Electrical,High,79,28,False,17.49069637,78.40956234,Resolved,2025-08-22 08:52:51
C02587,Sewage overflow,Sewage overflow. Property even mention why skin decade seven yes scientist answer name.,Drainage,High,89,83,False,17.39388725,78.42802537,Pending,2025-11-13 08:52:51
C02588,Traffic signal failure,Traffic signal failure. Week can main raise support since a.,Traffic,Low,7,49,False,17.3844436,78.39054356,Pending,2026-01-13 08:52:51
C02589,Water leakage,Water leakage. Yourself address adult stage provide gun arm executive him board scientist above risk performance.,Water Supply,High,67,21,False,17.39918761,78.5865057,Resolved,2025-06-03 08:52:51
C02590,Power outage,Power outage. Down perhaps professional idea clear entire reveal let task American test imagine cultural.,Electrical,Low,19,22,False,17.50723713,78.5217592,In Progress,2026-02-04 08:52:51
C02591,Road crack,Road crack. Avoid official much floor central affect short.,Roads,High,98,70,False,17.35362152,78.62904384,Closed,2025-09-19 08:52:51
C02592,Unsafe area,Unsafe area. Movie leader yet about night town let father especially be travel report nothing.,Public Safety,High,52,90,False,17.32417447,78.56644885,In Progress,2025-08-25 08:52:51
C02593,Public nuisance,Public nuisance. Accept sound near soldier impact course black citizen do picture marriage.,Public Safety,Low,17,35,False,17.38499378,78.63248477,Resolved,2026-04-19 08:52:51
C02594,Damaged playground,Damaged playground. Scientist degree order program board would current cold spend economic hotel read before eye early.,Parks,Critical,98,99,True,17.37556953,78.43939858,Closed,2025-10-15 08:52:51
C02595,Garbage not collected,Garbage not collected. Contain rise his simply between certainly each democratic point carry particularly interview adult positive stock.,Sanitation,Low,25,50,True,17.45790778,78.37470079,Pending,2026-05-24 08:52:51
C02596,Broken bench,Broken bench. Lawyer research kitchen wonder arrive window wife available east.,Parks,Medium,50,65,True,17.23681176,78.49888931,In Progress,2025-08-24 08:52:51
C02597,Public nuisance,Public nuisance. Order during enjoy just training former attorney statement Congress me serious travel power effect soon exist.,Public Safety,High,75,5,False,17.44046768,78.46479181,Closed,2025-06-28 08:52:51
C02598,Waterlogging,Waterlogging. Brother our particularly note close cup better tax born plan.,Drainage,Critical,81,82,False,17.42422267,78.37508559,Closed,2026-05-26 08:52:51
C02599,Waterlogging,Waterlogging. Allow suddenly according expert wide statement service hot view low.,Drainage,Medium,33,62,False,17.42187403,78.3989833,Resolved,2025-09-23 08:52:51
C02600,Illegal parking,Illegal parking. Especially thus energy short question left market charge say this hot north food well.,Traffic,Low,22,15,False,17.49204292,78.3778932,Resolved,2025-06-15 08:52:51
C02601,Illegal parking,Illegal parking. A glass watch will several picture station rich you never choice message fact involve investment cover.,Traffic,Medium,28,17,False,17.24463908,78.56357228,Pending,2026-02-13 08:52:51
C02602,Street light not working,Street light not working. Foot fire father see hot stop activity.,Electrical,High,73,43,False,17.38013219,78.56649192,Resolved,2026-01-30 08:52:51
C02603,Garbage not collected,Garbage not collected. Sea experience forget inside check decide quickly between tell return how laugh hot.,Sanitation,Low,13,46,False,17.3272531,78.56116961,Resolved,2025-07-19 08:52:51
C02604,Garbage not collected,Garbage not collected. Race there fire support beat agent person catch book reach investment high behind produce.,Sanitation,Medium,40,51,False,17.3515322,78.41686086,Resolved,2026-01-24 08:52:51
C02605,No water supply,No water supply. Cell rich drive capital none both pressure all ground drug miss father.,Water Supply,High,52,24,False,17.45827836,78.42457789,Pending,2025-09-23 08:52:51
C02606,Pipeline burst,Pipeline burst. Kitchen such cup news movie take market chair will town little fire.,Water Supply,Medium,42,42,False,17.36745529,78.35357687,Assigned,2025-10-27 08:52:51
C02607,Street light not working,Street light not working. I when concern soldier degree success law project dog face describe seat away.,Electrical,Medium,29,76,False,17.46388817,78.55589721,In Progress,2026-01-26 08:52:51
C02608,Broken bench,Broken bench. Truth food lead president prepare claim mother.,Parks,Medium,39,38,False,17.39128215,78.45376754,Closed,2025-11-03 08:52:51
C02609,Traffic congestion,Traffic congestion. Career television commercial will may get green without hour ok.,Traffic,Medium,41,19,False,17.34212824,78.42213642,Pending,2025-08-02 08:52:51
C02610,Road crack,Road crack. Week reveal value people teacher so experience first step world crime into note food prepare hundred.,Roads,Medium,35,30,False,17.4805338,78.60052213,In Progress,2025-06-23 08:52:51
C02611,Power outage,Power outage. Include see fear onto left forward rock four contain treat herself them early left gas.,Electrical,Medium,35,47,False,17.43271596,78.43858851,Resolved,2025-06-05 08:52:51
C02612,Drain blockage,Drain blockage. Subject box response they their tend easy where item bad mission chance anything population see.,Drainage,Medium,32,72,False,17.32110913,78.38020083,Closed,2025-12-24 08:52:51
C02613,Unsafe area,Unsafe area. Local turn which serious traditional end evidence full official another major best.,Public Safety,Critical,81,69,False,17.26461367,78.60510379,Pending,2026-04-14 08:52:51
C02614,Garbage not collected,Garbage not collected. Door your throw form recent meeting just both land bring decide.,Sanitation,Medium,31,15,False,17.23622915,78.4523682,Assigned,2025-09-22 08:52:51
C02615,Power outage,Power outage. Loss own at bed attorney want nor.,Electrical,High,65,18,False,17.46230163,78.34564849,Resolved,2025-10-15 08:52:51
C02616,Damaged playground,Damaged playground. Away suffer answer economy if discuss beyond owner several company.,Parks,High,70,78,False,17.31541338,78.39969421,Assigned,2026-03-13 08:52:51
C02617,Park maintenance issue,Park maintenance issue. Run behind director result poor former according each this news.,Parks,Critical,100,18,False,17.38022556,78.59018425,Pending,2025-11-09 08:52:51
C02618,Waterlogging,Waterlogging. Popular because boy stop eye later approach.,Drainage,Critical,90,79,False,17.42897902,78.49779985,Closed,2025-06-13 08:52:51
C02619,Public nuisance,Public nuisance. Answer behind music shoulder me able offer everyone thing.,Public Safety,High,69,97,False,17.42878416,78.50129523,Pending,2026-04-23 08:52:51
C02620,Damaged playground,Damaged playground. Despite change although evening poor medical value method out.,Parks,Medium,46,46,False,17.26859158,78.50844942,Assigned,2025-08-15 08:52:51
C02621,Trash accumulation,Trash accumulation. Individual learn enough answer commercial past floor hear wrong project hair enough well.,Sanitation,Medium,45,12,False,17.32937165,78.39020394,Closed,2026-04-29 08:52:51
C02622,Sewage overflow,Sewage overflow. More song capital forget project marriage him good fact.,Drainage,Medium,31,58,True,17.52612184,78.45070198,In Progress,2025-06-25 08:52:51
C02623,Traffic signal failure,Traffic signal failure. Still stock system evening owner film heart government year energy television father.,Traffic,High,73,52,False,17.47687002,78.53579384,Resolved,2026-05-29 08:52:51
C02624,Garbage not collected,Garbage not collected. Direction behavior mouth prove take east audience house other.,Sanitation,Critical,95,0,False,17.40081939,78.35454139,Pending,2025-08-14 08:52:51
C02625,Road crack,Road crack. Cold idea minute degree force go reduce.,Roads,High,80,85,False,17.50140178,78.44434376,Resolved,2026-05-07 08:52:51
C02626,Road crack,Road crack. Someone lead capital year write before available west.,Roads,Low,21,43,False,17.41511953,78.44593806,Closed,2025-07-19 08:52:51
C02627,Damaged playground,Damaged playground. Open must reason different production talk must could choose different company.,Parks,High,55,80,False,17.3234536,78.59342401,Closed,2025-06-16 08:52:51
C02628,Abandoned vehicle,Abandoned vehicle. Time claim seek issue mean recognize two radio.,Public Safety,Critical,95,25,False,17.41806476,78.56785188,Resolved,2025-09-13 08:52:51
C02629,Water leakage,Water leakage. Traditional and technology number shake senior will admit either age often.,Water Supply,Medium,43,67,False,17.24161911,78.56665189,Assigned,2026-05-09 08:52:51
C02630,Trash accumulation,Trash accumulation. Generation court behind movie second watch there occur.,Sanitation,High,61,61,False,17.28420581,78.44215851,Assigned,2026-02-02 08:52:51
C02631,Garbage not collected,Garbage not collected. Next can message relationship about animal more sing professor study eat who trip.,Sanitation,Low,11,76,False,17.42951065,78.3820512,Pending,2025-09-23 08:52:51
C02632,Damaged playground,Damaged playground. Check box establish quality movement also left cut relationship.,Parks,High,82,0,True,17.32282307,78.57868588,Closed,2026-05-23 08:52:51
C02633,Public nuisance,Public nuisance. Inside sound certain style seem mean assume significant pass explain send color owner federal.,Public Safety,Low,12,27,False,17.49967833,78.39294785,Pending,2025-08-19 08:52:51
C02634,Drain blockage,Drain blockage. Game bar indicate wide take mother wrong smile apply seem.,Drainage,High,72,28,False,17.41077683,78.38837331,Pending,2025-12-09 08:52:51
C02635,Unsafe area,Unsafe area. His soon apply perhaps this plan team anyone.,Public Safety,Medium,34,54,False,17.28031616,78.55251569,Resolved,2026-04-25 08:52:51
C02636,Waterlogging,Waterlogging. Growth though none bring owner edge both impact there true back simply.,Drainage,Critical,81,73,False,17.44934647,78.39184984,Closed,2026-02-10 08:52:51
C02637,Broken bench,Broken bench. Spring girl total future guy reveal animal investment still season.,Parks,Medium,30,92,False,17.52960378,78.3890695,In Progress,2025-07-16 08:52:51
C02638,Pipeline burst,Pipeline burst. Office our get I building response create war need arrive first.,Water Supply,Medium,38,84,False,17.36290471,78.52866452,Assigned,2026-05-31 08:52:51
C02639,Broken bench,Broken bench. Owner than miss job training network final food its company to need job interesting class happen.,Parks,Medium,36,72,True,17.45505691,78.6363343,Pending,2025-09-16 08:52:51
C02640,Waterlogging,Waterlogging. Attention defense three example hot near help building close maintain less thus positive picture security form.,Drainage,Low,16,38,False,17.40635616,78.36896282,Resolved,2025-10-23 08:52:51
C02641,Garbage not collected,Garbage not collected. Process test happen leader age grow level friend concern offer teacher.,Sanitation,High,81,97,True,17.29176058,78.54496838,Resolved,2025-11-11 08:52:51
C02642,Unsafe area,Unsafe area. Region hit water raise decade save age own standard organization hear teach.,Public Safety,Medium,42,28,False,17.50649775,78.45233649,In Progress,2025-11-24 08:52:51
C02643,Pipeline burst,Pipeline burst. I him hope him accept TV history better poor seat own woman beyond store step.,Water Supply,Low,25,5,False,17.49054162,78.35720652,Pending,2025-06-23 08:52:51
C02644,Park maintenance issue,Park maintenance issue. Specific situation send camera teach experience number.,Parks,High,93,47,False,17.3779994,78.53485281,Pending,2025-12-15 08:52:51
C02645,Water leakage,Water leakage. News source report people now American work fish forward oil contain other not.,Water Supply,Medium,42,78,False,17.50139822,78.49211302,Closed,2026-02-26 08:52:51
C02646,Abandoned vehicle,Abandoned vehicle. Rock science subject sing mission major save least imagine.,Public Safety,High,61,18,False,17.43473178,78.4703784,Assigned,2025-09-03 08:52:51
C02647,Illegal parking,Illegal parking. Now nor product yard listen realize nothing share only drive former.,Traffic,High,84,57,False,17.24008948,78.41219026,Closed,2025-08-16 08:52:51
C02648,Power outage,Power outage. Serious law base writer treatment least particularly trip many late us anything war place.,Electrical,Critical,86,84,False,17.36565528,78.41363541,In Progress,2025-12-08 08:52:51
C02649,Unsafe area,Unsafe area. Now research approach behavior health produce traditional blue visit or son foot star majority.,Public Safety,High,57,85,False,17.3325654,78.50480579,Assigned,2025-11-20 08:52:51
C02650,Unsafe area,Unsafe area. Serious improve computer nor type wear six picture him possible century green store manager spend.,Public Safety,High,76,82,True,17.27211845,78.36791467,Assigned,2026-04-22 08:52:51
C02651,Sewage overflow,Sewage overflow. Subject sign future history plan leader perform simply writer travel admit glass stuff more step.,Drainage,High,66,21,False,17.47598138,78.51777227,In Progress,2026-03-13 08:52:51
C02652,Waterlogging,Waterlogging. And behind answer baby quality main skill a rock future left.,Drainage,Low,14,65,True,17.27367745,78.62601821,Resolved,2026-03-01 08:52:51
C02653,Damaged pavement,Damaged pavement. Much mention front go goal push than purpose.,Roads,Low,5,44,False,17.39712225,78.60471279,Closed,2025-11-16 08:52:51
C02654,Traffic congestion,Traffic congestion. Make industry school idea you our we goal establish.,Traffic,Low,1,46,False,17.36820955,78.36855895,In Progress,2025-08-29 08:52:51
C02655,No water supply,No water supply. Sure she with garden road cover several hotel develop.,Water Supply,Medium,27,22,False,17.35670258,78.62668855,Resolved,2025-06-09 08:52:51
C02656,Waterlogging,Waterlogging. Wide peace thought avoid look drop arrive your analysis deal thank fill cut new.,Drainage,Low,19,53,True,17.3348063,78.41139009,Assigned,2025-12-11 08:52:51
C02657,Power outage,Power outage. No street on peace account lay explain board contain story team eye on.,Electrical,High,57,76,False,17.28506415,78.38943206,Closed,2026-02-19 08:52:51
C02658,Pipeline burst,Pipeline burst. Not player authority difference have month agreement whole ahead market main future.,Water Supply,Low,25,57,False,17.46059215,78.45413555,Assigned,2025-11-03 08:52:51
C02659,Illegal parking,Illegal parking. By picture from beat wear maybe true you part staff training.,Traffic,High,59,78,False,17.45636337,78.42304083,In Progress,2026-03-10 08:52:51
C02660,Pipeline burst,Pipeline burst. Might carry work series maybe raise interview approach table likely defense argue later floor single senior.,Water Supply,Low,24,87,False,17.51714926,78.36486644,Closed,2025-09-11 08:52:51
C02661,Loose electric wire,Loose electric wire. Century strong smile minute spend answer modern break wall buy would court interesting.,Electrical,Low,16,29,False,17.35909049,78.50186811,In Progress,2025-08-04 08:52:51
C02662,No water supply,No water supply. Run work require camera mission enjoy certain draw reflect better why.,Water Supply,Medium,36,41,False,17.32314735,78.59489606,Assigned,2025-06-12 08:52:51
C02663,Power outage,Power outage. Keep rise newspaper road single imagine choice one win.,Electrical,High,61,72,True,17.24908066,78.39523602,Pending,2025-07-12 08:52:51
C02664,Trash accumulation,Trash accumulation. Such computer his expect cell apply nation time.,Sanitation,Medium,36,47,False,17.38392286,78.41529694,Resolved,2025-11-17 08:52:51
C02665,Pipeline burst,Pipeline burst. Relationship financial them meet young stock receive college left.,Water Supply,Critical,86,8,False,17.25434796,78.61171325,Pending,2025-11-07 08:52:51
C02666,Road crack,Road crack. Look bed black picture understand piece wrong hour yes.,Roads,Medium,40,72,False,17.4893733,78.44897899,Resolved,2026-05-08 08:52:51
C02667,No water supply,No water supply. Here turn task them friend treatment order hope set life yard office stand defense.,Water Supply,Medium,26,95,False,17.34238549,78.58076951,Resolved,2025-10-21 08:52:51
C02668,Road crack,Road crack. Rate near keep report campaign eat staff between glass clearly call fine product relationship finally.,Roads,Low,13,98,True,17.35017651,78.34434074,Closed,2026-03-17 08:52:51
C02669,Overflowing waste bins,Overflowing waste bins. Stand discover ball man factor audience buy.,Sanitation,Medium,40,24,False,17.45809686,78.62292417,In Progress,2025-10-27 08:52:51
C02670,Park maintenance issue,Park maintenance issue. Ability doctor media message operation bank beat main.,Parks,High,79,73,False,17.48246522,78.34053844,Assigned,2025-11-04 08:52:51
C02671,Pothole on road,Pothole on road. Treat discuss factor now apply dinner measure project threat Republican action.,Roads,Low,20,85,False,17.4702789,78.35056873,Resolved,2026-03-11 08:52:51
C02672,Waterlogging,Waterlogging. Rich whatever certain note accept decision arm spring knowledge then rather discuss.,Drainage,Medium,44,5,False,17.34170975,78.51294514,Assigned,2025-09-15 08:52:51
C02673,Drain blockage,Drain blockage. Billion long no from cover however employee heart partner arrive finish.,Drainage,Low,22,32,False,17.4953195,78.54477461,Assigned,2026-04-27 08:52:51
C02674,Traffic signal failure,Traffic signal failure. Treat indicate war tend television rather brother vote oil edge television fly.,Traffic,Low,9,38,False,17.27973192,78.4636827,Closed,2025-09-14 08:52:51
C02675,Damaged playground,Damaged playground. Chance trial good way give trade goal science ever study style successful.,Parks,High,67,56,False,17.29086933,78.61321342,In Progress,2025-09-10 08:52:51
C02676,Loose electric wire,Loose electric wire. Sort see popular enough other capital much successful produce until start religious air yet.,Electrical,Low,11,52,False,17.37465218,78.61320712,In Progress,2026-03-02 08:52:51
C02677,Overflowing waste bins,Overflowing waste bins. Any agent up item decade style onto.,Sanitation,High,80,1,False,17.33551725,78.54132507,Closed,2026-04-01 08:52:51
C02678,Street light not working,Street light not working. Rule usually affect sing nothing pass improve in sell everything trip industry.,Electrical,Low,18,13,False,17.3851785,78.44137225,Assigned,2026-03-01 08:52:51
C02679,Traffic signal failure,Traffic signal failure. Number wonder although star media now show create response agree.,Traffic,Low,13,1,True,17.49778196,78.48544058,Resolved,2025-10-28 08:52:51
C02680,Pipeline burst,Pipeline burst. Watch it state four couple think science.,Water Supply,Critical,96,49,True,17.25123244,78.5648319,Resolved,2026-05-01 08:52:51
C02681,Unsafe area,Unsafe area. Area administration region director item remain head.,Public Safety,Low,23,88,False,17.24306664,78.3900802,In Progress,2025-11-29 08:52:51
C02682,Power outage,Power outage. Investment receive provide cultural would since break fire detail fall possible avoid.,Electrical,Critical,83,96,False,17.32237161,78.47782496,Closed,2026-05-11 08:52:51
C02683,Broken bench,Broken bench. Rest reality still everything vote happen while last factor tonight.,Parks,Low,15,2,False,17.27088147,78.61436757,Closed,2026-03-29 08:52:51
C02684,Abandoned vehicle,Abandoned vehicle. Try Mr country involve institution case all music building entire.,Public Safety,Medium,42,66,False,17.46824012,78.61172096,Pending,2025-10-16 08:52:51
C02685,No water supply,No water supply. Through western produce protect then much age oil focus white she statement maybe me guy.,Water Supply,Medium,30,63,False,17.29262538,78.62675533,Closed,2025-10-31 08:52:51
C02686,Waterlogging,Waterlogging. Leave discuss clear on learn throw hit help eat little while too person crime research.,Drainage,Low,4,47,True,17.26255444,78.5061579,Resolved,2025-09-26 08:52:51
C02687,Power outage,Power outage. Democratic out stock century clear middle official population able property foot there rich cover newspaper.,Electrical,Critical,95,41,False,17.40037118,78.34124285,Closed,2025-12-14 08:52:51
C02688,Abandoned vehicle,Abandoned vehicle. Sing figure court whose learn measure involve garden article close pattern bring economic sense hundred marriage.,Public Safety,Critical,81,59,False,17.3135049,78.5344424,Assigned,2025-11-05 08:52:51
C02689,Abandoned vehicle,Abandoned vehicle. Determine around better guess kitchen represent others ground number account language sure.,Public Safety,High,79,76,False,17.33834206,78.45908635,Pending,2026-05-01 08:52:51
C02690,Damaged pavement,Damaged pavement. Operation leader probably parent important crime garden page over.,Roads,Low,7,3,False,17.36267107,78.44906879,Closed,2025-07-20 08:52:51
C02691,Traffic congestion,Traffic congestion. That indicate former organization when myself woman pull low player however structure perhaps establish material trade.,Traffic,High,58,50,False,17.33380353,78.36434137,Pending,2025-07-15 08:52:51
C02692,Road crack,Road crack. International poor book middle forward medical test fine way.,Roads,High,78,66,False,17.26553221,78.46906573,Pending,2026-03-06 08:52:51
C02693,Trash accumulation,Trash accumulation. General low why wear particularly list form middle tough recognize.,Sanitation,High,67,22,True,17.27401952,78.41046494,Assigned,2026-04-05 08:52:51
C02694,Pipeline burst,Pipeline burst. Remain their really position Republican recently him real side believe even offer now city.,Water Supply,Low,20,96,False,17.2910204,78.62068233,In Progress,2025-08-10 08:52:51
C02695,Damaged playground,Damaged playground. Series else thousand keep stay both ago figure art.,Parks,Low,20,66,False,17.42670963,78.35431742,Closed,2026-01-15 08:52:51
C02696,Damaged playground,Damaged playground. Inside live child science traditional eat value card decide entire hand ground first from near throw.,Parks,Medium,30,64,False,17.50349767,78.48735033,In Progress,2025-09-08 08:52:51
C02697,Damaged playground,Damaged playground. Such wide nothing book fund blood her hope factor provide event media moment its some share.,Parks,Low,4,32,False,17.41039815,78.46994105,Resolved,2026-01-03 08:52:51
C02698,Drain blockage,Drain blockage. Necessary suggest body imagine professor finish money happy home gun argue.,Drainage,Medium,27,27,False,17.30679779,78.57340422,Assigned,2025-08-30 08:52:51
C02699,Broken bench,Broken bench. Civil probably indeed age north policy sound everything television notice their green add reason part.,Parks,High,54,53,False,17.32752981,78.59185514,In Progress,2025-12-05 08:52:51
C02700,Drain blockage,Drain blockage. Information stand work personal upon able heavy item before right many.,Drainage,Medium,45,24,False,17.24280514,78.35257633,Closed,2025-06-30 08:52:51
C02701,Park maintenance issue,Park maintenance issue. Vote financial show size possible friend society challenge crime choice back medical.,Parks,Low,22,1,False,17.43146318,78.40801712,Resolved,2025-12-31 08:52:51
C02702,Road crack,Road crack. Interview learn card season staff father green different pick thus watch traditional return.,Roads,Medium,43,7,False,17.37148684,78.58119315,In Progress,2026-01-03 08:52:51
C02703,Water leakage,Water leakage. Common around research remember beat central risk idea miss show.,Water Supply,Critical,85,38,False,17.49954229,78.3980153,Resolved,2026-01-29 08:52:51
C02704,Unsafe area,Unsafe area. Campaign begin factor keep international little work section yeah happy according study personal.,Public Safety,Low,13,61,False,17.27460806,78.52119795,Assigned,2025-07-04 08:52:51
C02705,Waterlogging,Waterlogging. Card minute budget worry sing point consumer perform computer successful guy board color my support entire.,Drainage,High,62,55,False,17.33068081,78.60008812,Resolved,2025-10-10 08:52:51
C02706,Illegal parking,Illegal parking. Wide will short computer fill item determine bag whom decide glass certainly movement job.,Traffic,High,62,23,False,17.38033758,78.35704898,Assigned,2026-04-25 08:52:51
C02707,Public nuisance,Public nuisance. Gun month report step author marriage voice information money crime around value especially.,Public Safety,High,62,62,False,17.40133961,78.55219879,Closed,2025-10-15 08:52:51
C02708,Water leakage,Water leakage. Area campaign face partner vote dark range begin institution trouble share pick agency eight.,Water Supply,High,70,30,False,17.51576545,78.59570486,Pending,2025-12-14 08:52:51
C02709,Road crack,Road crack. Should his subject property color audience help upon drop.,Roads,High,75,4,True,17.28788286,78.41866744,Resolved,2026-03-18 08:52:51
C02710,Garbage not collected,Garbage not collected. Under method art challenge if trade do little player short color spend marriage huge cultural finish.,Sanitation,Critical,91,4,True,17.34869022,78.5806223,Closed,2025-07-30 08:52:51
C02711,Sewage overflow,Sewage overflow. Short generation member quality teacher break brother you kid.,Drainage,Medium,43,60,False,17.51983208,78.61210031,Assigned,2025-06-23 08:52:51
C02712,Abandoned vehicle,Abandoned vehicle. Avoid though benefit network discuss area available risk see often today challenge billion person voice.,Public Safety,Low,9,73,False,17.2880375,78.57130443,Resolved,2026-01-04 08:52:51
C02713,Drain blockage,Drain blockage. Rich follow happy source defense carry decide page age director ago dark.,Drainage,High,95,4,False,17.46073352,78.48400352,Assigned,2025-12-09 08:52:51
C02714,Damaged playground,Damaged playground. Woman nation investment turn college child get player issue understand.,Parks,High,53,90,False,17.42759942,78.36867203,Closed,2025-08-26 08:52:51
C02715,Overflowing waste bins,Overflowing waste bins. Inside picture design may animal concern knowledge industry produce know thank southern one good.,Sanitation,Low,24,48,False,17.24713566,78.37003308,In Progress,2025-07-14 08:52:51
C02716,No water supply,No water supply. Car still station pretty a dark culture second in already consider.,Water Supply,High,72,89,False,17.41781893,78.42798033,In Progress,2025-11-25 08:52:51
C02717,Damaged pavement,Damaged pavement. Treat without ready member give brother city candidate true truth others.,Roads,Low,5,7,False,17.26604243,78.61800485,Closed,2026-05-18 08:52:51
C02718,Traffic signal failure,Traffic signal failure. Enter significant head imagine three continue later environment wall exist little range we agency left first.,Traffic,Medium,34,5,False,17.39092602,78.61063565,In Progress,2026-01-15 08:52:51
C02719,Waterlogging,Waterlogging. Life pass improve including shoulder trip main research arm seem play.,Drainage,Low,1,55,False,17.38292682,78.56694255,Assigned,2026-05-06 08:52:51
C02720,Damaged playground,Damaged playground. Anything happen yes development person stay difficult option through wife knowledge.,Parks,High,72,24,False,17.38354666,78.42318563,Pending,2025-10-18 08:52:51
C02721,Traffic signal failure,Traffic signal failure. Very far loss simply civil keep amount lose citizen lead debate than operation lose.,Traffic,High,81,69,False,17.52891393,78.39433312,Closed,2026-02-22 08:52:51
C02722,Pothole on road,Pothole on road. Through sure forward himself require own population month off dark ago together stock bring rock price.,Roads,Medium,33,69,False,17.32104347,78.41139168,In Progress,2025-11-28 08:52:51
C02723,Traffic signal failure,Traffic signal failure. Goal far read us station every determine.,Traffic,Low,1,16,False,17.46094129,78.46444979,Closed,2025-07-23 08:52:51
C02724,Street light not working,Street light not working. Instead dark exactly both blood color chair individual family.,Electrical,Low,4,77,False,17.38316121,78.35054375,In Progress,2026-05-06 08:52:51
C02725,Pothole on road,Pothole on road. We peace eight now little their his their also even suffer data example public.,Roads,Low,8,38,False,17.52835307,78.52948706,Pending,2026-03-22 08:52:51
C02726,Sewage overflow,Sewage overflow. Strong road main unit spend others he own long represent five international write.,Drainage,Low,22,17,False,17.48138236,78.48498904,Closed,2026-03-07 08:52:51
C02727,Traffic signal failure,Traffic signal failure. Idea later father fact treat spring important capital wall speech fear or yeah hot.,Traffic,High,75,44,False,17.28671792,78.52681079,Pending,2026-05-16 08:52:51
C02728,Road crack,Road crack. Turn somebody single which increase leave take in amount until but understand letter really.,Roads,Medium,35,24,False,17.27485261,78.44668765,In Progress,2026-02-28 08:52:51
C02729,Overflowing waste bins,Overflowing waste bins. Back data begin oil test movie though yet worry state yard particular should trouble.,Sanitation,Medium,31,24,False,17.46933652,78.47984139,Pending,2026-02-21 08:52:51
C02730,No water supply,No water supply. Effect within detail treat for despite probably stay begin area.,Water Supply,High,61,17,False,17.49747786,78.54393341,Closed,2026-05-14 08:52:51
C02731,Public nuisance,Public nuisance. South major cold TV view dog nor morning size.,Public Safety,Medium,29,3,False,17.41262056,78.48921083,Closed,2025-08-07 08:52:51
C02732,Trash accumulation,Trash accumulation. Hold along minute important science state prevent market keep present still mention continue.,Sanitation,High,75,74,False,17.4051191,78.61224619,Resolved,2025-10-11 08:52:51
C02733,Road crack,Road crack. Woman either dinner worry major about deep camera become trouble.,Roads,Low,21,71,False,17.48243081,78.47303553,Assigned,2025-11-30 08:52:51
C02734,Pipeline burst,Pipeline burst. Subject time argue book place court off black her with minute.,Water Supply,Medium,38,28,False,17.48382266,78.48913544,Assigned,2026-06-03 08:52:51
C02735,Waterlogging,Waterlogging. Local pressure activity sure enough our red last perform prove.,Drainage,Medium,30,78,False,17.40933425,78.54912642,In Progress,2026-01-29 08:52:51
C02736,Broken bench,Broken bench. Bill west summer along cup yes rule star peace item similar option return begin prepare.,Parks,Critical,91,89,False,17.50828258,78.55586404,Assigned,2025-08-27 08:52:51
C02737,Loose electric wire,Loose electric wire. Push those activity office mission rather scientist trial involve next perform chair share receive style end.,Electrical,Medium,48,60,False,17.44047118,78.3547318,In Progress,2026-04-12 08:52:51
C02738,Abandoned vehicle,Abandoned vehicle. Note share friend security like certain treatment deep concern radio region remember try dog we.,Public Safety,High,96,67,False,17.30407122,78.34797184,Closed,2025-07-05 08:52:51
C02739,Power outage,Power outage. Rise other many total parent station suggest save study because then keep day.,Electrical,Critical,83,30,False,17.48119796,78.43715331,In Progress,2025-07-23 08:52:51
C02740,Damaged pavement,Damaged pavement. Standard total weight friend safe run scientist interview public PM outside.,Roads,Medium,46,47,False,17.49932586,78.5582038,Assigned,2026-01-26 08:52:51
C02741,Abandoned vehicle,Abandoned vehicle. Raise three field last wind race food rest term leave general.,Public Safety,Low,18,39,False,17.31208568,78.43188627,Assigned,2025-10-26 08:52:51
C02742,Damaged playground,Damaged playground. Office together strong yourself area town change only.,Parks,Critical,87,81,False,17.27608264,78.3919209,Resolved,2026-02-07 08:52:51
C02743,Overflowing waste bins,Overflowing waste bins. Five probably camera than color fund glass effort similar.,Sanitation,Medium,38,71,False,17.39002516,78.45714086,Resolved,2026-05-08 08:52:51
C02744,Park maintenance issue,Park maintenance issue. Central certain color speak there teach PM law fast sign.,Parks,Low,12,80,False,17.50475433,78.62337134,Closed,2025-08-13 08:52:51
C02745,Drain blockage,Drain blockage. Player ball energy cause drive total lawyer purpose old.,Drainage,Medium,27,48,False,17.48955934,78.43042601,Closed,2025-08-28 08:52:51
C02746,Pipeline burst,Pipeline burst. Happy century blood five unit instead ten.,Water Supply,High,67,70,True,17.30696913,78.5274984,Closed,2025-07-18 08:52:51
C02747,Park maintenance issue,Park maintenance issue. Speech stuff sing must force for while east since long than economy time.,Parks,Medium,26,44,False,17.33071276,78.54267114,Resolved,2025-12-10 08:52:51
C02748,Trash accumulation,Trash accumulation. Foreign necessary party account religious age price water quality go food none.,Sanitation,High,68,13,False,17.2561835,78.38713421,Pending,2025-12-09 08:52:51
C02749,Abandoned vehicle,Abandoned vehicle. Message standard both statement pick well win allow but claim water conference.,Public Safety,Low,17,7,False,17.34522541,78.50214104,Assigned,2025-11-15 08:52:51
C02750,Water leakage,Water leakage. Economy will recently half back affect Democrat tough citizen forward arrive news like.,Water Supply,Low,10,20,False,17.31888775,78.59938563,Pending,2025-06-03 08:52:51
C02751,Unsafe area,Unsafe area. Arrive city building debate guy impact Democrat member.,Public Safety,High,72,39,False,17.37549192,78.38239933,Resolved,2026-01-18 08:52:51
C02752,Road crack,Road crack. Few forward real citizen he goal culture you dinner score half make street range appear my.,Roads,Critical,88,31,False,17.4342442,78.36383085,Pending,2025-12-10 08:52:51
C02753,Traffic congestion,Traffic congestion. Build always record though any list one wait both age stop debate.,Traffic,Low,15,8,False,17.36501426,78.5059462,In Progress,2025-11-26 08:52:51
C02754,Traffic signal failure,Traffic signal failure. Mission no heart public manager condition stock.,Traffic,High,73,28,False,17.30103226,78.36155447,Pending,2026-05-12 08:52:51
C02755,Road crack,Road crack. Senior else wall return maybe character threat some enter forward study week either.,Roads,Low,2,80,False,17.48300154,78.63037493,Assigned,2025-06-17 08:52:51
C02756,Damaged playground,Damaged playground. Science another price war political feel receive outside relationship send rest meet event cost himself.,Parks,Medium,41,13,False,17.50545216,78.5091191,Resolved,2026-04-11 08:52:51
C02757,Sewage overflow,Sewage overflow. Bit society skin reflect really raise soon sometimes few these image maintain good.,Drainage,Low,14,0,False,17.48514291,78.53354222,Closed,2026-05-30 08:52:51
C02758,Drain blockage,Drain blockage. Art claim nearly say next right language organization develop.,Drainage,High,70,34,False,17.38912779,78.40299087,Closed,2026-03-02 08:52:51
C02759,Water leakage,Water leakage. Money billion manager let build open company store build across player your.,Water Supply,High,69,91,False,17.48637725,78.41026227,Resolved,2026-04-25 08:52:51
C02760,Traffic signal failure,Traffic signal failure. Sound thus level politics computer seven accept mind believe concern occur always.,Traffic,High,82,46,False,17.4592018,78.36816593,Pending,2026-05-17 08:52:51
C02761,Public nuisance,Public nuisance. Party involve stand cut since power their really discussion draw evidence time build agree.,Public Safety,High,54,88,False,17.35563834,78.54703724,Pending,2026-06-01 08:52:51
C02762,Trash accumulation,Trash accumulation. President increase maintain our appear not career statement left within image know law.,Sanitation,High,62,5,False,17.24927219,78.61476165,Pending,2025-07-07 08:52:51
C02763,Traffic signal failure,Traffic signal failure. Rule business time change myself ground public support exactly enough him total approach.,Traffic,High,61,22,False,17.4142315,78.50971525,In Progress,2025-11-27 08:52:51
C02764,Public nuisance,Public nuisance. Mention culture development eye happen explain who speech choice floor.,Public Safety,Medium,49,30,False,17.42994987,78.43208657,Closed,2025-08-27 08:52:51
C02765,Waterlogging,Waterlogging. Skin fear director person front maybe audience know.,Drainage,Medium,39,43,False,17.34996639,78.43701401,Closed,2026-01-14 08:52:51
C02766,Loose electric wire,Loose electric wire. Enter no fly college window by certainly painting system interesting professor he before.,Electrical,Medium,34,19,True,17.31897895,78.60003707,Closed,2026-04-29 08:52:51
C02767,Drain blockage,Drain blockage. Possible practice rule reduce thus able education reach.,Drainage,High,93,98,False,17.29799606,78.45995938,Assigned,2025-12-12 08:52:51
C02768,Park maintenance issue,Park maintenance issue. Country kind under week rate arrive meeting growth affect.,Parks,High,59,39,False,17.26143028,78.34869096,In Progress,2025-11-04 08:52:51
C02769,Power outage,Power outage. Agree raise catch increase build indeed environmental pick majority word about decision lose.,Electrical,Medium,34,58,False,17.4710018,78.41144271,In Progress,2026-03-13 08:52:51
C02770,Abandoned vehicle,Abandoned vehicle. Environment positive site hit student and expect PM former relate reach hard decade responsibility.,Public Safety,Medium,47,44,False,17.36178491,78.38319035,Pending,2026-03-15 08:52:51
C02771,Park maintenance issue,Park maintenance issue. Once recently after wife main study stand right soon.,Parks,High,77,54,False,17.29495122,78.57210393,Assigned,2026-02-11 08:52:51
C02772,Sewage overflow,Sewage overflow. Adult fight smile effect but rise possible move quickly common more you buy seat region.,Drainage,Critical,83,40,False,17.47034485,78.4889811,Resolved,2025-12-27 08:52:51
C02773,Public nuisance,Public nuisance. Party few worker man party including decide.,Public Safety,Medium,40,88,False,17.295595,78.4213698,Assigned,2026-05-16 08:52:51
C02774,Waterlogging,Waterlogging. Discussion position exist soon for into him rate expect cup tree hard.,Drainage,Low,13,6,False,17.33071875,78.48292912,Resolved,2025-08-27 08:52:51
C02775,No water supply,No water supply. Town bar money team reflect bar surface line concern.,Water Supply,Medium,49,62,False,17.26822036,78.41406027,Pending,2026-04-13 08:52:51
C02776,Damaged pavement,Damaged pavement. Mission keep place put ever nation country history.,Roads,Medium,46,67,False,17.29237791,78.58977436,Assigned,2026-03-27 08:52:51
C02777,Overflowing waste bins,Overflowing waste bins. Determine second she allow since PM bring season above.,Sanitation,Low,16,35,False,17.45207049,78.40322912,Assigned,2026-04-20 08:52:51
C02778,Garbage not collected,Garbage not collected. Third guess compare international station what course painting just Republican environment.,Sanitation,High,67,2,True,17.43398548,78.58882564,Pending,2025-11-06 08:52:51
C02779,No water supply,No water supply. Probably consumer go standard before someone pull development later.,Water Supply,High,71,8,False,17.23930697,78.52361452,Closed,2026-02-14 08:52:51
C02780,Overflowing waste bins,Overflowing waste bins. Company put six tonight first how free tough daughter hope move build.,Sanitation,Low,1,80,False,17.26261628,78.35084877,Pending,2025-11-14 08:52:51
C02781,Pipeline burst,Pipeline burst. Off page eight thousand avoid fly season political.,Water Supply,High,78,38,False,17.29091723,78.58021351,Resolved,2025-09-13 08:52:51
C02782,Overflowing waste bins,Overflowing waste bins. Stage you increase choose environment trade may star particularly nice seven.,Sanitation,Low,21,56,False,17.32112286,78.55837866,Assigned,2025-06-11 08:52:51
C02783,Broken bench,Broken bench. Safe despite feeling person star share movie resource reason gun need special.,Parks,Medium,34,95,False,17.28943522,78.63090397,Assigned,2026-01-17 08:52:51
C02784,Road crack,Road crack. Contain for herself building agree development yeah still.,Roads,High,84,35,False,17.30825167,78.49649838,Pending,2026-03-21 08:52:51
C02785,Sewage overflow,Sewage overflow. Ahead major visit institution third check ok stay away can particular.,Drainage,Low,15,88,False,17.40052758,78.4211565,Closed,2026-01-15 08:52:51
C02786,Pipeline burst,Pipeline burst. Trip station yet or else determine feeling ago recent agent five.,Water Supply,Low,10,1,False,17.30862705,78.62713257,Closed,2025-12-12 08:52:51
C02787,Loose electric wire,Loose electric wire. Marriage much power least style because trouble tell officer.,Electrical,High,64,57,False,17.39264354,78.39537687,Closed,2026-02-06 08:52:51
C02788,Sewage overflow,Sewage overflow. Event information several road budget design evidence reach able us property science plan.,Drainage,Low,4,76,False,17.41673091,78.49517797,Closed,2025-07-13 08:52:51
C02789,Public nuisance,Public nuisance. Effect notice interview number point issue ask gas.,Public Safety,High,55,91,False,17.42702316,78.6288219,Closed,2026-04-05 08:52:51
C02790,Water leakage,Water leakage. Happy city bill second this once note reason board nation yet challenge attention account.,Water Supply,High,51,65,False,17.27561329,78.619979,In Progress,2026-01-17 08:52:51
C02791,Road crack,Road crack. Time suggest rise rich design house floor investment create former science economic TV already market.,Roads,Medium,42,91,False,17.45669239,78.3500112,Resolved,2026-06-03 08:52:51
C02792,Broken bench,Broken bench. Quite learn feeling director group various ever any listen.,Parks,High,96,95,False,17.50915258,78.45488769,Resolved,2025-11-25 08:52:51
C02793,Water leakage,Water leakage. Opportunity role story stock decision state at child painting.,Water Supply,High,52,31,False,17.37987673,78.40059023,Pending,2025-07-03 08:52:51
C02794,Damaged pavement,Damaged pavement. Practice approach base hope idea national interesting dinner meeting Congress hope responsibility suggest recent though young.,Roads,High,54,40,False,17.33698139,78.52539397,Pending,2026-05-09 08:52:51
C02795,Unsafe area,Unsafe area. Those lose article remember forward threat charge person clear sense art billion share bit.,Public Safety,High,85,99,False,17.39903479,78.41964187,Assigned,2025-09-28 08:52:51
C02796,Public nuisance,Public nuisance. Party total data middle exactly born industry wish career car million future stop ask challenge.,Public Safety,Low,21,61,False,17.29221388,78.40033212,Closed,2025-09-14 08:52:51
C02797,No water supply,No water supply. East song note baby shake his fight.,Water Supply,High,59,37,False,17.48911076,78.58797549,In Progress,2026-01-20 08:52:51
C02798,Water leakage,Water leakage. Strategy popular travel to my training suffer.,Water Supply,High,72,33,False,17.37692158,78.42965778,Closed,2025-08-06 08:52:51
C02799,Traffic signal failure,Traffic signal failure. Week daughter challenge happen phone change student indeed sit beyond store run good real final compare.,Traffic,High,61,24,False,17.37308331,78.43221659,Resolved,2025-09-23 08:52:51
C02800,Road crack,Road crack. Quickly officer offer create social must themselves today movement pick sea join whole see.,Roads,Low,14,54,False,17.27504108,78.48501144,Resolved,2025-09-01 08:52:51
C02801,No water supply,No water supply. Child truth degree month choice size health buy.,Water Supply,Low,21,44,False,17.39429913,78.53753685,Assigned,2026-04-13 08:52:51
C02802,Street light not working,Street light not working. Relationship western end his century worry within chance draw project meeting inside wish indeed.,Electrical,Low,13,9,False,17.23680852,78.39705465,Assigned,2025-08-09 08:52:51
C02803,Loose electric wire,Loose electric wire. Dark back drug gas finish take information American about environment that off hot.,Electrical,Medium,38,90,False,17.28996895,78.42381616,Pending,2025-10-27 08:52:51
C02804,Street light not working,Street light not working. Side sea among list structure market travel land member property myself place size above want across.,Electrical,Critical,100,44,False,17.5078139,78.63598022,Closed,2026-05-15 08:52:51
C02805,Unsafe area,Unsafe area. Player long without well home us conference.,Public Safety,High,61,74,False,17.4607518,78.36584598,Resolved,2025-09-19 08:52:51
C02806,Garbage not collected,Garbage not collected. Crime enter parent call behind mother machine.,Sanitation,High,53,37,False,17.39815262,78.33691122,Resolved,2026-04-12 08:52:51
C02807,Power outage,Power outage. Blood which field move approach debate college discussion social.,Electrical,Low,20,12,False,17.45767116,78.44657565,Assigned,2026-02-26 08:52:51
C02808,Traffic congestion,Traffic congestion. Point hold choice my force player instead.,Traffic,Medium,46,35,False,17.35400933,78.36982606,Resolved,2025-08-07 08:52:51
C02809,Damaged pavement,Damaged pavement. Technology everybody side interesting many rich light owner environmental part white yourself.,Roads,High,100,71,False,17.39097311,78.45199275,Pending,2025-09-30 08:52:51
C02810,Drain blockage,Drain blockage. Audience glass garden large community seem certainly it director while partner note newspaper although.,Drainage,Medium,46,36,True,17.46797179,78.62708242,Closed,2026-05-28 08:52:51
C02811,Pipeline burst,Pipeline burst. Compare television statement record action safe husband bill gas purpose little treatment day.,Water Supply,High,75,22,False,17.37208844,78.36273017,Assigned,2025-06-23 08:52:51
C02812,Damaged pavement,Damaged pavement. Respond name actually group decision clear your attention mission prove stay investment indicate still Congress water.,Roads,High,74,89,False,17.42886458,78.43456623,Closed,2026-01-26 08:52:51
C02813,Power outage,Power outage. Half future thousand adult she fill difficult scientist painting responsibility.,Electrical,High,76,97,False,17.41220326,78.61977091,In Progress,2026-05-27 08:52:51
C02814,No water supply,No water supply. West strategy increase every data notice position travel those growth full coach American whether company.,Water Supply,Low,0,40,False,17.43676008,78.35646419,In Progress,2025-12-11 08:52:51
C02815,Waterlogging,Waterlogging. Heart site drive five car admit author his job.,Drainage,Medium,39,64,False,17.44457395,78.4898048,Resolved,2025-07-12 08:52:51
C02816,Abandoned vehicle,Abandoned vehicle. Instead worry class wind may seven affect food.,Public Safety,Low,2,72,False,17.34586559,78.35600473,Assigned,2026-05-11 08:52:51
C02817,Road crack,Road crack. Sound of word field use information treat police figure major life scientist claim any minute.,Roads,Critical,91,66,False,17.31108011,78.43273548,In Progress,2025-08-04 08:52:51
C02818,Unsafe area,Unsafe area. Range compare event material represent actually human something relate write item why letter instead fall light.,Public Safety,High,75,11,False,17.23654294,78.5335439,Pending,2025-12-27 08:52:51
C02819,Traffic signal failure,Traffic signal failure. Surface high already them middle decide medical its occur real main walk contain particular consider accept.,Traffic,Low,8,41,False,17.25520768,78.5331051,Closed,2026-02-27 08:52:51
C02820,Pothole on road,Pothole on road. Week beyond reflect others significant wear total man.,Roads,High,68,0,True,17.40035412,78.45938965,Assigned,2025-10-29 08:52:51
C02821,Waterlogging,Waterlogging. Himself join entire impact anyone current season policy size institution pretty result already.,Drainage,Low,11,78,False,17.35411972,78.54918863,Closed,2025-12-11 08:52:51
C02822,Broken bench,Broken bench. Least own purpose production whom boy push your fire show skin never argue coach positive.,Parks,Low,23,34,False,17.24956677,78.34905781,Closed,2026-02-26 08:52:51
C02823,No water supply,No water supply. Green sit summer prepare within hand true significant government behavior avoid increase draw.,Water Supply,High,77,20,False,17.48034362,78.45710458,Closed,2026-05-10 08:52:51
C02824,Trash accumulation,Trash accumulation. Fall son stand subject catch purpose population positive pick.,Sanitation,High,80,13,False,17.53170857,78.59044591,In Progress,2026-03-29 08:52:51
C02825,Public nuisance,Public nuisance. Crime relationship agree tough best minute season result.,Public Safety,Low,12,70,True,17.4451442,78.5545567,In Progress,2026-01-07 08:52:51
C02826,Park maintenance issue,Park maintenance issue. Artist film strong plan least realize magazine feel new fine.,Parks,Medium,30,16,False,17.29315972,78.48431466,Assigned,2025-11-09 08:52:51
C02827,Abandoned vehicle,Abandoned vehicle. Body ready computer compare simple between audience management woman organization owner environmental.,Public Safety,High,98,74,False,17.4755989,78.48656482,Assigned,2025-12-01 08:52:51
C02828,Road crack,Road crack. Also station whole resource plant music their buy state what.,Roads,Medium,33,3,False,17.3471773,78.46470894,Closed,2025-07-12 08:52:51
C02829,Public nuisance,Public nuisance. Care real current manage mean born set which particularly learn.,Public Safety,Medium,27,9,False,17.29037583,78.41181755,Closed,2025-09-15 08:52:51
C02830,Illegal parking,Illegal parking. Product interview simple this baby nearly person size should.,Traffic,High,51,31,False,17.25400024,78.42810759,Resolved,2025-07-21 08:52:51
C02831,Trash accumulation,Trash accumulation. Particular thus finish soon painting clearly window peace pattern college follow risk authority nor.,Sanitation,High,60,14,False,17.26966479,78.60099452,Pending,2025-10-06 08:52:51
C02832,Sewage overflow,Sewage overflow. Notice right best budget cost law watch behavior care effect since about cultural his.,Drainage,High,65,85,True,17.52113982,78.53050943,In Progress,2025-07-30 08:52:51
C02833,Power outage,Power outage. Operation war according force discussion provide lay increase southern difficult meet.,Electrical,High,79,90,False,17.34722891,78.4731973,In Progress,2025-09-29 08:52:51
C02834,Damaged pavement,Damaged pavement. Matter might require management feel suddenly parent beat back election.,Roads,High,81,57,False,17.35987704,78.43845316,Closed,2025-07-22 08:52:51
C02835,Drain blockage,Drain blockage. Significant minute television reach body recently forward particular.,Drainage,Medium,40,20,False,17.34715371,78.40030208,Closed,2025-11-17 08:52:51
C02836,Trash accumulation,Trash accumulation. Apply career next visit miss teach onto.,Sanitation,Medium,43,27,False,17.32394534,78.63485843,Closed,2025-07-26 08:52:51
C02837,Traffic congestion,Traffic congestion. Face notice section money door officer shoulder subject sport weight.,Traffic,High,65,26,False,17.40548859,78.36227638,Closed,2025-10-09 08:52:51
C02838,Damaged playground,Damaged playground. Draw water lose wide audience real skin difficult large discover finally world.,Parks,Medium,27,56,False,17.30163638,78.35208653,Pending,2025-07-19 08:52:51
C02839,Street light not working,Street light not working. Issue toward help service front difference computer car difficult marriage stop animal oil staff anyone.,Electrical,High,59,12,False,17.28456127,78.38951972,In Progress,2025-10-19 08:52:51
C02840,Park maintenance issue,Park maintenance issue. She threat democratic newspaper war attention other matter pass sure take.,Parks,Critical,91,7,False,17.35178669,78.53203397,Pending,2026-02-18 08:52:51
C02841,Road crack,Road crack. Factor attack cultural magazine learn reason task they nearly.,Roads,Medium,50,37,False,17.39430926,78.42970392,Closed,2026-04-24 08:52:51
C02842,Broken bench,Broken bench. Up meet dream send before song both paper avoid peace.,Parks,Low,21,2,False,17.25584021,78.40010165,Assigned,2026-06-01 08:52:51
C02843,Drain blockage,Drain blockage. Daughter each bank worker fund consider recent edge consumer indeed clearly suffer doctor huge player call.,Drainage,High,77,63,False,17.37029581,78.4984188,Closed,2025-10-03 08:52:51
C02844,Loose electric wire,Loose electric wire. Onto majority region series whose hand manage.,Electrical,Critical,82,34,False,17.23955043,78.42530198,In Progress,2026-01-29 08:52:51
C02845,Pipeline burst,Pipeline burst. Outside music ready available kid fund own fly girl property administration red opportunity theory husband book.,Water Supply,Critical,99,72,False,17.34378026,78.35017657,Closed,2025-10-25 08:52:51
C02846,Trash accumulation,Trash accumulation. Yeah wish position main professional base star lose able.,Sanitation,Low,1,16,False,17.24037164,78.59684775,Pending,2026-04-24 08:52:51
C02847,Drain blockage,Drain blockage. Rest spend available huge performance style officer ok move impact camera single agent fire huge.,Drainage,Low,0,32,False,17.39635179,78.50247128,Closed,2026-03-14 08:52:51
C02848,Pipeline burst,Pipeline burst. Sea concern nearly enough various sort page soldier.,Water Supply,High,64,13,False,17.30049941,78.50963936,Closed,2025-08-20 08:52:51
C02849,Power outage,Power outage. Hotel lose in too if possible raise.,Electrical,Low,23,49,False,17.52215878,78.58337782,In Progress,2026-02-22 08:52:51
C02850,Water leakage,Water leakage. Rich imagine something alone collection since culture side.,Water Supply,High,74,75,False,17.28891451,78.44608604,Resolved,2026-06-03 08:52:51
C02851,Garbage not collected,Garbage not collected. Data produce peace prove set TV commercial gun activity cover unit career.,Sanitation,High,96,20,False,17.33258668,78.46359788,Pending,2025-12-05 08:52:51
C02852,Damaged pavement,Damaged pavement. Doctor base conference into personal memory finally education.,Roads,High,94,51,False,17.38075285,78.36505029,In Progress,2026-02-25 08:52:51
C02853,Pipeline burst,Pipeline burst. Table mother provide son conference process evening save offer draw continue often.,Water Supply,High,58,33,False,17.28529512,78.43360728,Assigned,2025-06-09 08:52:51
C02854,Traffic signal failure,Traffic signal failure. Get through experience grow decision I by fall magazine energy suddenly soldier computer arm child identify.,Traffic,Low,3,44,False,17.41407204,78.36732613,In Progress,2026-05-31 08:52:51
C02855,Sewage overflow,Sewage overflow. Before final fly center piece simple scene return.,Drainage,High,62,80,False,17.42708945,78.5862871,Closed,2025-09-24 08:52:51
C02856,No water supply,No water supply. Argue section site role true child often ready tend occur accept foot should certain.,Water Supply,Medium,37,81,False,17.32758696,78.49733269,Closed,2025-07-14 08:52:51
C02857,Garbage not collected,Garbage not collected. No former over newspaper economy main discussion attack represent responsibility lay eye phone approach.,Sanitation,Medium,32,16,False,17.51698207,78.45407742,Pending,2026-05-31 08:52:51
C02858,Water leakage,Water leakage. Discussion whom here outside cause person force city heart off majority.,Water Supply,High,96,7,False,17.36910195,78.46066655,Closed,2026-03-03 08:52:51
C02859,Damaged playground,Damaged playground. Center own red thus item window if participant recently these window fact save no dinner believe.,Parks,Medium,34,72,False,17.39969121,78.36893025,Assigned,2025-12-07 08:52:51
C02860,Power outage,Power outage. Feel example so bank not leg two everybody space finish.,Electrical,Critical,94,59,False,17.46920962,78.57644496,Resolved,2026-01-18 08:52:51
C02861,Park maintenance issue,Park maintenance issue. Order training let management change technology thought take when ground her people around.,Parks,High,63,57,False,17.47761155,78.54958404,In Progress,2026-03-29 08:52:51
C02862,Illegal parking,Illegal parking. Where form agree peace surface most brother above hand game professor save friend approach.,Traffic,Medium,43,2,False,17.318054,78.34982176,In Progress,2025-08-29 08:52:51
C02863,Trash accumulation,Trash accumulation. Speak whole build you finish civil condition attack trouble business capital authority help cover.,Sanitation,Medium,45,94,False,17.29186093,78.49454648,Assigned,2026-02-18 08:52:51
C02864,Abandoned vehicle,Abandoned vehicle. Answer its teach carry effort into add program fight.,Public Safety,Low,0,40,False,17.26940739,78.44363577,Assigned,2025-08-15 08:52:51
C02865,Power outage,Power outage. Democrat office water word television guess participant sport imagine those.,Electrical,Medium,40,87,False,17.2720835,78.46246987,In Progress,2025-09-05 08:52:51
C02866,Loose electric wire,Loose electric wire. Special production organization environment rather plant he may expert perhaps.,Electrical,Low,8,33,False,17.26706756,78.49784811,Resolved,2026-03-22 08:52:51
C02867,Illegal parking,Illegal parking. Long debate prevent whole authority small under.,Traffic,High,63,97,False,17.4406283,78.53587913,Assigned,2026-04-29 08:52:51
C02868,Sewage overflow,Sewage overflow. Campaign money way shake small election get modern everybody born understand budget prove child pay.,Drainage,High,83,70,False,17.52206108,78.4403505,Pending,2026-01-19 08:52:51
C02869,Public nuisance,Public nuisance. Town season few threat cultural thank recently rock then pass draw surface prepare other structure push.,Public Safety,Critical,90,44,False,17.42801302,78.49799647,In Progress,2026-03-07 08:52:51
C02870,Pothole on road,Pothole on road. Energy station traditional argue return finally them son water law positive white development.,Roads,Medium,50,69,True,17.37149001,78.3742524,Closed,2025-06-15 08:52:51
C02871,Damaged pavement,Damaged pavement. Year north leader decade prove machine force buy.,Roads,Low,1,4,False,17.37665177,78.36500677,Pending,2026-03-07 08:52:51
C02872,Trash accumulation,Trash accumulation. Message compare home development always security fact parent Congress share.,Sanitation,High,78,34,False,17.27950402,78.43664775,Resolved,2025-11-08 08:52:51
C02873,Damaged pavement,Damaged pavement. Data candidate or carry teach relate down her pay piece push cut human.,Roads,Medium,43,82,False,17.25229075,78.41488238,In Progress,2026-04-21 08:52:51
C02874,Loose electric wire,Loose electric wire. Person either sort use impact table fine.,Electrical,Medium,43,50,False,17.36848797,78.39728352,In Progress,2025-11-03 08:52:51
C02875,No water supply,No water supply. Report market keep suffer hope you life.,Water Supply,Critical,89,53,False,17.25553679,78.54828395,Pending,2026-05-12 08:52:51
C02876,Traffic signal failure,Traffic signal failure. Significant everybody challenge specific writer provide others determine writer perhaps stop strong writer.,Traffic,High,80,85,False,17.24858019,78.581203,Closed,2025-09-06 08:52:51
C02877,Broken bench,Broken bench. Accept find never watch sense phone newspaper.,Parks,Medium,40,97,False,17.32641539,78.55181544,Closed,2025-06-04 08:52:51
C02878,Garbage not collected,Garbage not collected. Side who little answer brother seat provide government treatment feel recently member.,Sanitation,Low,22,29,False,17.36124623,78.38641111,Closed,2026-05-19 08:52:51
C02879,Traffic signal failure,Traffic signal failure. Not structure wear board teach imagine throw live character.,Traffic,High,77,72,False,17.49284709,78.40122971,Pending,2025-07-25 08:52:51
C02880,Drain blockage,Drain blockage. Quality another fight partner west sound his draw stuff.,Drainage,Medium,38,69,False,17.39163484,78.52352022,Pending,2025-12-22 08:52:51
C02881,Damaged playground,Damaged playground. Community wife election myself way forward these could bring medical both draw seven near big subject.,Parks,Critical,97,68,False,17.48694506,78.35092984,Closed,2025-06-20 08:52:51
C02882,Power outage,Power outage. Movement charge remember bar both debate church forward skin first head.,Electrical,High,73,82,True,17.35476504,78.56395451,In Progress,2025-08-12 08:52:51
C02883,Public nuisance,Public nuisance. Because degree protect president news process future investment tell.,Public Safety,High,80,86,False,17.39873539,78.56371389,In Progress,2025-06-25 08:52:51
C02884,Power outage,Power outage. Big serious participant person add science speech explain example finish picture present.,Electrical,High,76,46,False,17.49867223,78.42998667,Assigned,2026-04-14 08:52:51
C02885,Drain blockage,Drain blockage. Page rest measure admit medical stand after employee member want bank.,Drainage,Critical,85,41,False,17.48988619,78.42003849,Resolved,2025-10-02 08:52:51
C02886,Water leakage,Water leakage. All probably generation responsibility case everyone then society.,Water Supply,High,63,87,False,17.50794484,78.53449759,Pending,2025-06-07 08:52:51
C02887,Unsafe area,Unsafe area. Gun tax court democratic charge charge generation five race sister cause law level alone success.,Public Safety,Low,7,66,False,17.49488446,78.63613365,Resolved,2026-05-22 08:52:51
C02888,Traffic congestion,Traffic congestion. Foot enter check claim run five week.,Traffic,Critical,92,49,False,17.45096611,78.41693458,Resolved,2025-12-13 08:52:51
C02889,No water supply,No water supply. Trial government both think leg mind have raise wife drop.,Water Supply,High,56,12,False,17.3362995,78.51095084,In Progress,2026-03-13 08:52:51
C02890,Street light not working,Street light not working. Gun long hotel very magazine know with none task baby window maybe throw television.,Electrical,High,76,76,False,17.43850491,78.59678347,Pending,2025-11-07 08:52:51
C02891,Drain blockage,Drain blockage. Analysis kitchen hotel organization option skill anyone strategy poor moment night step.,Drainage,Medium,35,82,False,17.27412578,78.44526255,Assigned,2025-12-12 08:52:51
C02892,Street light not working,Street light not working. Pretty suddenly fear rule song month benefit reality hit.,Electrical,Medium,36,98,False,17.36000332,78.61950818,Assigned,2025-07-28 08:52:51
C02893,Street light not working,Street light not working. We administration large environmental manage inside many suffer nature agent thank box book key reveal.,Electrical,Medium,48,21,True,17.36948414,78.37674689,Resolved,2026-03-06 08:52:51
C02894,Abandoned vehicle,Abandoned vehicle. Move different small by over marriage window smile.,Public Safety,High,73,58,False,17.48295434,78.43704007,Closed,2025-12-23 08:52:51
C02895,Loose electric wire,Loose electric wire. Receive magazine account become represent never race me.,Electrical,High,79,9,True,17.39665447,78.3997808,Pending,2025-07-25 08:52:51
C02896,Damaged playground,Damaged playground. Modern security turn Mrs agreement product both record glass not low series.,Parks,High,78,84,False,17.26037882,78.42574519,Assigned,2025-06-25 08:52:51
C02897,Overflowing waste bins,Overflowing waste bins. Whole region beyond career certain station not class trouble walk poor job authority.,Sanitation,High,72,50,False,17.46357705,78.35865448,In Progress,2025-09-23 08:52:51
C02898,Damaged pavement,Damaged pavement. Apply place another find few author that.,Roads,High,97,71,False,17.27177641,78.37606289,Resolved,2025-06-18 08:52:51
C02899,Damaged pavement,Damaged pavement. Same current director feeling final person generation will far fight.,Roads,Low,4,53,False,17.35858103,78.60867283,Resolved,2025-11-03 08:52:51
C02900,Broken bench,Broken bench. Provide way man interesting sing paper weight wrong here.,Parks,Low,18,71,False,17.3930534,78.34504051,Pending,2026-04-26 08:52:51
C02901,Water leakage,Water leakage. Direction beautiful avoid there set anything leave size test easy build decide election organization.,Water Supply,Medium,41,70,False,17.39891382,78.52826757,Closed,2026-04-12 08:52:51
C02902,Abandoned vehicle,Abandoned vehicle. Can letter just unit bad war fast way evening.,Public Safety,High,52,63,False,17.5108818,78.47663626,Assigned,2026-02-14 08:52:51
C02903,Park maintenance issue,Park maintenance issue. Water politics tax call even tough during that such fish analysis and thousand machine research nearly.,Parks,High,72,29,False,17.24426047,78.58691005,Closed,2026-03-13 08:52:51
C02904,Unsafe area,Unsafe area. Follow learn news meet choose want most mean data officer either laugh part environment something.,Public Safety,High,87,26,False,17.52964413,78.57602954,In Progress,2026-05-22 08:52:51
C02905,Public nuisance,Public nuisance. Again degree court focus black look impact market.,Public Safety,High,72,52,False,17.393208,78.5897889,Resolved,2026-01-09 08:52:51
C02906,Pothole on road,Pothole on road. Bill be get would community now us law dog parent read relate wide however structure win.,Roads,High,91,53,False,17.40024517,78.43460312,Resolved,2026-01-02 08:52:51
C02907,Water leakage,Water leakage. Small they difficult beyond responsibility leader suffer floor concern make cut mission.,Water Supply,High,65,54,False,17.40097485,78.55378689,In Progress,2025-11-24 08:52:51
C02908,Drain blockage,Drain blockage. Situation note senior chance sister radio spend west glass baby.,Drainage,Low,22,83,False,17.34524917,78.43145266,In Progress,2026-02-12 08:52:51
C02909,Waterlogging,Waterlogging. Suggest organization people leader book instead from many.,Drainage,Medium,41,94,False,17.47307753,78.60242312,In Progress,2025-10-09 08:52:51
C02910,Trash accumulation,Trash accumulation. Maintain degree cost music for message hospital simple nearly trouble say career go baby value.,Sanitation,Critical,86,84,False,17.51560751,78.51069512,Closed,2025-10-18 08:52:51
C02911,Trash accumulation,Trash accumulation. Treat four still throw you get inside participant much color institution test level would manager price.,Sanitation,High,74,51,False,17.2393232,78.54416788,Resolved,2025-06-24 08:52:51
C02912,Damaged playground,Damaged playground. Especially rule garden year front call good party baby medical bit.,Parks,Low,24,2,False,17.4605681,78.58832767,Closed,2026-03-23 08:52:51
C02913,Unsafe area,Unsafe area. Under offer little many industry within walk feeling lay treat room wrong.,Public Safety,Low,20,43,False,17.40274917,78.52332902,Closed,2026-03-02 08:52:51
C02914,Unsafe area,Unsafe area. Field describe them buy size against cup leg field positive program cold.,Public Safety,Critical,87,70,False,17.47206417,78.62344785,Assigned,2026-05-18 08:52:51
C02915,Sewage overflow,Sewage overflow. Shoulder paper fish know you guess certainly store wrong increase.,Drainage,Medium,26,66,True,17.41939298,78.55297924,Assigned,2025-06-15 08:52:51
C02916,Water leakage,Water leakage. Assume always world him party authority quality walk ask then party.,Water Supply,Low,8,20,True,17.32241919,78.55229316,In Progress,2025-08-08 08:52:51
C02917,Power outage,Power outage. Public gun experience friend add appear image media for red.,Electrical,Medium,37,26,False,17.41171805,78.52503822,Closed,2026-02-26 08:52:51
C02918,Road crack,Road crack. Kitchen discussion throughout student option however the PM find national director early relationship dark development.,Roads,Medium,36,20,False,17.28831636,78.50606793,Closed,2025-07-07 08:52:51
C02919,Abandoned vehicle,Abandoned vehicle. Civil design yeah national onto fish detail result high section.,Public Safety,Critical,87,41,False,17.52639332,78.39951055,Closed,2026-02-28 08:52:51
C02920,Traffic signal failure,Traffic signal failure. Daughter grow program big approach management everything two next south level me.,Traffic,Medium,33,68,False,17.51066777,78.35264949,Resolved,2025-10-13 08:52:51
C02921,Pipeline burst,Pipeline burst. System state into in research exactly table style answer vote ground anything that reduce family worker.,Water Supply,High,66,56,False,17.27048784,78.49749783,In Progress,2025-08-11 08:52:51
C02922,Broken bench,Broken bench. Onto main able within activity medical keep white score computer responsibility find cell lay ball security.,Parks,High,75,72,False,17.50773426,78.43396552,Resolved,2026-05-02 08:52:51
C02923,Power outage,Power outage. Suffer group perhaps institution administration the such north themselves reach throughout everyone source.,Electrical,Medium,45,79,False,17.27131616,78.55209104,Assigned,2025-09-02 08:52:51
C02924,Drain blockage,Drain blockage. A who authority north now change environment social prepare learn hit drug indicate develop shake.,Drainage,Low,25,40,False,17.47766092,78.49120975,Assigned,2025-11-15 08:52:51
C02925,Garbage not collected,Garbage not collected. Share after writer experience to dinner million region name.,Sanitation,High,66,34,False,17.24308411,78.39418454,Resolved,2025-11-20 08:52:51
C02926,Pipeline burst,Pipeline burst. About family fight course yard face field interesting group difficult quite pretty traditional not.,Water Supply,High,54,94,False,17.33331049,78.36200667,Closed,2026-02-26 08:52:51
C02927,Water leakage,Water leakage. Tonight anything attorney seven what more exactly travel begin sound type personal down follow.,Water Supply,High,60,30,False,17.44608557,78.38042772,Closed,2026-03-15 08:52:51
C02928,Unsafe area,Unsafe area. Center hour time they public former institution grow life manager call especially official strong.,Public Safety,Critical,95,72,False,17.42564411,78.49242381,Assigned,2025-09-11 08:52:51
C02929,Traffic congestion,Traffic congestion. Close drug ask recent wall rest world personal myself own.,Traffic,High,68,18,False,17.4460141,78.56777385,Closed,2026-02-01 08:52:51
C02930,Damaged pavement,Damaged pavement. Thing pick again method ten scene kind father prevent.,Roads,High,77,75,False,17.48585876,78.5815658,Assigned,2026-01-25 08:52:51
C02931,Overflowing waste bins,Overflowing waste bins. Radio page democratic mention evidence specific a clear boy sport contain among call most because Mr.,Sanitation,Low,10,31,False,17.27057243,78.58297563,In Progress,2025-08-07 08:52:51
C02932,Broken bench,Broken bench. Power face raise blue walk debate ahead hospital west.,Parks,High,90,59,False,17.26802984,78.49714466,Resolved,2026-05-15 08:52:51
C02933,Broken bench,Broken bench. Newspaper win still year the enter determine road while sit interest size group among improve.,Parks,High,59,32,False,17.42510048,78.35362925,In Progress,2025-06-16 08:52:51
C02934,Drain blockage,Drain blockage. Experience song model against know very early five know learn do mouth stop administration finally remain.,Drainage,Medium,42,20,False,17.44972076,78.43271855,Pending,2025-10-24 08:52:51
C02935,Trash accumulation,Trash accumulation. Our public side agreement pressure billion of.,Sanitation,Medium,29,97,False,17.5306419,78.50436039,Pending,2025-06-14 08:52:51
C02936,Water leakage,Water leakage. Seven station their officer always rather since from kitchen beat purpose if.,Water Supply,Medium,33,7,False,17.43165514,78.4557862,In Progress,2025-09-27 08:52:51
C02937,Traffic congestion,Traffic congestion. Laugh Democrat charge knowledge close treatment she these stand responsibility answer not bit staff stay.,Traffic,Critical,99,46,False,17.4614735,78.52829243,Resolved,2025-06-28 08:52:51
C02938,Damaged pavement,Damaged pavement. You woman in trial lawyer into seek sign ahead tell movie throw nice onto painting tell.,Roads,Medium,49,36,False,17.39847786,78.36808674,Assigned,2025-07-26 08:52:51
C02939,Garbage not collected,Garbage not collected. Walk morning position discussion career write light offer artist easy pass.,Sanitation,High,61,47,False,17.31863895,78.42346648,Closed,2025-11-22 08:52:51
C02940,No water supply,No water supply. Push long form value economic rise believe war culture Mrs.,Water Supply,High,68,54,False,17.51829294,78.45302029,Pending,2026-02-07 08:52:51
C02941,Park maintenance issue,Park maintenance issue. Physical minute especially try understand degree arrive least central.,Parks,High,53,6,False,17.32379544,78.45570424,Pending,2025-12-15 08:52:51
C02942,Drain blockage,Drain blockage. Cover student such responsibility resource town bank term less herself culture fire.,Drainage,High,64,94,False,17.34808144,78.35105564,Closed,2025-06-24 08:52:51
C02943,No water supply,No water supply. Decade against citizen size goal right few young behind who career certainly wrong both.,Water Supply,Low,7,69,True,17.30601528,78.62515902,Resolved,2025-06-29 08:52:51
C02944,Broken bench,Broken bench. Newspaper put family student option other those whom near up day pay key popular top.,Parks,High,56,35,True,17.25139909,78.49993452,In Progress,2025-08-05 08:52:51
C02945,Abandoned vehicle,Abandoned vehicle. Claim like hit capital name Democrat during nothing leader determine senior church big hot.,Public Safety,Critical,96,87,True,17.33918912,78.33993991,Pending,2025-11-08 08:52:51
C02946,No water supply,No water supply. Project standard attorney easy a daughter company town message continue history word hospital rock professor.,Water Supply,Medium,43,26,False,17.46170613,78.44269991,Assigned,2026-05-11 08:52:51
C02947,Traffic congestion,Traffic congestion. Page media sea next voice here remain personal music site.,Traffic,High,71,60,False,17.32832429,78.58323492,Closed,2025-11-17 08:52:51
C02948,Power outage,Power outage. Six business establish hair national condition culture make air fast nearly PM feeling surface.,Electrical,Low,11,100,False,17.26187105,78.53696314,Closed,2025-08-17 08:52:51
C02949,Abandoned vehicle,Abandoned vehicle. Camera indicate meet partner name against suddenly without like player service growth all.,Public Safety,High,76,56,False,17.42853451,78.57240129,Resolved,2026-02-16 08:52:51
C02950,Abandoned vehicle,Abandoned vehicle. National the both name share boy key recently couple page.,Public Safety,Low,20,63,False,17.37873581,78.45436992,Pending,2025-11-12 08:52:51
C02951,Abandoned vehicle,Abandoned vehicle. Teacher blue popular idea act fear growth ten moment production help.,Public Safety,Medium,27,20,False,17.45758348,78.58596365,Closed,2026-05-27 08:52:51
C02952,Overflowing waste bins,Overflowing waste bins. Bill build item value series yet certainly chair student allow road will energy from through.,Sanitation,High,57,27,False,17.34020674,78.40680013,Assigned,2025-12-23 08:52:51
C02953,Public nuisance,Public nuisance. Weight production theory week training first body theory science onto what rather full.,Public Safety,Medium,38,17,False,17.37712607,78.43873988,Assigned,2026-02-19 08:52:51
C02954,Street light not working,Street light not working. Operation from election new middle anything send watch able sport analysis hot player herself tree traditional.,Electrical,Medium,36,83,False,17.24540968,78.60156347,Resolved,2026-03-17 08:52:51
C02955,Broken bench,Broken bench. Set federal change then nation agent ten and role writer we the after anyone.,Parks,Critical,84,16,True,17.25536207,78.46162198,In Progress,2025-06-24 08:52:51
C02956,Traffic congestion,Traffic congestion. Around personal job human room appear far significant realize room hospital process vote leg.,Traffic,High,63,29,False,17.3552163,78.62030981,Assigned,2025-07-21 08:52:51
C02957,Sewage overflow,Sewage overflow. Sport size economy hospital mouth enter around despite.,Drainage,High,87,42,False,17.25298035,78.41438774,Pending,2026-03-04 08:52:51
C02958,No water supply,No water supply. Happen prepare pay let interest contain community industry significant quite attack hot pay front challenge way.,Water Supply,High,69,50,False,17.33101408,78.35550691,Resolved,2025-08-22 08:52:51
C02959,Park maintenance issue,Park maintenance issue. Land remain though court real itself certainly.,Parks,High,74,73,False,17.34382357,78.6251501,In Progress,2025-10-16 08:52:51
C02960,Water leakage,Water leakage. Main finally dream individual member environmental agent according.,Water Supply,Low,22,93,False,17.5109728,78.57725418,In Progress,2025-07-30 08:52:51
C02961,Park maintenance issue,Park maintenance issue. Money media simply foreign major fact into authority miss sign wide case night.,Parks,High,99,82,True,17.53486034,78.62671628,Closed,2026-04-03 08:52:51
C02962,Pipeline burst,Pipeline burst. Threat wind enter deep city as choice I age real material help sea.,Water Supply,High,82,68,False,17.44440058,78.54158852,In Progress,2025-09-17 08:52:51
C02963,Road crack,Road crack. During defense own travel wear although worry success.,Roads,High,95,39,False,17.30381796,78.36786478,In Progress,2025-07-14 08:52:51
C02964,Park maintenance issue,Park maintenance issue. Relate study media measure thousand himself sport much eat wonder blue so.,Parks,Low,4,40,False,17.43482856,78.56401356,Closed,2025-08-05 08:52:51
C02965,No water supply,No water supply. Coach activity thing that customer look either themselves tend.,Water Supply,Medium,26,83,False,17.37732184,78.5472129,Closed,2026-05-14 08:52:51
C02966,Public nuisance,Public nuisance. Beautiful fly behavior again account project director shake.,Public Safety,Low,7,99,False,17.30475273,78.47987114,Assigned,2026-04-18 08:52:51
C02967,Abandoned vehicle,Abandoned vehicle. Thousand military main rate their writer together seek myself treatment particular through again family.,Public Safety,High,83,74,False,17.53366052,78.46522872,In Progress,2025-11-02 08:52:51
C02968,Sewage overflow,Sewage overflow. This chair court next animal another bit administration garden rise hold own system education.,Drainage,High,94,58,False,17.38020089,78.39795807,Assigned,2026-01-29 08:52:51
C02969,Power outage,Power outage. Theory heavy suggest usually actually raise Mrs truth chance on price last simply year say performance.,Electrical,Medium,40,14,False,17.28264136,78.6039232,Assigned,2025-06-10 08:52:51
C02970,Broken bench,Broken bench. Short itself participant worker have range artist class manage base.,Parks,Low,8,41,False,17.47898962,78.46624854,In Progress,2026-02-25 08:52:51
C02971,Damaged playground,Damaged playground. Wear they wish technology be leave seat instead about off north base process.,Parks,Medium,28,28,False,17.49989092,78.45188188,Assigned,2026-05-16 08:52:51
C02972,Damaged playground,Damaged playground. Compare Mrs ago radio little look able become different.,Parks,Medium,26,63,False,17.5040613,78.53381889,Closed,2026-03-01 08:52:51
C02973,Trash accumulation,Trash accumulation. Myself however allow behavior place among move serious.,Sanitation,High,70,90,True,17.30573194,78.61006175,Assigned,2026-04-28 08:52:51
C02974,Road crack,Road crack. Can single sign fear term at now adult sound statement financial contain major beat how.,Roads,Low,22,18,False,17.25229459,78.44656977,Pending,2025-12-24 08:52:51
C02975,Waterlogging,Waterlogging. Plant door result during herself popular wind your likely source.,Drainage,High,55,87,False,17.34687296,78.41972131,Resolved,2026-02-26 08:52:51
C02976,Public nuisance,Public nuisance. Ball student term ok lay walk whole of almost song allow high spring value attack.,Public Safety,High,71,35,False,17.35518167,78.51512884,In Progress,2025-10-28 08:52:51
C02977,Water leakage,Water leakage. Most front how happy community trade six middle often.,Water Supply,High,62,22,False,17.26642191,78.62874698,In Progress,2025-06-18 08:52:51
C02978,Waterlogging,Waterlogging. Fear design color although east relationship job join professor follow pass.,Drainage,High,100,32,False,17.29854319,78.3564269,Assigned,2026-01-01 08:52:51
C02979,Drain blockage,Drain blockage. West future civil short cultural cup rate to process carry total available player language.,Drainage,High,60,47,False,17.3667425,78.56617534,Pending,2025-06-27 08:52:51
C02980,Road crack,Road crack. Very citizen TV too staff open company billion.,Roads,High,96,27,False,17.44676005,78.40470004,Closed,2026-03-27 08:52:51
C02981,Waterlogging,Waterlogging. Move alone reduce notice let up example hospital occur less special discover statement.,Drainage,High,59,70,False,17.53151326,78.47253593,In Progress,2026-02-26 08:52:51
C02982,Pothole on road,Pothole on road. Week price break without at believe method myself conference new must argue there thought.,Roads,Medium,48,97,False,17.44999586,78.34442848,Assigned,2025-08-18 08:52:51
C02983,Road crack,Road crack. Second exactly third central service likely summer prove.,Roads,High,88,39,False,17.51149077,78.60240099,Closed,2026-05-16 08:52:51
C02984,Damaged playground,Damaged playground. Major ok green yourself every simple actually hold one not response happy half religious according financial.,Parks,High,67,5,False,17.27705516,78.54602011,Assigned,2025-12-09 08:52:51
C02985,Sewage overflow,Sewage overflow. Bill second throughout parent agreement onto eye describe skill memory admit.,Drainage,Medium,29,73,False,17.35118166,78.4821804,Assigned,2026-04-03 08:52:51
C02986,Power outage,Power outage. Price water ever first first memory even other hard radio career firm ten vote might.,Electrical,Medium,31,10,False,17.50557227,78.41773972,Pending,2025-09-30 08:52:51
C02987,Unsafe area,Unsafe area. Level increase evening energy keep national mind rather particular road eye national everything.,Public Safety,High,92,78,False,17.38137276,78.44191624,In Progress,2025-08-17 08:52:51
C02988,Pothole on road,Pothole on road. Local sort society painting level chance rich ready eight home minute day it bar shoulder step.,Roads,Medium,33,89,False,17.27763042,78.48400453,Resolved,2025-10-01 08:52:51
C02989,Overflowing waste bins,Overflowing waste bins. Improve body group deal bank ten movie production stay consider.,Sanitation,High,89,73,False,17.44584563,78.45994424,Assigned,2025-08-23 08:52:51
C02990,Water leakage,Water leakage. Road score first describe star send wife age candidate save investment bag so themselves.,Water Supply,Low,12,48,False,17.38851921,78.38885551,Pending,2026-05-07 08:52:51
C02991,Damaged playground,Damaged playground. Compare short report type almost right anyone worry including party less lot.,Parks,Medium,30,19,False,17.47118137,78.41639566,In Progress,2026-01-15 08:52:51
C02992,Loose electric wire,Loose electric wire. Break general nation protect trade rest per police international response exist information significant impact.,Electrical,Medium,45,54,False,17.38378564,78.60145452,Resolved,2025-07-26 08:52:51
C02993,Water leakage,Water leakage. Set ready deal great brother main ground crime imagine at book indeed ready truth language these.,Water Supply,Low,13,42,False,17.2808706,78.49670116,In Progress,2025-06-23 08:52:51
C02994,Trash accumulation,Trash accumulation. Town simple detail out full once between.,Sanitation,Low,21,39,False,17.25892835,78.54102138,Resolved,2026-01-22 08:52:51
C02995,Unsafe area,Unsafe area. Four break many improve action since more wonder.,Public Safety,Low,18,46,False,17.52379114,78.41210984,Pending,2026-04-20 08:52:51
C02996,Waterlogging,Waterlogging. Key through section career skill top various strong pay change claim suffer anything into.,Drainage,High,57,63,False,17.3534638,78.48804841,Resolved,2025-12-12 08:52:51
C02997,Trash accumulation,Trash accumulation. Law Congress financial authority hope police back a.,Sanitation,Medium,50,32,False,17.28154474,78.36284715,Resolved,2025-06-23 08:52:51
C02998,Road crack,Road crack. Network dog show heavy officer sit popular clearly in however break western.,Roads,Medium,47,6,False,17.39498566,78.57350643,Assigned,2026-04-17 08:52:51
C02999,No water supply,No water supply. Every data suggest moment across material wrong door own national always decade.,Water Supply,Medium,34,19,False,17.48251063,78.48587843,Closed,2025-12-28 08:52:51
C03000,Illegal parking,Illegal parking. Boy character heart become not election clearly gas.,Traffic,Medium,41,65,True,17.52380671,78.4770198,Resolved,2026-04-18 08:52:51
C03001,Loose electric wire,Loose electric wire. His artist include field series long radio ready realize.,Electrical,Low,9,54,False,17.52909102,78.46051748,Assigned,2025-11-17 08:52:51
C03002,Abandoned vehicle,Abandoned vehicle. He camera research explain could member one treat property become trial.,Public Safety,Low,9,54,True,17.44219979,78.36391189,Assigned,2025-11-14 08:52:51
C03003,Road crack,Road crack. Which beyond third develop seem do then the than staff win dinner property tend why.,Roads,Medium,30,75,False,17.40065478,78.51565727,Pending,2025-09-12 08:52:51
C03004,Street light not working,Street light not working. Standard student so simply others national sense yeah lawyer understand.,Electrical,Critical,81,60,False,17.48682766,78.35323304,Closed,2025-08-14 08:52:51
C03005,Abandoned vehicle,Abandoned vehicle. Kind including the difficult significant authority painting sing turn until he important ground garden pay.,Public Safety,Medium,44,93,False,17.42495083,78.50491718,Resolved,2026-03-12 08:52:51
C03006,Loose electric wire,Loose electric wire. Benefit once finish she dinner help cost central coach beyond Republican sometimes film agent capital.,Electrical,Medium,43,32,False,17.33049967,78.50684963,Pending,2025-10-19 08:52:51
C03007,Illegal parking,Illegal parking. Outside develop national adult book prevent short body.,Traffic,High,70,78,False,17.43245888,78.38654733,In Progress,2025-07-11 08:52:51
C03008,Garbage not collected,Garbage not collected. Fear air loss carry fast fine before because.,Sanitation,Low,10,88,False,17.26127443,78.5557564,Closed,2026-04-10 08:52:51
C03009,Road crack,Road crack. Increase along hair cold buy under fast to.,Roads,Critical,98,83,False,17.28611477,78.50264271,Resolved,2025-12-16 08:52:51
C03010,Loose electric wire,Loose electric wire. Take argue network knowledge someone most dream term process option.,Electrical,High,57,29,False,17.3015219,78.63639709,Pending,2025-06-13 08:52:51
C03011,Traffic signal failure,Traffic signal failure. Half with attorney practice eye other stand report.,Traffic,Critical,84,79,False,17.2609444,78.48774075,Pending,2026-02-16 08:52:51
C03012,Unsafe area,Unsafe area. Character offer indicate huge economic let such four baby over three fact.,Public Safety,Critical,95,69,True,17.26222284,78.55282964,Pending,2025-09-30 08:52:51
C03013,Public nuisance,Public nuisance. Job happy production people yourself simple recognize kitchen enter million coach crime southern while.,Public Safety,High,70,36,False,17.28351723,78.4318457,In Progress,2026-02-12 08:52:51
C03014,Public nuisance,Public nuisance. Better even actually board wide always candidate create down.,Public Safety,Medium,50,21,False,17.42076433,78.3391263,Resolved,2026-02-09 08:52:51
C03015,Traffic signal failure,Traffic signal failure. Forget agree significant current hear yeah paper wait pay similar.,Traffic,High,81,24,False,17.37287813,78.59822484,Closed,2026-02-12 08:52:51
C03016,Loose electric wire,Loose electric wire. Station film raise she accept room issue music small around play election.,Electrical,Critical,84,14,True,17.42932677,78.54756787,Closed,2025-12-28 08:52:51
C03017,Park maintenance issue,Park maintenance issue. Mother page water from behind spring worry rather manager.,Parks,High,56,21,False,17.24218802,78.45845267,Pending,2026-02-03 08:52:51
C03018,Overflowing waste bins,Overflowing waste bins. American language discover special street east have role parent high.,Sanitation,High,95,26,False,17.35641999,78.37187581,Pending,2025-08-25 08:52:51
C03019,Drain blockage,Drain blockage. Bring though four wrong our face study security finish three state single window you decision security.,Drainage,Critical,92,90,False,17.35851,78.54297901,Closed,2025-11-29 08:52:51
C03020,Power outage,Power outage. Another member story anything whether increase article street these deep perform.,Electrical,High,82,1,False,17.49605055,78.48440742,Pending,2025-09-03 08:52:51
C03021,Water leakage,Water leakage. Describe song apply hard similar develop Democrat red bed do summer describe cost management.,Water Supply,High,62,17,False,17.2404017,78.33926924,Closed,2025-08-09 08:52:51
C03022,Public nuisance,Public nuisance. Cover them happy take than thousand likely themselves international why.,Public Safety,Medium,44,77,False,17.3456003,78.59044974,In Progress,2025-11-04 08:52:51
C03023,Abandoned vehicle,Abandoned vehicle. Forget language memory listen support keep me leave let Mr two check.,Public Safety,High,64,5,False,17.26406516,78.39824109,Closed,2026-04-28 08:52:51
C03024,Loose electric wire,Loose electric wire. Home decision recognize summer since dinner significant nor choose inside which contain us course.,Electrical,Low,25,97,False,17.24343824,78.54682788,Closed,2025-10-08 08:52:51
C03025,Abandoned vehicle,Abandoned vehicle. Customer wrong long plant increase training certain billion not.,Public Safety,High,57,36,False,17.2939531,78.40346153,Closed,2026-03-19 08:52:51
C03026,Pothole on road,Pothole on road. Yourself contain return process talk student name.,Roads,Medium,43,26,False,17.5096274,78.4037525,Pending,2026-01-12 08:52:51
C03027,Illegal parking,Illegal parking. Side pattern allow often upon together purpose left firm own will team human stand.,Traffic,Medium,38,84,False,17.40539659,78.43783345,In Progress,2025-12-26 08:52:51
C03028,Trash accumulation,Trash accumulation. Fund himself might follow treat require off shake weight lead father arrive PM soldier he.,Sanitation,High,83,52,False,17.36587997,78.57280618,Assigned,2026-02-16 08:52:51
C03029,Pothole on road,Pothole on road. Situation money almost coach compare film particularly put season store enough west bad Congress development.,Roads,Low,21,25,False,17.2434364,78.59150569,Assigned,2025-06-27 08:52:51
C03030,Overflowing waste bins,Overflowing waste bins. Beyond best course outside better method theory pay although brother rich.,Sanitation,Low,10,15,False,17.50187453,78.53161564,Assigned,2026-05-15 08:52:51
C03031,Sewage overflow,Sewage overflow. Single occur trade federal building consumer although.,Drainage,Low,18,40,False,17.39278426,78.38824118,Pending,2025-11-15 08:52:51
C03032,Loose electric wire,Loose electric wire. Hit need industry community number particularly scene.,Electrical,Medium,46,83,False,17.41663271,78.5660616,Closed,2026-04-12 08:52:51
C03033,Broken bench,Broken bench. Create they interest poor show surface budget response accept form pass report study charge others.,Parks,Critical,87,12,False,17.33857506,78.62145965,Resolved,2025-12-15 08:52:51
C03034,No water supply,No water supply. Sit matter television risk because spring these focus daughter science pull real.,Water Supply,High,88,9,False,17.43292242,78.37348415,Assigned,2025-06-16 08:52:51
C03035,Loose electric wire,Loose electric wire. They central same protect standard live as minute young kitchen piece daughter across.,Electrical,Medium,46,69,True,17.42944945,78.60211403,Assigned,2026-01-09 08:52:51
C03036,Pothole on road,Pothole on road. Task suggest story level its list dream blood loss together professor first.,Roads,High,88,81,False,17.44080793,78.41135166,Resolved,2025-10-17 08:52:51
C03037,Damaged playground,Damaged playground. Leave thank himself film small star myself civil baby huge future young market.,Parks,Medium,26,17,False,17.3509771,78.5487353,Closed,2025-09-08 08:52:51
C03038,Illegal parking,Illegal parking. Official discussion relationship so quality within from speak sing.,Traffic,Low,2,65,False,17.40771963,78.55296549,In Progress,2025-08-20 08:52:51
C03039,Pothole on road,Pothole on road. View science happen together policy these study bit discussion research citizen somebody already.,Roads,Medium,41,91,False,17.24525727,78.42368668,Resolved,2025-11-21 08:52:51
C03040,Waterlogging,Waterlogging. Finally soldier probably watch minute style explain choose industry these and finish trouble democratic.,Drainage,High,59,84,False,17.36341023,78.58057039,Resolved,2025-07-14 08:52:51
C03041,Illegal parking,Illegal parking. Shake but president friend sing win article how arm but.,Traffic,High,68,28,False,17.4035982,78.37178561,Closed,2025-12-15 08:52:51
C03042,Sewage overflow,Sewage overflow. Box toward operation free war listen such forget field mission necessary experience health eat blood book.,Drainage,Low,22,83,False,17.38211585,78.36061704,Resolved,2025-10-28 08:52:51
C03043,Garbage not collected,Garbage not collected. Doctor really speak this ten stuff ten vote billion.,Sanitation,High,70,95,False,17.4517882,78.5250227,Assigned,2025-08-05 08:52:51
C03044,Sewage overflow,Sewage overflow. Difficult commercial hospital fish executive attack hold raise health television investment long condition particular recognize according.,Drainage,Low,17,80,False,17.41535821,78.45321966,Closed,2025-10-17 08:52:51
C03045,Trash accumulation,Trash accumulation. Fall tell daughter answer information main marriage side manage.,Sanitation,High,60,4,False,17.43418583,78.35937558,Resolved,2025-07-08 08:52:51
C03046,No water supply,No water supply. Debate responsibility city west security material buy collection those into want hundred lead else.,Water Supply,Low,3,42,False,17.31462867,78.44824252,In Progress,2026-04-14 08:52:51
C03047,Pothole on road,Pothole on road. Physical somebody above clearly then edge serve four position into full consumer story ask.,Roads,Medium,50,1,False,17.45718487,78.34302795,Closed,2025-09-05 08:52:51
C03048,Damaged playground,Damaged playground. Hot always or agreement husband onto measure figure defense impact see.,Parks,Low,7,7,False,17.49761,78.3905845,Resolved,2025-09-08 08:52:51
C03049,Sewage overflow,Sewage overflow. Indeed prove ten cell be cultural common successful state human final should soon surface.,Drainage,Low,5,38,False,17.49735288,78.55242194,Pending,2025-07-24 08:52:51
C03050,Broken bench,Broken bench. Support indeed deal consumer heavy throughout share individual security they yet into.,Parks,Critical,81,78,False,17.4552524,78.55882577,In Progress,2026-03-16 08:52:51
C03051,Broken bench,Broken bench. Anyone day everything physical way president religious Congress reason nor walk.,Parks,High,53,75,False,17.50539331,78.51671314,Resolved,2025-06-28 08:52:51
C03052,Unsafe area,Unsafe area. Strong economic news hard such good computer gas country city much small.,Public Safety,Low,3,39,False,17.33688924,78.57400506,Assigned,2025-11-29 08:52:51
C03053,Drain blockage,Drain blockage. Focus life next few management store from.,Drainage,Low,17,99,False,17.36580911,78.40458196,Pending,2025-12-05 08:52:51
C03054,Power outage,Power outage. Rise own discover soldier hard plant through sister process government win environmental stand dog gun financial.,Electrical,High,73,91,False,17.36348948,78.53508053,Pending,2026-02-11 08:52:51
C03055,Park maintenance issue,Park maintenance issue. Exactly dinner reach charge outside leave live business media this laugh doctor.,Parks,High,53,90,False,17.4633199,78.46488202,Resolved,2026-01-09 08:52:51
C03056,Power outage,Power outage. Bring yeah bring hair themselves pay watch degree TV identify man score interest.,Electrical,High,68,40,False,17.52451205,78.58959408,Resolved,2025-11-13 08:52:51
C03057,Trash accumulation,Trash accumulation. Become skill environment two when southern try turn professional key onto experience tough effort.,Sanitation,High,74,56,False,17.24047658,78.38127805,Closed,2025-08-13 08:52:51
C03058,Power outage,Power outage. Sit rich suffer down executive support work at up deal major reflect player executive.,Electrical,Medium,39,47,False,17.28625038,78.41530095,Pending,2025-11-26 08:52:51
C03059,Road crack,Road crack. Leave establish some wall focus someone else board call laugh.,Roads,Medium,26,94,False,17.38144715,78.38074887,Resolved,2025-10-18 08:52:51
C03060,Drain blockage,Drain blockage. Letter boy analysis fire say build debate sometimes feeling behavior charge fish language Republican.,Drainage,High,99,80,False,17.25836638,78.58077571,Assigned,2025-09-02 08:52:51
C03061,Loose electric wire,Loose electric wire. Ability buy audience risk sea both either most free environment rise tonight once around.,Electrical,Medium,37,4,False,17.37007938,78.63321349,Closed,2025-10-06 08:52:51
C03062,Abandoned vehicle,Abandoned vehicle. When middle be hope have structure short seven nice realize benefit build page.,Public Safety,Low,6,33,False,17.45472817,78.38562785,Pending,2026-04-30 08:52:51
C03063,Traffic signal failure,Traffic signal failure. Yet street seat allow out whatever animal thousand method three mother nor partner body.,Traffic,Low,17,58,False,17.35251145,78.53873737,Closed,2025-09-27 08:52:51
C03064,Broken bench,Broken bench. Stay explain generation capital management decision together magazine available low read clear education leave night use.,Parks,Medium,41,35,False,17.24482839,78.35922847,In Progress,2026-05-12 08:52:51
C03065,Garbage not collected,Garbage not collected. Less see to how from try million share force husband actually all feeling.,Sanitation,High,52,17,False,17.27668937,78.62328127,In Progress,2025-12-03 08:52:51
C03066,Traffic signal failure,Traffic signal failure. Mouth thank report individual last themselves recent later remember.,Traffic,High,83,31,False,17.24716777,78.61607842,Resolved,2026-01-15 08:52:51
C03067,Street light not working,Street light not working. Small energy table certain three property fire those camera who phone type they sea term.,Electrical,Critical,97,81,False,17.42188317,78.53618625,In Progress,2026-02-17 08:52:51
C03068,Water leakage,Water leakage. Guess action explain key reason foreign design at different reflect item I moment price.,Water Supply,High,88,11,False,17.34784051,78.54796976,In Progress,2025-09-25 08:52:51
C03069,Sewage overflow,Sewage overflow. Data often another candidate court environmental result just speech type article day store economy.,Drainage,High,86,66,False,17.46527488,78.4795002,In Progress,2025-12-01 08:52:51
C03070,Public nuisance,Public nuisance. Decision alone return get me across air poor.,Public Safety,Medium,41,36,False,17.49829008,78.49846049,Resolved,2025-08-08 08:52:51
C03071,Waterlogging,Waterlogging. Experience window accept draw hotel yeah political hope off up power control but wonder would fear.,Drainage,Medium,38,57,True,17.31874535,78.42124419,In Progress,2025-10-20 08:52:51
C03072,Public nuisance,Public nuisance. Best specific customer memory ever break civil call feeling realize director wide.,Public Safety,High,73,35,True,17.33296963,78.45399827,Resolved,2026-05-22 08:52:51
C03073,Road crack,Road crack. Challenge child the law fund ago total like major food movie religious vote work particular.,Roads,High,72,50,False,17.38602196,78.34560143,Pending,2026-05-03 08:52:51
C03074,Overflowing waste bins,Overflowing waste bins. Professor respond add accept position serious talk laugh maintain which rate century computer one.,Sanitation,Medium,38,6,True,17.33859422,78.47319338,Resolved,2026-04-03 08:52:51
C03075,Traffic signal failure,Traffic signal failure. Year when here total mention huge price keep mother mention state travel.,Traffic,High,71,61,False,17.24816025,78.60966352,Closed,2026-05-29 08:52:51
C03076,Unsafe area,Unsafe area. Represent central glass region even artist industry consumer suddenly station.,Public Safety,Low,20,51,False,17.38212546,78.44453136,Closed,2025-09-23 08:52:51
C03077,No water supply,No water supply. Customer change always school student try three cover among until realize PM almost design.,Water Supply,Medium,49,19,False,17.38758628,78.40500722,Resolved,2026-04-16 08:52:51
C03078,Damaged pavement,Damaged pavement. Treat she strong box write firm line suggest.,Roads,Medium,49,6,False,17.45163196,78.47085475,Closed,2025-06-24 08:52:51
C03079,Traffic congestion,Traffic congestion. Lawyer realize generation for article concern strategy maintain focus.,Traffic,Critical,92,91,False,17.3679182,78.38743631,Closed,2025-10-08 08:52:51
C03080,Sewage overflow,Sewage overflow. Quite follow produce important also economy term stuff.,Drainage,Low,16,25,False,17.30044493,78.45928104,Assigned,2025-09-08 08:52:51
C03081,Garbage not collected,Garbage not collected. Lay real Mr upon attorney moment line quite that themselves main into space.,Sanitation,High,70,46,False,17.48335409,78.53771001,Assigned,2025-11-22 08:52:51
C03082,Drain blockage,Drain blockage. Do own present impact exactly treatment answer our become.,Drainage,Medium,44,36,False,17.40555903,78.40950243,Closed,2025-09-10 08:52:51
C03083,Unsafe area,Unsafe area. Positive now during hand even fact firm box three notice.,Public Safety,Medium,32,6,False,17.34670973,78.61312658,Pending,2026-04-26 08:52:51
C03084,Water leakage,Water leakage. Never direction even reach nation actually western also former her down require one positive onto team.,Water Supply,Medium,42,99,False,17.40733008,78.42849715,Pending,2026-01-19 08:52:51
C03085,Unsafe area,Unsafe area. Response general defense democratic include paper sometimes expert low within head time my put.,Public Safety,Low,13,72,False,17.52919957,78.61696744,Pending,2026-03-23 08:52:51
C03086,Damaged playground,Damaged playground. Republican expect risk drive produce he five industry ok quickly generation good girl never.,Parks,High,73,56,False,17.24200329,78.52742438,Closed,2026-04-03 08:52:51
C03087,Waterlogging,Waterlogging. Evening catch stock everyone cover us however mean expect cold phone describe adult cold.,Drainage,Critical,97,5,False,17.49471566,78.51746663,In Progress,2026-02-08 08:52:51
C03088,Illegal parking,Illegal parking. Long pay stay part design treatment why myself man about science money main serve public.,Traffic,High,72,30,False,17.29060171,78.61135099,Assigned,2025-11-24 08:52:51
C03089,Broken bench,Broken bench. High society picture girl step sit population person difficult.,Parks,Medium,36,75,True,17.35446359,78.34192544,Assigned,2025-08-10 08:52:51
C03090,Traffic signal failure,Traffic signal failure. Over rate civil century doctor generation fund bed then structure them mission organization himself new.,Traffic,High,56,99,False,17.28269883,78.52932977,Closed,2025-06-30 08:52:51
C03091,Road crack,Road crack. Blue understand country know party where direction.,Roads,High,51,63,False,17.4297271,78.36944302,Resolved,2025-12-22 08:52:51
C03092,Garbage not collected,Garbage not collected. Be industry type full store out environmental.,Sanitation,High,81,20,False,17.50555126,78.44752526,Pending,2025-09-03 08:52:51
C03093,Trash accumulation,Trash accumulation. True risk forward lose north husband far situation among.,Sanitation,Medium,33,3,False,17.29688065,78.45676285,Closed,2025-10-01 08:52:51
C03094,Park maintenance issue,Park maintenance issue. Study cost poor politics kind final ahead before tax.,Parks,High,57,15,False,17.35066679,78.38198298,Pending,2025-08-31 08:52:51
C03095,Pothole on road,Pothole on road. Word decision recently activity improve anyone necessary security process here white maybe ever.,Roads,Medium,37,43,False,17.44221953,78.35881229,Assigned,2025-09-04 08:52:51
C03096,Traffic congestion,Traffic congestion. Method political cell back rate write most air national event career.,Traffic,Medium,48,58,False,17.39872519,78.42930376,In Progress,2025-11-17 08:52:51
C03097,Illegal parking,Illegal parking. Cup positive plant return make physical stuff none after economy him wear.,Traffic,High,83,78,True,17.31670802,78.33676779,Assigned,2026-04-25 08:52:51
C03098,Power outage,Power outage. Hear important action time sea as interview employee gas order particular region matter business.,Electrical,Low,23,97,False,17.47638806,78.55599004,In Progress,2025-10-23 08:52:51
C03099,Unsafe area,Unsafe area. Woman describe stand model reveal smile trouble drop wonder lay agree none support particular rather argue.,Public Safety,Critical,91,48,False,17.5151678,78.62874101,Pending,2025-09-28 08:52:51
C03100,Unsafe area,Unsafe area. Together personal run north beat care worry wife page when seem attorney.,Public Safety,Low,4,25,False,17.29976857,78.43915497,Pending,2025-12-01 08:52:51
C03101,Sewage overflow,Sewage overflow. About sing father coach take off small position two we sing long theory.,Drainage,Low,0,87,False,17.45441882,78.59482729,In Progress,2025-07-04 08:52:51
C03102,Loose electric wire,Loose electric wire. Loss responsibility camera treat brother purpose send buy.,Electrical,Low,18,56,False,17.52782557,78.57194793,Closed,2025-09-08 08:52:51
C03103,No water supply,No water supply. Chair real follow short movement Republican such wind attention social dream mean buy short speech.,Water Supply,High,68,86,False,17.24306597,78.42892511,Resolved,2025-08-30 08:52:51
C03104,Pipeline burst,Pipeline burst. Shoulder method work for easy yard she friend pressure.,Water Supply,High,71,65,False,17.26917726,78.40644953,Resolved,2026-01-23 08:52:51
C03105,Power outage,Power outage. Various address rule position almost all when.,Electrical,Medium,36,54,False,17.30024348,78.3388205,Resolved,2025-06-20 08:52:51
C03106,Loose electric wire,Loose electric wire. Hand as whole them project here measure southern study true sit huge at newspaper tree.,Electrical,Medium,32,13,False,17.38652901,78.55205027,Resolved,2025-06-21 08:52:51
C03107,Water leakage,Water leakage. Meeting into manage maybe throw agreement performance.,Water Supply,High,51,48,False,17.40019396,78.50596527,Assigned,2025-10-11 08:52:51
C03108,No water supply,No water supply. Laugh leg difficult yet out central middle their customer while task recent call.,Water Supply,Low,2,47,False,17.40375541,78.41715382,Closed,2026-05-10 08:52:51
C03109,Park maintenance issue,Park maintenance issue. Break rule peace challenge democratic southern attorney pass notice when myself nation.,Parks,Low,3,31,False,17.39793953,78.55427951,Resolved,2026-05-09 08:52:51
C03110,Water leakage,Water leakage. Service year real staff particularly significant family heavy these he color.,Water Supply,Low,16,51,True,17.31904765,78.36051593,Assigned,2025-08-13 08:52:51
C03111,Illegal parking,Illegal parking. Travel whole five either stop course arm south poor pull according admit part.,Traffic,Critical,83,77,True,17.29534768,78.52247235,Assigned,2026-01-31 08:52:51
C03112,Loose electric wire,Loose electric wire. Her culture positive prepare none Mrs whom positive.,Electrical,Low,21,2,False,17.28022675,78.45012494,Closed,2025-11-01 08:52:51
C03113,Broken bench,Broken bench. Offer act region education another guy yes fight physical range interview dog number fast.,Parks,High,55,5,False,17.36571245,78.34062303,Pending,2025-08-07 08:52:51
C03114,Traffic congestion,Traffic congestion. Section turn difficult bag stop early successful player capital someone would all admit choose point.,Traffic,Medium,34,23,False,17.49613879,78.58516345,Pending,2025-08-29 08:52:51
C03115,Abandoned vehicle,Abandoned vehicle. Model whatever lead raise decide moment direction according such.,Public Safety,High,90,85,False,17.36895643,78.60759283,Resolved,2026-01-31 08:52:51
C03116,Damaged pavement,Damaged pavement. Season this begin people benefit cultural life recently account.,Roads,High,82,48,False,17.44556704,78.54783081,In Progress,2025-10-22 08:52:51
C03117,No water supply,No water supply. Very sport year body seem building way investment office along let especially stock land Mrs.,Water Supply,Medium,38,80,False,17.37955316,78.62208018,In Progress,2025-11-02 08:52:51
C03118,Trash accumulation,Trash accumulation. Forget whether sign action week employee already process media.,Sanitation,High,55,37,False,17.35650102,78.55883376,Closed,2026-04-06 08:52:51
C03119,Road crack,Road crack. Former head eat each production color thank whose goal.,Roads,High,85,73,False,17.29361258,78.59178531,In Progress,2026-05-01 08:52:51
C03120,Sewage overflow,Sewage overflow. Growth kind again better political live leg yet personal project.,Drainage,High,57,23,False,17.34742922,78.36635993,Closed,2026-03-02 08:52:51
C03121,Damaged pavement,Damaged pavement. Stop blue look begin build run culture reality can deep Republican become blue.,Roads,Medium,43,98,False,17.34467697,78.42797828,In Progress,2026-01-30 08:52:51
C03122,Drain blockage,Drain blockage. Imagine group although sell word relate truth discussion they material idea.,Drainage,High,77,53,False,17.30957006,78.50492967,Assigned,2026-02-25 08:52:51
C03123,Damaged playground,Damaged playground. Network whatever focus number interview clearly policy space production artist possible notice question political set.,Parks,High,91,6,False,17.2536402,78.35606439,Pending,2026-01-05 08:52:51
C03124,Trash accumulation,Trash accumulation. Use total town office staff identify left expert.,Sanitation,Critical,83,47,False,17.52387998,78.59988905,Closed,2026-03-25 08:52:51
C03125,Garbage not collected,Garbage not collected. Quite reality building out exactly pay to loss responsibility mouth claim size major food.,Sanitation,Low,25,62,False,17.23803332,78.57832192,Resolved,2025-09-29 08:52:51
C03126,No water supply,No water supply. Part throughout possible side available year act range on share lot radio down.,Water Supply,High,77,19,False,17.52660526,78.38622251,Pending,2026-03-22 08:52:51
C03127,Power outage,Power outage. Least occur believe security education later here today benefit citizen drop gun rather reflect.,Electrical,Medium,27,8,False,17.51480405,78.34494064,Pending,2026-02-25 08:52:51
C03128,Sewage overflow,Sewage overflow. Figure fire hear less two under according cell gas analysis different.,Drainage,High,54,18,True,17.52295338,78.61782026,Closed,2025-12-04 08:52:51
C03129,Waterlogging,Waterlogging. Nature bad ok price still soon central page bar talk.,Drainage,Low,14,98,False,17.44655361,78.46363688,In Progress,2025-07-08 08:52:51
C03130,No water supply,No water supply. Go want red fire figure what reveal soon live nor leader indeed last agreement position.,Water Supply,Medium,48,26,True,17.43268194,78.49191548,Closed,2025-07-16 08:52:51
C03131,Damaged playground,Damaged playground. Cultural explain song career middle feeling build night.,Parks,High,54,15,False,17.28135612,78.4003094,Closed,2026-03-26 08:52:51
C03132,Waterlogging,Waterlogging. Left eight story easy argue become street gun.,Drainage,High,73,47,False,17.43917387,78.51996068,In Progress,2026-05-14 08:52:51
C03133,Broken bench,Broken bench. Within television newspaper majority form interview myself deep choose company compare stock collection.,Parks,Low,10,85,False,17.52445819,78.51276115,Resolved,2026-03-22 08:52:51
C03134,Drain blockage,Drain blockage. Health while ball simply own candidate born customer study land return drop reason data four.,Drainage,High,73,46,False,17.49047946,78.43589522,In Progress,2026-02-12 08:52:51
C03135,Loose electric wire,Loose electric wire. Rock direction decade fund local employee know everything professional specific evidence stage.,Electrical,Low,23,99,False,17.2993197,78.48366307,Closed,2025-09-27 08:52:51
C03136,Loose electric wire,Loose electric wire. Talk character mention throughout stage hair force unit trouble.,Electrical,High,76,65,False,17.44009905,78.37558163,Resolved,2026-02-22 08:52:51
C03137,Illegal parking,Illegal parking. Similar role investment compare north fight training design season.,Traffic,Critical,87,96,False,17.27607489,78.48201179,Closed,2025-06-14 08:52:51
C03138,Loose electric wire,Loose electric wire. Consumer serious wish skill development blood home ask marriage even seat drop.,Electrical,High,58,29,True,17.37131253,78.56137092,Resolved,2026-03-01 08:52:51
C03139,Public nuisance,Public nuisance. Size memory information order operation sister middle today anything away.,Public Safety,High,68,23,False,17.43678774,78.40918004,Pending,2026-02-24 08:52:51
C03140,No water supply,No water supply. View land anyone that who enjoy suggest around indicate you offer.,Water Supply,Low,20,94,False,17.29196994,78.48041038,Assigned,2026-01-06 08:52:51
C03141,No water supply,No water supply. Social support their across still dark young forget air structure pass hotel.,Water Supply,Medium,41,2,False,17.3658122,78.49038431,Resolved,2026-02-16 08:52:51
C03142,Garbage not collected,Garbage not collected. Send painting quite fast career sea policy window seek law much.,Sanitation,High,97,42,False,17.46756459,78.49433603,Resolved,2026-03-05 08:52:51
C03143,Drain blockage,Drain blockage. Simple until despite discover discuss door level because blue beautiful doctor.,Drainage,High,82,8,False,17.30172574,78.63098081,Assigned,2025-12-05 08:52:51
C03144,Overflowing waste bins,Overflowing waste bins. Will not suggest floor gun industry list career.,Sanitation,Medium,49,88,False,17.49969414,78.3610607,Pending,2026-01-12 08:52:51
C03145,Traffic congestion,Traffic congestion. Simple marriage reality agree feeling be movie leave we eight walk seven many child edge later.,Traffic,Medium,26,82,False,17.48163345,78.49259283,Closed,2025-08-28 08:52:51
C03146,Park maintenance issue,Park maintenance issue. Sign any hold within remain term several require pass position director grow position.,Parks,High,65,57,False,17.26533403,78.48862315,Closed,2025-11-30 08:52:51
C03147,Unsafe area,Unsafe area. News month fight doctor series senior shake project increase contain wonder listen experience less five.,Public Safety,Medium,39,17,False,17.51901735,78.48205108,In Progress,2025-08-05 08:52:51
C03148,Sewage overflow,Sewage overflow. Particular again themselves evidence its accept without response effect method stand cultural note prevent.,Drainage,Low,11,10,False,17.36110821,78.49257574,Closed,2026-03-04 08:52:51
C03149,Sewage overflow,Sewage overflow. Like blood herself walk perform nation card deep success there ok bag value in specific.,Drainage,Low,14,10,False,17.4546254,78.61496529,Closed,2026-01-11 08:52:51
C03150,Public nuisance,Public nuisance. Page PM campaign cause including more resource world page big address far.,Public Safety,Medium,34,82,False,17.52134482,78.56505922,Assigned,2025-10-05 08:52:51
C03151,Trash accumulation,Trash accumulation. Blood necessary future street source once human daughter event past feeling imagine.,Sanitation,Medium,32,32,False,17.25491309,78.4838796,Assigned,2026-05-20 08:52:51
C03152,Park maintenance issue,Park maintenance issue. Occur nor food where note voice contain start price then strong today effect.,Parks,High,52,31,False,17.46797352,78.40969205,Assigned,2025-12-18 08:52:51
C03153,Waterlogging,Waterlogging. Thank by ever eye dark skill politics card dark age support success PM.,Drainage,Critical,87,74,False,17.4952801,78.54526899,Assigned,2025-08-08 08:52:51
C03154,Water leakage,Water leakage. Speak employee million story network finally someone understand rich student expert together ten traditional.,Water Supply,High,94,74,False,17.47698026,78.62062098,Assigned,2025-11-06 08:52:51
C03155,Pothole on road,Pothole on road. Trip white end site summer design center deal poor these those another something green.,Roads,High,54,28,False,17.25875312,78.56268771,Closed,2026-03-11 08:52:51
C03156,Overflowing waste bins,Overflowing waste bins. Arrive body such relationship available simple natural wife ground mention significant TV.,Sanitation,Low,25,16,False,17.2842916,78.51893094,Closed,2026-05-22 08:52:51
C03157,Park maintenance issue,Park maintenance issue. Maybe until study guy sort imagine including hair likely Mr.,Parks,High,85,0,False,17.49576831,78.5134121,In Progress,2025-09-01 08:52:51
C03158,Unsafe area,Unsafe area. Statement one week throughout quite eight series street radio job call bag.,Public Safety,High,76,16,False,17.28228631,78.54806736,Closed,2026-01-22 08:52:51
C03159,Drain blockage,Drain blockage. Talk church fish wind tonight someone put who positive chance government bill.,Drainage,Low,15,95,False,17.30985772,78.33786626,Assigned,2025-10-17 08:52:51
C03160,Street light not working,Street light not working. Soldier case factor along home degree probably ten evening world compare foot perform still president.,Electrical,High,63,65,False,17.26214948,78.52135716,Resolved,2026-02-17 08:52:51
C03161,Waterlogging,Waterlogging. Ready policy fund visit place minute war exactly minute onto be how game discover change.,Drainage,Medium,35,86,False,17.31383479,78.41636727,Assigned,2026-03-04 08:52:51
C03162,Abandoned vehicle,Abandoned vehicle. Strategy concern hotel dinner service movie task us management under.,Public Safety,High,52,8,False,17.34326157,78.40612154,Assigned,2025-11-12 08:52:51
C03163,Overflowing waste bins,Overflowing waste bins. History career cup certainly of institution pay much instead beat sense official head billion eye.,Sanitation,Low,5,76,False,17.40858208,78.40080089,Pending,2025-08-14 08:52:51
C03164,Loose electric wire,Loose electric wire. Arrive trip there factor perhaps care everything trouble marriage.,Electrical,Medium,37,97,False,17.38539797,78.55099392,Assigned,2025-12-27 08:52:51
C03165,Unsafe area,Unsafe area. Activity anyone feel here its ago actually wait.,Public Safety,Low,2,97,False,17.46920189,78.34419113,Resolved,2026-04-06 08:52:51
C03166,Road crack,Road crack. Decide career cultural true property treat politics activity money above example change determine.,Roads,High,53,5,False,17.39442658,78.62747919,Resolved,2025-10-01 08:52:51
C03167,Waterlogging,Waterlogging. Ground child simple health consider plan art contain fight though case add law know past explain.,Drainage,Medium,47,42,False,17.31037854,78.43913165,Assigned,2026-05-02 08:52:51
C03168,Pipeline burst,Pipeline burst. Sea miss audience fear sister trial capital bar order improve.,Water Supply,High,63,49,True,17.36427099,78.58541152,Pending,2026-03-03 08:52:51
C03169,Traffic congestion,Traffic congestion. Present account admit ability respond American carry scene along day various perform adult.,Traffic,High,62,6,False,17.41767261,78.60290646,Assigned,2025-11-21 08:52:51
C03170,Pothole on road,Pothole on road. Stand instead by ground ok hold security why happy.,Roads,Low,8,32,False,17.40197959,78.60531879,Closed,2025-08-20 08:52:51
C03171,Power outage,Power outage. Peace box back cover east newspaper second free attack food story expect fall word.,Electrical,Critical,84,55,False,17.53377135,78.56195084,Closed,2026-01-15 08:52:51
C03172,Garbage not collected,Garbage not collected. Friend nice second human near environment might structure fight position poor now military dark.,Sanitation,Medium,33,70,False,17.29398016,78.56518728,Closed,2025-07-30 08:52:51
C03173,Street light not working,Street light not working. Truth lose with safe bill place professional feel deal with somebody require.,Electrical,Medium,49,20,False,17.50721171,78.4488083,Closed,2025-12-20 08:52:51
C03174,Power outage,Power outage. Maybe democratic tonight member past mention rather year part than politics material.,Electrical,High,76,84,False,17.27594609,78.43212201,Assigned,2025-08-20 08:52:51
C03175,Illegal parking,Illegal parking. Win several production himself raise wall today police just cover.,Traffic,High,67,17,False,17.24402639,78.33900308,Resolved,2025-09-28 08:52:51
C03176,Damaged playground,Damaged playground. True cultural build bring national seem once learn against message.,Parks,Medium,31,48,False,17.5347513,78.5041621,Resolved,2025-07-17 08:52:51
C03177,Unsafe area,Unsafe area. Participant debate involve chair myself change least law heart we moment live happy focus listen fund.,Public Safety,Medium,34,79,True,17.26114287,78.43679305,Closed,2025-10-13 08:52:51
C03178,Street light not working,Street light not working. Of right office collection statement bring morning truth movement laugh ever firm grow long even nature.,Electrical,High,60,94,False,17.3416987,78.43500846,In Progress,2025-12-16 08:52:51
C03179,Park maintenance issue,Park maintenance issue. Expect evening important lead difficult keep fill themselves general establish day many able main out heart.,Parks,Low,14,7,False,17.30520112,78.43325258,Closed,2025-08-26 08:52:51
C03180,Abandoned vehicle,Abandoned vehicle. Go prove new long bill bit kitchen agent high risk season national relationship town analysis.,Public Safety,High,53,39,False,17.42428667,78.61820676,In Progress,2025-10-25 08:52:51
C03181,Street light not working,Street light not working. Quite expert adult arm fear fast deal very kind.,Electrical,High,59,59,False,17.44224802,78.62913432,Assigned,2025-11-10 08:52:51
C03182,Public nuisance,Public nuisance. Nor assume this Congress protect song prevent culture address task fall stuff question you seek.,Public Safety,High,82,38,False,17.52908668,78.45168747,Assigned,2026-01-10 08:52:51
C03183,Garbage not collected,Garbage not collected. Parent use concern mention might job information read especially.,Sanitation,Low,5,51,False,17.25315944,78.35076014,In Progress,2025-12-18 08:52:51
C03184,Park maintenance issue,Park maintenance issue. Business spend direction history building ball wear sport air benefit seem hundred road stand wrong participant.,Parks,Medium,49,44,False,17.51793519,78.39072096,Closed,2025-07-30 08:52:51
C03185,Traffic congestion,Traffic congestion. Pattern program enter pressure able check grow ball think expect summer.,Traffic,High,84,99,False,17.49336724,78.58221506,Closed,2025-07-14 08:52:51
C03186,Trash accumulation,Trash accumulation. Reach add meeting four serious draw amount team help father important focus.,Sanitation,High,64,28,False,17.46404481,78.56770387,Resolved,2025-12-19 08:52:51
C03187,Illegal parking,Illegal parking. Might network single administration real almost media explain recent church.,Traffic,High,57,15,False,17.38092338,78.35029436,Resolved,2026-04-29 08:52:51
C03188,Traffic signal failure,Traffic signal failure. Either trade fast nice bed put add traditional serious recent these course third.,Traffic,Low,15,56,False,17.4980888,78.55017425,Pending,2026-04-25 08:52:51
C03189,Park maintenance issue,Park maintenance issue. Single process federal task series suddenly glass anyone positive.,Parks,Low,13,29,False,17.50205229,78.55799563,Pending,2026-03-26 08:52:51
C03190,Road crack,Road crack. Really subject agreement wide various decide Republican.,Roads,High,90,5,False,17.34775513,78.61698187,Resolved,2025-10-01 08:52:51
C03191,Pipeline burst,Pipeline burst. Present along state arrive with word over eye day lot billion item son election run.,Water Supply,Medium,45,84,False,17.33390346,78.35284975,Closed,2025-06-16 08:52:51
C03192,Sewage overflow,Sewage overflow. Occur hot prepare free want upon green direction respond tax such trade media.,Drainage,Medium,36,23,False,17.39039129,78.38849302,Closed,2025-10-14 08:52:51
C03193,Trash accumulation,Trash accumulation. Walk bar style resource history score president energy catch civil.,Sanitation,High,55,69,False,17.28061673,78.37056387,Resolved,2025-09-06 08:52:51
C03194,Water leakage,Water leakage. Economy mission future candidate certainly nearly artist ever continue development billion cause voice need audience.,Water Supply,Medium,31,81,False,17.49871454,78.60759209,In Progress,2025-12-23 08:52:51
C03195,Illegal parking,Illegal parking. Something project result own statement still grow hundred nor heavy practice many campaign.,Traffic,High,52,5,False,17.29530279,78.54533572,In Progress,2026-04-12 08:52:51
C03196,No water supply,No water supply. Common foreign must message field house only product box employee central all.,Water Supply,Critical,91,39,False,17.3915196,78.51692051,Assigned,2025-12-10 08:52:51
C03197,Power outage,Power outage. Region player security enjoy star road suffer daughter available fire.,Electrical,High,53,67,False,17.39998206,78.38440207,Pending,2025-11-05 08:52:51
C03198,Pothole on road,Pothole on road. Deep ahead effect cover tough individual front month.,Roads,Low,15,1,False,17.26061155,78.43257717,Resolved,2026-05-18 08:52:51
C03199,Sewage overflow,Sewage overflow. Environmental beat its lay expert reality their machine fight than soon over natural plant.,Drainage,High,87,87,False,17.24903323,78.52289743,Closed,2025-07-07 08:52:51
C03200,Power outage,Power outage. Must letter pressure upon as describe kid realize major mouth green exactly sport.,Electrical,High,54,93,False,17.28458268,78.63242567,Pending,2025-07-02 08:52:51
C03201,Park maintenance issue,Park maintenance issue. Serve character bad growth value factor us Congress child hundred stop let sort full learn.,Parks,Low,20,49,True,17.29171478,78.33699933,Pending,2025-11-06 08:52:51
C03202,Power outage,Power outage. Evening operation manage evidence guess attorney necessary catch teach act information significant meeting recent.,Electrical,Low,0,70,True,17.28741966,78.48016328,Pending,2025-06-14 08:52:51
C03203,Garbage not collected,Garbage not collected. Center manager address great lose customer fish pretty better law.,Sanitation,Medium,26,37,False,17.52640743,78.4810538,Closed,2025-08-23 08:52:51
C03204,Water leakage,Water leakage. Upon high they book capital establish policy exactly party professional everybody leader could citizen.,Water Supply,High,67,44,False,17.50833378,78.41347917,Resolved,2025-06-14 08:52:51
C03205,Street light not working,Street light not working. Human various usually common threat rule nearly late lot car necessary sit.,Electrical,Medium,26,4,False,17.36495261,78.44974418,Resolved,2026-05-15 08:52:51
C03206,Sewage overflow,Sewage overflow. Wish article news serious pay light activity reduce particularly change.,Drainage,Medium,50,18,False,17.29602979,78.59833538,Assigned,2025-07-17 08:52:51
C03207,Sewage overflow,Sewage overflow. Staff read important short sister artist include large son sign blood.,Drainage,Low,11,38,False,17.24177022,78.44565266,Resolved,2025-10-11 08:52:51
C03208,Unsafe area,Unsafe area. Face upon forget rock arm common page school week word learn for you dog.,Public Safety,Low,25,82,False,17.40697141,78.52417557,Assigned,2026-05-28 08:52:51
C03209,Overflowing waste bins,Overflowing waste bins. Later clearly term company discussion sea condition practice keep character eye.,Sanitation,Low,22,88,False,17.39646772,78.41328294,Resolved,2026-04-29 08:52:51
C03210,Overflowing waste bins,Overflowing waste bins. More him send carry week they own final.,Sanitation,Low,22,36,False,17.44592574,78.47912922,Pending,2025-08-04 08:52:51
C03211,Road crack,Road crack. Sea just to difficult audience baby culture among against wish body international somebody amount.,Roads,Critical,81,58,False,17.32301304,78.55601428,Assigned,2025-09-21 08:52:51
C03212,Abandoned vehicle,Abandoned vehicle. Other tough whom under human issue simply raise.,Public Safety,Critical,84,84,False,17.42149206,78.35213931,Assigned,2025-11-26 08:52:51
C03213,Trash accumulation,Trash accumulation. Whose season knowledge thousand reality buy off light method parent measure across.,Sanitation,High,68,57,False,17.52880154,78.48898655,Resolved,2026-01-01 08:52:51
C03214,Pipeline burst,Pipeline burst. Simply report campaign record shake sometimes interest instead tough religious no.,Water Supply,Medium,49,5,False,17.31522845,78.41606983,Pending,2026-04-10 08:52:51
C03215,Sewage overflow,Sewage overflow. Bag happy star food something sport little current chance idea.,Drainage,High,63,12,False,17.36806722,78.39101408,Assigned,2025-10-08 08:52:51
C03216,Damaged playground,Damaged playground. Attack form free watch federal film change ten risk area give different car that result scene.,Parks,High,51,79,False,17.29861693,78.46615339,Closed,2026-02-27 08:52:51
C03217,Traffic signal failure,Traffic signal failure. Pattern truth five successful interest point some program hear play teach financial.,Traffic,Low,5,17,False,17.43200639,78.36416925,Pending,2026-02-22 08:52:51
C03218,Traffic congestion,Traffic congestion. Law wrong improve enjoy activity similar happen they low discuss day.,Traffic,Medium,35,79,False,17.2561114,78.41895175,Closed,2025-07-11 08:52:51
C03219,Sewage overflow,Sewage overflow. Return again would nature management too land born daughter environmental free situation experience material.,Drainage,High,76,49,False,17.4309791,78.5492971,Pending,2025-07-26 08:52:51
C03220,Trash accumulation,Trash accumulation. Agreement write send through knowledge understand perform term newspaper.,Sanitation,Medium,43,4,False,17.5232044,78.38694306,Resolved,2025-09-19 08:52:51
C03221,Power outage,Power outage. Possible there century see act change shoulder work sport fine time environment officer challenge.,Electrical,Medium,41,34,False,17.26299523,78.54464976,Assigned,2025-08-28 08:52:51
C03222,No water supply,No water supply. More thank bag line toward contain so enough little tree major.,Water Supply,High,57,18,False,17.44693474,78.55170142,Assigned,2026-03-10 08:52:51
C03223,Public nuisance,Public nuisance. Cup network figure hour teacher decide pretty hot hair spring option social staff read us.,Public Safety,High,74,82,False,17.32208227,78.47268319,Assigned,2026-05-07 08:52:51
C03224,Abandoned vehicle,Abandoned vehicle. High year decision amount even hard success decade hospital cut day white decade policy ball Democrat.,Public Safety,Medium,32,16,False,17.3926162,78.33831655,Pending,2025-12-02 08:52:51
C03225,Damaged playground,Damaged playground. Sort safe mention threat light control lose dream left kind Congress foot reality other.,Parks,Medium,35,21,False,17.47844964,78.57349615,Pending,2025-11-09 08:52:51
C03226,No water supply,No water supply. Civil must management peace also by attack weight those catch.,Water Supply,Low,12,51,False,17.23642549,78.46476833,In Progress,2025-09-06 08:52:51
C03227,Power outage,Power outage. Television task alone its environment property unit majority.,Electrical,Medium,49,42,False,17.35723702,78.4607932,Pending,2026-05-12 08:52:51
C03228,Road crack,Road crack. Data office indeed start window play former reason economic country society among attention idea pretty.,Roads,High,51,37,False,17.27025223,78.52863545,Closed,2025-07-06 08:52:51
C03229,Pipeline burst,Pipeline burst. Rich might talk collection current expect pass song quickly interesting serious.,Water Supply,High,82,10,True,17.29249752,78.4583394,Closed,2025-10-28 08:52:51
C03230,Power outage,Power outage. Risk political may reflect whom left year up son beyond look little sense page.,Electrical,Low,2,69,False,17.38261342,78.47334687,Pending,2026-01-06 08:52:51
C03231,Street light not working,Street light not working. Order range suggest even shake word new by black loss ever six yet space approach.,Electrical,High,82,54,False,17.45699126,78.49034117,In Progress,2025-10-24 08:52:51
C03232,Road crack,Road crack. Protect heart record remember life attack natural reality attack clearly source cause some draw artist.,Roads,High,60,53,False,17.40338838,78.53865378,Pending,2025-12-05 08:52:51
C03233,Unsafe area,Unsafe area. Mean cup security exist pattern according deal follow among game.,Public Safety,High,81,85,True,17.34539957,78.62234055,Resolved,2026-04-08 08:52:51
C03234,Public nuisance,Public nuisance. Very pattern several hope industry television me president body total attack sport night.,Public Safety,High,55,2,False,17.24052698,78.37817717,Closed,2026-01-28 08:52:51
C03235,Loose electric wire,Loose electric wire. Mrs learn someone capital dog shake conference black easy.,Electrical,Medium,50,46,False,17.42720883,78.4034174,In Progress,2026-04-10 08:52:51
C03236,Loose electric wire,Loose electric wire. Example health off course light why smile set about country relate paper reflect group and possible.,Electrical,High,63,81,False,17.47565446,78.36400346,Resolved,2026-04-16 08:52:51
C03237,Damaged pavement,Damaged pavement. Political break stage go job every fill hope property current main member.,Roads,High,72,27,False,17.51499297,78.48109103,Assigned,2025-12-30 08:52:51
C03238,Broken bench,Broken bench. Friend truth situation statement together decide unit alone he better crime blood stage house here.,Parks,High,57,74,False,17.38961933,78.46734692,In Progress,2025-11-06 08:52:51
C03239,Unsafe area,Unsafe area. When main lot bag north include by.,Public Safety,Medium,29,9,False,17.31216629,78.58358819,Pending,2025-09-25 08:52:51
C03240,Unsafe area,Unsafe area. Enter get sign walk throughout really break exactly.,Public Safety,Low,9,34,False,17.40301615,78.39903351,Assigned,2025-12-11 08:52:51
C03241,Water leakage,Water leakage. National specific consider office I effort for music although some start for type.,Water Supply,Medium,34,76,False,17.39237784,78.54799059,Assigned,2025-06-11 08:52:51
C03242,Pothole on road,Pothole on road. Body speech community four know memory show.,Roads,High,100,29,False,17.24459215,78.48290513,Closed,2026-06-02 08:52:51
C03243,Drain blockage,Drain blockage. Create off guy theory rule vote kitchen season degree consumer fact give anything begin teach.,Drainage,Low,23,81,False,17.30723303,78.5646452,In Progress,2026-03-28 08:52:51
C03244,Street light not working,Street light not working. Sport top pay task two he along red thing us begin especially example drop market think.,Electrical,High,64,96,False,17.50937053,78.56893661,Closed,2026-02-24 08:52:51
C03245,Damaged playground,Damaged playground. Week generation process operation lay why so until shake sport age good meeting structure in effect.,Parks,Medium,30,1,False,17.41414015,78.57242507,Resolved,2025-06-24 08:52:51
C03246,Loose electric wire,Loose electric wire. Live what about at site step house to maybe beautiful others.,Electrical,Medium,47,43,False,17.37579764,78.41892504,Closed,2026-06-01 08:52:51
C03247,Pipeline burst,Pipeline burst. Administration dog indicate per smile team site.,Water Supply,Low,7,19,False,17.2510877,78.35308536,In Progress,2025-07-17 08:52:51
C03248,Trash accumulation,Trash accumulation. Wonder painting today part among learn reason bring manage let account policy rise expect but anyone.,Sanitation,Medium,35,9,False,17.25442486,78.59174629,Assigned,2025-10-20 08:52:51
C03249,Road crack,Road crack. Attorney need animal company than early only.,Roads,Medium,50,6,False,17.49492902,78.41861165,Resolved,2025-08-29 08:52:51
C03250,Waterlogging,Waterlogging. Director yard guy door through produce which add service.,Drainage,High,90,78,False,17.34676624,78.53438692,Pending,2026-01-09 08:52:51
C03251,Garbage not collected,Garbage not collected. Must suggest stage each medical fear any whether issue look.,Sanitation,Medium,48,30,False,17.34168309,78.50999848,Assigned,2025-06-14 08:52:51
C03252,Water leakage,Water leakage. Campaign follow enter someone theory same event tell past five its price perhaps action red time.,Water Supply,Low,8,94,False,17.27717484,78.39339664,Closed,2026-05-08 08:52:51
C03253,Water leakage,Water leakage. Space stuff enjoy film continue help shoulder plant fly the traditional network.,Water Supply,Critical,84,62,False,17.2920688,78.506446,Closed,2026-02-19 08:52:51
C03254,Trash accumulation,Trash accumulation. Republican south close down visit option child decide attack consider none hair whatever.,Sanitation,Medium,46,23,False,17.38942326,78.45994981,Assigned,2026-01-27 08:52:51
C03255,Pipeline burst,Pipeline burst. Day police radio better see appear customer land.,Water Supply,Medium,48,81,False,17.45751537,78.47458518,Resolved,2025-07-18 08:52:51
C03256,Public nuisance,Public nuisance. Teach hand tend feel vote identify management article drug government amount popular sound stage real.,Public Safety,High,70,46,True,17.32915803,78.34072979,Closed,2025-07-01 08:52:51
C03257,Sewage overflow,Sewage overflow. Begin receive watch wrong smile situation hand stay can company partner money table.,Drainage,High,78,64,False,17.41128304,78.46592638,Pending,2025-10-13 08:52:51
C03258,Loose electric wire,Loose electric wire. The once degree necessary into quickly meet although business lead page eye.,Electrical,Critical,100,96,False,17.26756542,78.4755751,Resolved,2025-11-19 08:52:51
C03259,Garbage not collected,Garbage not collected. Still next agency final list side ever speech fly morning one.,Sanitation,High,87,75,False,17.526507,78.59622232,Pending,2025-06-23 08:52:51
C03260,Garbage not collected,Garbage not collected. Campaign nation official body but two wind before stuff environment at suffer.,Sanitation,Medium,35,73,False,17.51273967,78.43040229,In Progress,2025-11-04 08:52:51
C03261,Water leakage,Water leakage. This subject free talk sister might next.,Water Supply,Medium,45,23,False,17.34852702,78.35565872,Closed,2025-08-10 08:52:51
C03262,Waterlogging,Waterlogging. Modern full reason about popular allow another individual energy government feel home suggest rate.,Drainage,Medium,28,43,False,17.30601524,78.46591527,Resolved,2026-05-11 08:52:51
C03263,Water leakage,Water leakage. Create senior knowledge lay simple cultural traditional.,Water Supply,Low,21,69,False,17.42665649,78.55527255,Pending,2025-07-07 08:52:51
C03264,Street light not working,Street light not working. Skin sport society attorney system number bad rise way occur.,Electrical,Critical,88,45,False,17.29062573,78.56769717,In Progress,2025-07-14 08:52:51
C03265,Power outage,Power outage. Such street major point everything role someone talk foot together respond phone event suddenly.,Electrical,High,53,52,False,17.32241847,78.38999652,Resolved,2025-10-26 08:52:51
C03266,Overflowing waste bins,Overflowing waste bins. Especially protect former name force view once above listen reach store.,Sanitation,High,74,8,False,17.36298063,78.60710144,Resolved,2025-08-05 08:52:51
C03267,Broken bench,Broken bench. Oil require exactly herself media gas remain guess place offer few morning close since wife.,Parks,Critical,85,29,False,17.52872654,78.58193728,Closed,2025-09-07 08:52:51
C03268,Unsafe area,Unsafe area. You inside animal century part lay produce test war election north center from.,Public Safety,Medium,43,23,False,17.32304931,78.52928952,In Progress,2025-06-15 08:52:51
C03269,Water leakage,Water leakage. Score plant vote region step result relate step.,Water Supply,High,71,19,False,17.25581766,78.49475258,Pending,2026-03-24 08:52:51
C03270,Illegal parking,Illegal parking. Professional source sea whole simply cover happy world product trip arm affect treat reality significant.,Traffic,Low,0,90,False,17.48689033,78.45631372,Pending,2025-11-03 08:52:51
C03271,Loose electric wire,Loose electric wire. Social ago try he maybe offer happy.,Electrical,High,59,35,True,17.43653812,78.4549118,Closed,2025-08-24 08:52:51
C03272,Power outage,Power outage. Scene artist keep base thing science blood loss hundred investment eat.,Electrical,High,59,95,False,17.33806954,78.42467984,Resolved,2025-08-27 08:52:51
C03273,Traffic signal failure,Traffic signal failure. Ask both left enjoy baby author natural leave increase four.,Traffic,Low,16,90,False,17.45286884,78.49631895,Resolved,2025-08-21 08:52:51
C03274,Water leakage,Water leakage. Not fine someone three democratic to property same difficult huge many general.,Water Supply,High,61,33,False,17.27097088,78.63009401,Resolved,2025-08-05 08:52:51
C03275,Park maintenance issue,Park maintenance issue. Only recently big either role box concern lot add who conference consumer information.,Parks,Medium,26,15,False,17.33571426,78.3574451,Assigned,2025-06-15 08:52:51
C03276,Garbage not collected,Garbage not collected. Knowledge finish executive collection reach group measure newspaper PM.,Sanitation,High,90,15,False,17.36822493,78.36597409,Resolved,2026-02-10 08:52:51
C03277,Drain blockage,Drain blockage. Show long before back others wear them sit.,Drainage,Critical,100,43,False,17.52057211,78.56337142,Resolved,2025-10-30 08:52:51
C03278,Overflowing waste bins,Overflowing waste bins. Owner reflect sign worry phone capital foot.,Sanitation,High,72,58,False,17.52595962,78.48186061,In Progress,2025-09-27 08:52:51
C03279,Drain blockage,Drain blockage. Leg at onto simply education bag report especially carry blue heavy picture thus happen.,Drainage,Critical,85,15,False,17.35578021,78.57021605,Pending,2026-01-16 08:52:51
C03280,Road crack,Road crack. Owner become from home herself bring without stay actually take investment bill staff.,Roads,Low,13,85,False,17.28088508,78.51587157,Pending,2025-09-25 08:52:51
C03281,Street light not working,Street light not working. Third happen thing teacher almost cell Mr power despite serious me.,Electrical,Medium,43,84,False,17.24836379,78.48051207,Assigned,2026-01-10 08:52:51
C03282,Loose electric wire,Loose electric wire. Relationship how before first degree assume music society tax some little together above serious.,Electrical,Low,20,44,False,17.28404419,78.49769587,Resolved,2026-02-27 08:52:51
C03283,Road crack,Road crack. Room card personal on Congress well guy contain his.,Roads,Low,13,6,False,17.32266855,78.5848056,Resolved,2025-12-22 08:52:51
C03284,Overflowing waste bins,Overflowing waste bins. Type lay event institution politics loss pick drug company lawyer risk employee less song method result.,Sanitation,Low,8,97,False,17.39350148,78.62797777,In Progress,2026-01-26 08:52:51
C03285,Street light not working,Street light not working. Mouth stock test yard successful partner exactly attorney ago out serve professor fish at admit.,Electrical,High,97,17,False,17.31696516,78.53520843,Pending,2025-09-21 08:52:51
C03286,No water supply,No water supply. People art share certain well ready arrive same.,Water Supply,Medium,49,54,False,17.44390083,78.34294256,In Progress,2026-05-16 08:52:51
C03287,Drain blockage,Drain blockage. Newspaper great drug personal agent deep green or discover actually quite plan better lay walk consumer.,Drainage,High,53,49,False,17.35060773,78.61797256,Assigned,2025-07-31 08:52:51
C03288,Broken bench,Broken bench. Consumer beat community door thus first Mr concern put short push require writer turn finally take.,Parks,High,78,86,False,17.48551256,78.60000431,Resolved,2025-11-20 08:52:51
C03289,Overflowing waste bins,Overflowing waste bins. Century follow marriage smile though whom enjoy if sort.,Sanitation,Low,10,57,False,17.51927687,78.62816305,Closed,2025-12-03 08:52:51
C03290,Power outage,Power outage. Up various fire where result current American everyone four sister serious look sell keep.,Electrical,High,76,36,False,17.38965863,78.57195043,In Progress,2026-03-22 08:52:51
C03291,Loose electric wire,Loose electric wire. Represent start catch itself example away environment training discover.,Electrical,Low,11,22,True,17.48030777,78.60855055,Closed,2025-11-09 08:52:51
C03292,Sewage overflow,Sewage overflow. Their side allow establish president many rock job data.,Drainage,High,71,56,False,17.49838318,78.42429961,Closed,2025-10-12 08:52:51
C03293,Overflowing waste bins,Overflowing waste bins. Year tonight west go production information trouble rich floor quickly blue beyond they indicate respond reveal.,Sanitation,Low,16,83,False,17.23749063,78.49617247,Assigned,2025-12-08 08:52:51
C03294,Sewage overflow,Sewage overflow. In yard decide wait example north generation government decade suggest option possible human maintain situation kitchen.,Drainage,Medium,35,18,False,17.25568418,78.34381818,Assigned,2026-02-21 08:52:51
C03295,Power outage,Power outage. General American spring beyond front southern value white.,Electrical,Low,1,50,False,17.25229208,78.43171512,Resolved,2025-10-30 08:52:51
C03296,No water supply,No water supply. Authority pass radio while expect break name similar they tree use role production could.,Water Supply,High,54,75,False,17.47996862,78.36127898,Pending,2025-08-08 08:52:51
C03297,Drain blockage,Drain blockage. Trouble government along clearly job add firm success half somebody strategy near management me method.,Drainage,High,79,80,False,17.52198577,78.39694047,Pending,2025-11-10 08:52:51
C03298,Damaged playground,Damaged playground. Decade reality west sense red crime character off consider experience poor product.,Parks,Low,9,76,False,17.39430469,78.47184074,Resolved,2025-09-24 08:52:51
C03299,Waterlogging,Waterlogging. Say leave American while our drop easy determine road.,Drainage,Medium,47,2,False,17.33580382,78.51521431,Pending,2025-10-16 08:52:51
C03300,Pipeline burst,Pipeline burst. Trade practice region senior responsibility land meeting fly fact government artist explain week.,Water Supply,Low,23,78,True,17.38937022,78.44681833,Assigned,2026-05-26 08:52:51
C03301,Road crack,Road crack. Management drop kind such strategy financial memory for course left.,Roads,Critical,86,63,False,17.42898654,78.39212338,Pending,2026-01-26 08:52:51
C03302,No water supply,No water supply. Economic ball ask table hot word thought mention alone down work seem my loss too.,Water Supply,Critical,89,20,False,17.28221553,78.42465558,In Progress,2025-07-07 08:52:51
C03303,Road crack,Road crack. Particularly deal beyond mind nation business point anything sound family toward bar happy sound.,Roads,Medium,32,53,False,17.44773794,78.63216939,In Progress,2025-11-19 08:52:51
C03304,Pipeline burst,Pipeline burst. Fear trial painting can baby one partner then cold market bill experience adult reflect fire.,Water Supply,Critical,81,55,False,17.53305227,78.44177053,Resolved,2026-01-29 08:52:51
C03305,Traffic signal failure,Traffic signal failure. Air black forget step top record on heart read else southern south.,Traffic,Low,25,6,False,17.50272947,78.61580138,Pending,2026-03-19 08:52:51
C03306,Pipeline burst,Pipeline burst. Good stop per seat law watch what themselves method its.,Water Supply,High,89,41,False,17.49014628,78.58806298,Assigned,2025-10-05 08:52:51
C03307,Power outage,Power outage. Someone car social seek assume realize majority during site know or soon rule use brother lot.,Electrical,High,56,60,False,17.38016441,78.51760089,Resolved,2025-12-28 08:52:51
C03308,Unsafe area,Unsafe area. Water these financial half pretty house voice pick drug close well black.,Public Safety,High,72,63,False,17.41388004,78.6315556,Pending,2025-08-26 08:52:51
C03309,Broken bench,Broken bench. Perhaps product the leave him trip everything resource our finish suffer.,Parks,High,76,22,False,17.28959606,78.351127,Pending,2025-09-25 08:52:51
C03310,Traffic signal failure,Traffic signal failure. Rich home deep woman section case behind program true cut measure should card.,Traffic,Low,11,54,False,17.38912445,78.37492408,Closed,2025-11-22 08:52:51
C03311,Sewage overflow,Sewage overflow. Key read word candidate business but agreement tax kid.,Drainage,Low,22,29,False,17.25788907,78.62998557,Resolved,2025-09-17 08:52:51
C03312,Broken bench,Broken bench. Hear build home fight contain use difference.,Parks,High,82,58,False,17.46626676,78.37350553,Resolved,2025-10-25 08:52:51
C03313,No water supply,No water supply. Item body minute lose too include need far discover blue sure Congress bar.,Water Supply,High,62,87,False,17.33849509,78.38999959,Pending,2025-12-10 08:52:51
C03314,Pothole on road,Pothole on road. Recent important material front minute produce last trouble young year task population.,Roads,High,77,11,False,17.24436196,78.51097493,Pending,2025-07-26 08:52:51
C03315,Street light not working,Street light not working. Only that series thus eight claim dream herself well health assume tonight attention career mission.,Electrical,High,95,43,False,17.28065487,78.4743578,In Progress,2026-04-27 08:52:51
C03316,Waterlogging,Waterlogging. Be east by relate understand paper forward where health understand away.,Drainage,Low,22,8,True,17.40699035,78.41490807,In Progress,2026-04-27 08:52:51
C03317,Sewage overflow,Sewage overflow. Cost center group moment some third worry right candidate future same allow agent itself street.,Drainage,Medium,50,23,False,17.34806897,78.45678291,In Progress,2026-04-03 08:52:51
C03318,Road crack,Road crack. Here read law instead choose new body task somebody include leave lose.,Roads,Medium,38,82,False,17.42312637,78.50830101,Assigned,2025-08-20 08:52:51
C03319,Pothole on road,Pothole on road. Card rest any office morning her pattern level dinner.,Roads,Critical,89,78,False,17.48022966,78.45172514,Resolved,2026-05-24 08:52:51
C03320,Abandoned vehicle,Abandoned vehicle. Course half environment become when hotel down consider run the find red claim provide cultural.,Public Safety,Critical,96,10,False,17.49882729,78.46010788,Resolved,2025-08-10 08:52:51
C03321,Waterlogging,Waterlogging. Edge nor paper lose four feel strategy tree same car hold base course charge important.,Drainage,Critical,89,17,False,17.41107146,78.5392357,Assigned,2025-11-21 08:52:51
C03322,Pipeline burst,Pipeline burst. Fine community gas research certain any computer level.,Water Supply,High,54,84,True,17.51254167,78.56712713,Closed,2025-07-17 08:52:51
C03323,Traffic signal failure,Traffic signal failure. Population picture project talk again then across military especially without analysis artist bad space.,Traffic,Low,15,84,False,17.32449091,78.39898661,Closed,2026-02-01 08:52:51
C03324,Damaged playground,Damaged playground. Entire easy study specific rock ahead city mission manage benefit.,Parks,Low,15,37,False,17.47285976,78.55109209,Pending,2026-04-06 08:52:51
C03325,Trash accumulation,Trash accumulation. Response blood machine today at debate push choose born ever his.,Sanitation,Critical,100,30,True,17.32788953,78.34829118,Pending,2025-08-30 08:52:51
C03326,Power outage,Power outage. Worry general whose remain wrong notice change put industry once everything would plan.,Electrical,Medium,43,11,False,17.24800533,78.36264442,Assigned,2026-02-24 08:52:51
C03327,Road crack,Road crack. Bag military wear ago parent beyond six across something start movie than remember Mr.,Roads,High,81,50,False,17.2715866,78.37010361,Pending,2025-07-08 08:52:51
C03328,Pothole on road,Pothole on road. Say stage man these I thought family message set ball tax price many radio.,Roads,Medium,50,21,False,17.25145108,78.34578216,Closed,2025-06-13 08:52:51
C03329,Damaged pavement,Damaged pavement. Probably able husband product tend result pattern land trouble matter drug fish she.,Roads,High,86,2,False,17.29936233,78.52460534,In Progress,2025-06-24 08:52:51
C03330,Garbage not collected,Garbage not collected. Stage bill lay Mr include position add.,Sanitation,Low,3,38,False,17.49213846,78.50587317,Closed,2026-05-22 08:52:51
C03331,Illegal parking,Illegal parking. Professor spend use among decision better true guy Democrat nature health indeed woman fly break.,Traffic,Low,21,21,False,17.24257479,78.61179029,Assigned,2026-05-01 08:52:51
C03332,Waterlogging,Waterlogging. Small red day field report research happen.,Drainage,High,57,99,False,17.3046848,78.35511509,Closed,2025-11-15 08:52:51
C03333,Loose electric wire,Loose electric wire. North sister require toward its south chair end customer.,Electrical,Low,19,52,False,17.47604296,78.35704258,Closed,2026-05-21 08:52:51
C03334,Illegal parking,Illegal parking. Thought individual stage ten list inside past according movie behind both knowledge clearly several movie.,Traffic,High,83,79,False,17.40733278,78.62178694,In Progress,2025-10-14 08:52:51
C03335,Illegal parking,Illegal parking. War room himself loss base his language light list then stop.,Traffic,Low,3,46,False,17.34608328,78.49004521,In Progress,2026-02-09 08:52:51
C03336,Waterlogging,Waterlogging. Together travel other item television sense outside ok police.,Drainage,Critical,85,92,False,17.46965117,78.52603538,Closed,2026-05-21 08:52:51
C03337,Pipeline burst,Pipeline burst. Measure visit tree dinner range buy long spend another red personal guess television media.,Water Supply,Low,5,100,False,17.41522822,78.35426959,Assigned,2025-09-13 08:52:51
C03338,Broken bench,Broken bench. Reduce staff scientist east better follow alone figure pick wonder despite spring soldier down company.,Parks,High,80,93,False,17.36259744,78.37207588,Closed,2025-07-02 08:52:51
C03339,Broken bench,Broken bench. Include blue set partner someone team Mr wonder social.,Parks,Medium,29,50,False,17.29562261,78.54714154,Assigned,2026-01-31 08:52:51
C03340,Illegal parking,Illegal parking. Forget through experience huge fear quickly hit rise agent compare no reason hotel along understand without.,Traffic,High,53,53,False,17.27112748,78.61750266,Closed,2025-11-09 08:52:51
C03341,Traffic congestion,Traffic congestion. Media church which building option child process couple loss or a almost week.,Traffic,High,71,91,False,17.24068727,78.53587254,Closed,2025-11-13 08:52:51
C03342,Illegal parking,Illegal parking. Billion true yes she agent both happy weight artist.,Traffic,High,63,84,True,17.40395312,78.53109057,Closed,2026-04-09 08:52:51
C03343,Power outage,Power outage. Visit available morning rich environmental herself measure recognize.,Electrical,High,80,16,False,17.46483487,78.38007833,Resolved,2026-01-20 08:52:51
C03344,Water leakage,Water leakage. Building citizen health pass window production part performance international building decade.,Water Supply,High,52,60,False,17.25766427,78.54710613,Assigned,2025-08-13 08:52:51
C03345,Public nuisance,Public nuisance. Spring half reality church win buy factor executive throw stay line develop tell team.,Public Safety,Low,17,3,False,17.51024403,78.39089034,In Progress,2026-03-06 08:52:51
C03346,Drain blockage,Drain blockage. Couple child act raise thousand glass avoid example once.,Drainage,High,87,45,False,17.25560988,78.36406232,In Progress,2026-05-17 08:52:51
C03347,Overflowing waste bins,Overflowing waste bins. Give once level kitchen stage create must evening between information.,Sanitation,High,65,61,False,17.38390453,78.51947257,Assigned,2026-02-02 08:52:51
C03348,Illegal parking,Illegal parking. Miss high world meeting floor according talk respond together economic billion marriage hair add national how.,Traffic,High,66,21,False,17.39581303,78.5375934,In Progress,2025-10-31 08:52:51
C03349,Drain blockage,Drain blockage. Agent represent later book notice street book expect eat across pretty compare.,Drainage,Low,4,46,False,17.45369529,78.58140149,Pending,2026-01-25 08:52:51
C03350,Public nuisance,Public nuisance. Soldier society program dark morning at though.,Public Safety,Medium,36,55,False,17.40633618,78.62036198,Assigned,2025-12-31 08:52:51
C03351,Loose electric wire,Loose electric wire. Enjoy item kid goal seek person lot someone this which south measure.,Electrical,High,75,92,False,17.38953814,78.51452232,In Progress,2026-02-28 08:52:51
C03352,Illegal parking,Illegal parking. Security former stuff order two green kid sell.,Traffic,Medium,32,68,False,17.31291535,78.6032998,Closed,2025-06-06 08:52:51
C03353,Street light not working,Street light not working. Focus then important accept argue painting change happen two west run another theory peace.,Electrical,Critical,97,75,False,17.28134079,78.49294137,In Progress,2025-07-17 08:52:51
C03354,Public nuisance,Public nuisance. Be benefit represent notice detail group result store ago surface.,Public Safety,Low,6,60,False,17.39345815,78.6112763,Resolved,2025-06-21 08:52:51
C03355,Water leakage,Water leakage. Sing catch street home herself defense turn first exactly conference data later.,Water Supply,High,61,44,False,17.3853691,78.39900326,Assigned,2025-06-07 08:52:51
C03356,Water leakage,Water leakage. Newspaper lawyer seven own director cost whether threat public decide wind skin others society road.,Water Supply,High,54,89,False,17.32361168,78.38439877,Resolved,2025-09-09 08:52:51
C03357,Pipeline burst,Pipeline burst. Reality media collection year indeed military wife compare any language similar state information either light poor.,Water Supply,Medium,42,12,False,17.27050479,78.43553629,Closed,2026-01-26 08:52:51
C03358,Broken bench,Broken bench. Former low structure north region themselves alone scientist ground white represent those health return.,Parks,Medium,34,18,False,17.26382165,78.50340943,Pending,2026-03-18 08:52:51
C03359,Drain blockage,Drain blockage. Growth him town say support debate hotel nation join but mind issue federal purpose three.,Drainage,High,99,58,True,17.40776199,78.52973997,Assigned,2025-12-31 08:52:51
C03360,Street light not working,Street light not working. Culture PM read American level listen true behind as data store teach popular it since describe.,Electrical,High,89,97,False,17.51028529,78.53589368,In Progress,2026-03-17 08:52:51
C03361,Water leakage,Water leakage. Week green necessary author act star beautiful memory pass might American her place happen.,Water Supply,Low,25,51,False,17.42153643,78.5087242,Pending,2025-12-20 08:52:51
C03362,Traffic congestion,Traffic congestion. Drive hot rather capital beat try prevent must institution hair whom attorney air.,Traffic,Medium,33,53,False,17.47511363,78.47403743,Closed,2026-01-13 08:52:51
C03363,Garbage not collected,Garbage not collected. Food other throw physical operation she agree attention.,Sanitation,High,60,28,False,17.24747867,78.55092689,Closed,2025-10-26 08:52:51
C03364,Unsafe area,Unsafe area. Seek memory push upon star different glass relationship long child.,Public Safety,Low,4,65,False,17.42772278,78.37208453,Resolved,2026-01-11 08:52:51
C03365,Drain blockage,Drain blockage. Parent money now only five huge central break discover.,Drainage,Medium,33,93,False,17.31149173,78.40067832,Closed,2026-05-16 08:52:51
C03366,Abandoned vehicle,Abandoned vehicle. Road notice source set return gun although bad available.,Public Safety,Low,12,12,True,17.4131084,78.43989251,Pending,2025-07-12 08:52:51
C03367,Waterlogging,Waterlogging. Modern front agreement take success reality five about apply put scene wrong specific dark several up.,Drainage,High,69,5,False,17.53216249,78.5433717,Pending,2026-03-30 08:52:51
C03368,Traffic signal failure,Traffic signal failure. Decade such into learn we support sing.,Traffic,Critical,84,25,False,17.43064469,78.61667719,Resolved,2026-05-17 08:52:51
C03369,Water leakage,Water leakage. Themselves night store piece necessary feeling stage air.,Water Supply,High,53,82,False,17.46736762,78.61942352,In Progress,2025-10-11 08:52:51
C03370,Abandoned vehicle,Abandoned vehicle. Bill TV up treatment building participant owner rest position fish billion knowledge.,Public Safety,High,87,76,False,17.27771339,78.51095482,Assigned,2025-09-19 08:52:51
C03371,Park maintenance issue,Park maintenance issue. Above detail room keep call particular technology treat themselves most interesting seat civil ready.,Parks,High,65,63,False,17.25034826,78.58207335,In Progress,2025-11-15 08:52:51
C03372,Road crack,Road crack. Debate population expert though fund step camera.,Roads,High,75,71,False,17.26007092,78.40942063,Resolved,2026-03-27 08:52:51
C03373,Traffic congestion,Traffic congestion. Couple side success watch into coach manager change including before those around.,Traffic,Critical,81,53,False,17.33301301,78.37467739,Assigned,2025-08-28 08:52:51
C03374,Waterlogging,Waterlogging. Detail task this break stay country whatever economy voice order they happy senior plan none.,Drainage,Medium,45,96,False,17.27486587,78.62932339,Closed,2025-09-14 08:52:51
C03375,Loose electric wire,Loose electric wire. More ground sell rate seven sell number kid idea free five evening room beat.,Electrical,Medium,29,39,False,17.44303696,78.51150405,Assigned,2026-01-17 08:52:51
C03376,Park maintenance issue,Park maintenance issue. Born time teacher board power structure door wind property camera difficult any simply work instead.,Parks,Low,2,87,False,17.40690711,78.60260585,Closed,2026-04-22 08:52:51
C03377,Garbage not collected,Garbage not collected. Gun experience our at physical cost alone everybody increase member education ability investment agree.,Sanitation,High,53,83,False,17.44008867,78.54815622,In Progress,2025-12-27 08:52:51
C03378,Trash accumulation,Trash accumulation. Risk success need us possible hundred customer modern bill door others whose.,Sanitation,Medium,29,95,False,17.28071203,78.34264206,Resolved,2025-06-04 08:52:51
C03379,Pipeline burst,Pipeline burst. Affect amount usually where develop middle left plan science later professor debate black child.,Water Supply,Medium,33,98,False,17.23834648,78.47305122,Assigned,2025-09-26 08:52:51
C03380,Water leakage,Water leakage. When price entire market subject industry season always history campaign about.,Water Supply,High,76,65,False,17.40032069,78.58827312,In Progress,2025-08-06 08:52:51
C03381,Traffic signal failure,Traffic signal failure. City without thought similar fill fall identify station point blue total father always serious education game.,Traffic,Low,5,41,False,17.31752967,78.48363872,In Progress,2025-08-17 08:52:51
C03382,Garbage not collected,Garbage not collected. Whom score all television economic want worry only himself become tax Republican.,Sanitation,High,70,5,False,17.48847751,78.45589007,Assigned,2026-01-28 08:52:51
C03383,Waterlogging,Waterlogging. Edge team trial local system listen miss such visit interest push daughter themselves find write.,Drainage,Medium,33,60,False,17.50795797,78.48971391,Closed,2025-07-28 08:52:51
C03384,Street light not working,Street light not working. Action image later performance worker matter public.,Electrical,Low,5,4,False,17.51344077,78.3480596,Assigned,2025-10-10 08:52:51
C03385,Road crack,Road crack. National pass idea early simple risk including a.,Roads,Low,16,64,False,17.39051806,78.52487196,Closed,2026-03-11 08:52:51
C03386,Damaged playground,Damaged playground. Play commercial evidence firm admit likely him property vote kind big social term Republican else environmental.,Parks,Critical,84,44,False,17.31932749,78.49726602,Assigned,2025-10-04 08:52:51
C03387,Unsafe area,Unsafe area. Fund under father your career trade or hard paper feeling daughter site hot name sport.,Public Safety,High,51,38,False,17.31677247,78.49512962,Resolved,2025-06-08 08:52:51
C03388,Public nuisance,Public nuisance. Pattern area every source to as degree.,Public Safety,Medium,37,48,False,17.32804624,78.48488734,Resolved,2025-08-26 08:52:51
C03389,No water supply,No water supply. Church whole vote very rise another thing actually relationship say walk message offer power book.,Water Supply,High,95,58,False,17.49041198,78.49593263,In Progress,2025-10-28 08:52:51
C03390,Overflowing waste bins,Overflowing waste bins. Purpose material star better two skill use street truth notice relate baby amount we.,Sanitation,Medium,29,28,False,17.4404669,78.38369209,Assigned,2025-07-16 08:52:51
C03391,Road crack,Road crack. Her score everybody size performance piece ok dinner blood through.,Roads,Low,4,17,False,17.24862709,78.5126603,Pending,2025-07-18 08:52:51
C03392,Waterlogging,Waterlogging. Picture enjoy impact fire stop public also Democrat seek laugh support.,Drainage,Medium,34,100,False,17.45438737,78.55105863,In Progress,2025-09-29 08:52:51
C03393,Public nuisance,Public nuisance. Around feeling interesting various together rise population many piece.,Public Safety,Low,18,88,False,17.39575193,78.41736428,Closed,2025-11-27 08:52:51
C03394,Trash accumulation,Trash accumulation. Early these expert sort necessary step bank chair key experience condition base try writer just beat.,Sanitation,High,51,10,False,17.46429835,78.4842583,Resolved,2026-04-17 08:52:51
C03395,Overflowing waste bins,Overflowing waste bins. Range school police interview best wind relate rise fly.,Sanitation,Medium,26,95,False,17.48572979,78.60889772,Assigned,2025-11-18 08:52:51
C03396,Water leakage,Water leakage. Group by activity tough crime town morning school not measure the picture magazine actually let.,Water Supply,Medium,31,76,False,17.30302919,78.43240078,Pending,2025-07-29 08:52:51
C03397,Pothole on road,Pothole on road. Side son would here site others mention.,Roads,High,77,54,True,17.33449448,78.57474945,In Progress,2025-11-09 08:52:51
C03398,Waterlogging,Waterlogging. Behavior worker whether close figure end put effect majority rather check her cost sound cost.,Drainage,Low,20,72,False,17.35763672,78.52619024,Closed,2025-08-30 08:52:51
C03399,Sewage overflow,Sewage overflow. Manage mother culture attorney certainly suddenly defense water late heart Democrat nature rich network manager.,Drainage,Medium,37,38,False,17.50528236,78.62110021,Assigned,2026-02-16 08:52:51
C03400,Traffic congestion,Traffic congestion. Keep send research spring phone economic president kitchen today cut hotel skill kind design project.,Traffic,Low,11,81,False,17.52631969,78.36579026,Pending,2025-09-13 08:52:51
C03401,Pothole on road,Pothole on road. Chance low her site piece citizen reduce imagine president list TV spend anyone five run single.,Roads,Medium,40,57,False,17.32606495,78.58604522,Resolved,2025-08-01 08:52:51
C03402,Power outage,Power outage. Adult Congress hear financial throw join with.,Electrical,Low,22,71,False,17.30702798,78.57549555,Closed,2026-05-25 08:52:51
C03403,Illegal parking,Illegal parking. Her century apply get race low then response travel heart available federal they.,Traffic,High,90,20,False,17.51634445,78.54476358,Pending,2026-01-16 08:52:51
C03404,Drain blockage,Drain blockage. Trial dark believe town produce behavior behavior total number right into.,Drainage,Low,10,67,False,17.27492411,78.37294604,Resolved,2026-05-23 08:52:51
C03405,Pothole on road,Pothole on road. Cell situation theory share table action chance certainly better run position environment upon let.,Roads,High,76,39,False,17.35110343,78.36379916,Assigned,2025-06-26 08:52:51
C03406,Unsafe area,Unsafe area. Site bring decision bring run purpose age general garden us different rule such.,Public Safety,Medium,26,31,False,17.38153511,78.58596353,In Progress,2025-11-26 08:52:51
C03407,Sewage overflow,Sewage overflow. Live my cup sister cultural civil above past perhaps.,Drainage,High,76,60,False,17.52647565,78.43957527,In Progress,2026-01-04 08:52:51
C03408,Water leakage,Water leakage. Great sure argue senior end strategy benefit raise inside exist former.,Water Supply,High,61,88,False,17.53342994,78.50487244,Pending,2025-07-06 08:52:51
C03409,Abandoned vehicle,Abandoned vehicle. Cause team almost environmental stop street action something great position.,Public Safety,Critical,83,26,False,17.25166642,78.57685548,Closed,2026-01-28 08:52:51
C03410,Illegal parking,Illegal parking. Relationship heart from lot now choice third hard over word from TV mention man all wall.,Traffic,Low,6,99,False,17.48074344,78.42727546,Pending,2026-01-27 08:52:51
C03411,Sewage overflow,Sewage overflow. She under manager above similar friend base by spring wrong despite establish.,Drainage,High,62,88,False,17.46353958,78.34668777,Pending,2026-01-04 08:52:51
C03412,No water supply,No water supply. Quite blood possible tonight collection list technology join professor.,Water Supply,Critical,98,87,False,17.26189332,78.36973395,Pending,2025-12-15 08:52:51
C03413,Trash accumulation,Trash accumulation. Interest discuss civil meet employee rule fine thought top he administration thus want.,Sanitation,High,53,93,False,17.37424712,78.58819411,Closed,2026-03-17 08:52:51
C03414,Illegal parking,Illegal parking. Item situation day individual single late back special responsibility usually fight miss.,Traffic,Low,9,97,False,17.30683495,78.5839502,Pending,2025-07-31 08:52:51
C03415,Traffic congestion,Traffic congestion. Itself stage method blue fact power on service.,Traffic,Medium,46,12,False,17.25905151,78.42558712,Resolved,2025-08-17 08:52:51
C03416,Sewage overflow,Sewage overflow. Outside last picture learn office either campaign however challenge former.,Drainage,Critical,96,18,False,17.5068923,78.41720959,Pending,2025-09-27 08:52:51
C03417,Broken bench,Broken bench. Would scene put form use other their often receive under unit.,Parks,Medium,37,56,False,17.52456207,78.62898009,Resolved,2025-10-14 08:52:51
C03418,Overflowing waste bins,Overflowing waste bins. Writer center see bad meeting fight member out office phone write tonight defense buy pretty analysis.,Sanitation,High,56,19,False,17.51677931,78.56481489,Resolved,2026-03-23 08:52:51
C03419,Unsafe area,Unsafe area. Maintain lose product story deep piece sometimes.,Public Safety,Low,13,61,False,17.40534499,78.45098988,Closed,2025-12-06 08:52:51
C03420,Water leakage,Water leakage. Agree character act economy month body Democrat task know scene really test hospital office bed.,Water Supply,Critical,87,80,False,17.41759322,78.59654636,Pending,2025-07-28 08:52:51
C03421,Traffic congestion,Traffic congestion. Institution put wall religious field technology attorney serious charge moment because member.,Traffic,Medium,45,60,False,17.51240066,78.61417299,Assigned,2025-06-19 08:52:51
C03422,Park maintenance issue,Park maintenance issue. Raise national indicate close bit learn design early never particularly thousand senior she tell bed fact.,Parks,Medium,50,3,False,17.35318941,78.38899079,Assigned,2025-10-02 08:52:51
C03423,Waterlogging,Waterlogging. North buy including degree go brother check air what I painting research sense debate push.,Drainage,Critical,96,32,False,17.30651149,78.60382244,Closed,2026-02-26 08:52:51
C03424,Garbage not collected,Garbage not collected. Community picture thank again away number fight national fast TV half.,Sanitation,Critical,100,67,False,17.51081206,78.36180164,In Progress,2026-04-09 08:52:51
C03425,Damaged playground,Damaged playground. Western win because age sure but itself drop about smile activity avoid check rate.,Parks,Low,19,66,False,17.27990696,78.60561148,Pending,2025-06-08 08:52:51
C03426,Traffic congestion,Traffic congestion. Learn glass piece eye answer set event their study policy group raise long.,Traffic,Medium,26,98,False,17.28698887,78.59358513,Resolved,2025-11-28 08:52:51
C03427,Street light not working,Street light not working. Off financial entire page bag may under high worry look teacher close suffer every chance.,Electrical,Medium,44,72,False,17.25121163,78.60629524,Closed,2026-03-17 08:52:51
C03428,Road crack,Road crack. Large environment stand thousand marriage bar grow history part pay total.,Roads,Low,5,100,False,17.50279143,78.39533457,In Progress,2025-09-01 08:52:51
C03429,Illegal parking,Illegal parking. Do believe region tree myself democratic human school pick.,Traffic,Medium,26,56,False,17.4036242,78.33936435,Assigned,2025-12-28 08:52:51
C03430,Damaged playground,Damaged playground. Short line where stand institution well group book make mean ground people good policy arrive think.,Parks,Low,5,4,False,17.47091023,78.36105156,Resolved,2026-03-15 08:52:51
C03431,Waterlogging,Waterlogging. To church son inside church note back trial product concern church visit billion floor moment behavior.,Drainage,Medium,37,38,False,17.3810345,78.34484923,Assigned,2026-05-25 08:52:51
C03432,Power outage,Power outage. Drop that able policy stay sing help movie cup information growth health money newspaper.,Electrical,Low,24,91,False,17.38058385,78.52888614,Closed,2025-07-28 08:52:51
C03433,Pipeline burst,Pipeline burst. Event describe federal certain case nation during religious campaign your building century.,Water Supply,Medium,44,47,False,17.25217367,78.57445295,Assigned,2025-07-31 08:52:51
C03434,Illegal parking,Illegal parking. Economic different worry opportunity whatever consider air plant bill identify military serve mission.,Traffic,Critical,94,36,False,17.4110179,78.44063299,Assigned,2025-07-24 08:52:51
C03435,Traffic congestion,Traffic congestion. So writer far key soldier be region cut visit mother conference source western too.,Traffic,Medium,36,88,False,17.44285739,78.53693977,Assigned,2026-02-17 08:52:51
C03436,No water supply,No water supply. Generation traditional win light throw get thank reduce.,Water Supply,Low,21,74,False,17.44849183,78.37401682,Resolved,2026-04-15 08:52:51
C03437,Traffic signal failure,Traffic signal failure. Rich scene employee market down last provide election often four economy serve now building history discuss.,Traffic,High,72,90,True,17.35479318,78.6149787,Pending,2026-03-24 08:52:51
C03438,Unsafe area,Unsafe area. Surface detail notice future response product short ok friend risk anything.,Public Safety,High,97,19,False,17.50336148,78.52161052,In Progress,2026-05-26 08:52:51
C03439,Illegal parking,Illegal parking. Treat economy should business buy little court wear.,Traffic,Low,0,97,False,17.39393644,78.61062951,Resolved,2025-11-17 08:52:51
C03440,Loose electric wire,Loose electric wire. Floor central prepare effort some respond audience certainly career accept wife month always exactly short make.,Electrical,Medium,37,65,False,17.32732269,78.59839001,Resolved,2025-06-09 08:52:51
C03441,Traffic signal failure,Traffic signal failure. Risk tree four cause since class lot process professor sport sing defense.,Traffic,Critical,86,29,False,17.37913907,78.57755444,In Progress,2026-06-02 08:52:51
C03442,Pipeline burst,Pipeline burst. Buy cold nothing toward once doctor use skill hour book off either old worker personal hotel.,Water Supply,Medium,36,73,False,17.34206701,78.40363199,Pending,2026-03-30 08:52:51
C03443,Traffic signal failure,Traffic signal failure. Southern moment situation however red how walk style building growth speech.,Traffic,High,77,14,False,17.44113707,78.38103787,In Progress,2025-07-15 08:52:51
C03444,Water leakage,Water leakage. Hold fire enough effort class director alone nation.,Water Supply,Critical,91,23,False,17.43692417,78.49849779,In Progress,2026-05-17 08:52:51
C03445,No water supply,No water supply. Six past politics anyone economic political move consider name.,Water Supply,High,74,85,False,17.52271353,78.60080515,In Progress,2025-10-12 08:52:51
C03446,Park maintenance issue,Park maintenance issue. Activity member effort history order here tree build southern site.,Parks,Critical,97,83,False,17.3833407,78.63383799,Pending,2025-10-11 08:52:51
C03447,Drain blockage,Drain blockage. Government others provide federal law generation clear field.,Drainage,High,67,83,False,17.25684304,78.62108665,In Progress,2025-06-10 08:52:51
C03448,Garbage not collected,Garbage not collected. Pass whether court amount space that page can.,Sanitation,High,85,98,False,17.47422742,78.53378991,Closed,2025-12-22 08:52:51
C03449,Sewage overflow,Sewage overflow. Type audience house however present reduce his.,Drainage,High,93,78,False,17.41327813,78.62890886,Pending,2026-03-02 08:52:51
C03450,Traffic congestion,Traffic congestion. Above shake center industry court individual great most wear receive.,Traffic,High,72,62,False,17.51892732,78.5358596,Pending,2026-01-02 08:52:51
C03451,Unsafe area,Unsafe area. Population seat road debate necessary one whatever defense knowledge education history discuss artist wind control.,Public Safety,Medium,27,97,False,17.2575023,78.48970342,Pending,2025-12-23 08:52:51
C03452,Trash accumulation,Trash accumulation. Yes program plant discuss entire notice law by commercial poor he method.,Sanitation,High,71,9,False,17.38151728,78.52780521,Resolved,2026-01-09 08:52:51
C03453,No water supply,No water supply. Animal assume learn interview Congress happen exactly west personal unit.,Water Supply,Low,14,61,False,17.51476898,78.52265278,Closed,2025-12-20 08:52:51
C03454,Broken bench,Broken bench. Support nature effect civil particular group end wife live prepare make center.,Parks,High,93,78,False,17.41454687,78.59206236,Resolved,2025-10-13 08:52:51
C03455,Drain blockage,Drain blockage. Score television effect although beautiful government natural expert.,Drainage,High,56,27,False,17.24501949,78.61504565,In Progress,2025-06-17 08:52:51
C03456,Garbage not collected,Garbage not collected. Try current any certainly common across room different various fund foot return table good dream.,Sanitation,Medium,37,94,False,17.46179852,78.44887561,Resolved,2026-02-02 08:52:51
C03457,Trash accumulation,Trash accumulation. Certainly among build end century choice top ok.,Sanitation,High,64,68,False,17.3964834,78.48031467,Resolved,2025-11-26 08:52:51
C03458,Pipeline burst,Pipeline burst. Between worry college while various who property whatever war especially.,Water Supply,Low,0,94,False,17.40689865,78.5425347,Closed,2025-10-26 08:52:51
C03459,Pipeline burst,Pipeline burst. During family you carry quite sense kind memory early bag perhaps through home.,Water Supply,High,78,46,False,17.2897867,78.39616505,Assigned,2026-01-04 08:52:51
C03460,Street light not working,Street light not working. Wife bed work language hold poor clearly shoulder new without.,Electrical,High,67,47,False,17.35329384,78.61196593,Closed,2025-12-13 08:52:51
C03461,Unsafe area,Unsafe area. This this player oil leave both very young.,Public Safety,Low,6,85,False,17.2894749,78.45435859,Resolved,2025-12-12 08:52:51
C03462,Sewage overflow,Sewage overflow. Who account political alone amount deep it reach be certain enjoy unit.,Drainage,Medium,37,22,False,17.47998376,78.41605624,Assigned,2025-06-07 08:52:51
C03463,Street light not working,Street light not working. Mr face financial half national list word pick car name.,Electrical,Low,12,37,False,17.52720037,78.45523377,Pending,2025-10-02 08:52:51
C03464,Damaged pavement,Damaged pavement. Wide there may in several paper kind give.,Roads,High,63,82,True,17.35094879,78.46878021,Pending,2025-10-08 08:52:51
C03465,Drain blockage,Drain blockage. Teacher across else station while party program child lose nearly lay paper alone usually.,Drainage,Critical,98,37,False,17.2862407,78.42699205,Resolved,2026-03-03 08:52:51
C03466,Traffic signal failure,Traffic signal failure. Morning oil teacher floor response interest class role its dream nothing plant nearly apply computer rule.,Traffic,Medium,42,73,True,17.41032657,78.40477927,In Progress,2025-12-15 08:52:51
C03467,Traffic signal failure,Traffic signal failure. Through public support response price space worker fish speak state.,Traffic,High,77,90,False,17.25964069,78.52842398,Assigned,2025-10-14 08:52:51
C03468,No water supply,No water supply. Analysis entire poor together major know scientist sometimes safe wide answer sure.,Water Supply,Critical,83,66,False,17.52116367,78.46776983,In Progress,2025-06-07 08:52:51
C03469,Trash accumulation,Trash accumulation. Develop determine daughter good stock entire close deal notice huge enter well.,Sanitation,Low,4,39,False,17.36451287,78.4205293,Pending,2026-02-28 08:52:51
C03470,Pipeline burst,Pipeline burst. Ok building body quality south water seven peace pattern director happy itself develop only another citizen.,Water Supply,High,92,11,False,17.44860328,78.55668591,Assigned,2025-09-20 08:52:51
C03471,Unsafe area,Unsafe area. Should strong enjoy loss unit walk news.,Public Safety,Critical,96,60,False,17.51579558,78.62726309,Assigned,2025-12-08 08:52:51
C03472,Abandoned vehicle,Abandoned vehicle. Assume turn performance join house only stay identify respond probably accept.,Public Safety,High,67,16,False,17.50033968,78.54478994,Resolved,2025-08-02 08:52:51
C03473,Illegal parking,Illegal parking. Team commercial ball book figure whether training nice read protect able note image.,Traffic,High,89,36,False,17.35602334,78.34945764,Pending,2025-11-09 08:52:51
C03474,Pipeline burst,Pipeline burst. Why environmental company sort bring treat police run bit stay stuff into main.,Water Supply,Medium,35,18,False,17.32822336,78.47527177,Assigned,2025-09-30 08:52:51
C03475,Traffic congestion,Traffic congestion. Suffer watch role father practice party current write occur school.,Traffic,Low,10,54,False,17.43915481,78.46771471,Resolved,2026-03-18 08:52:51
C03476,Traffic signal failure,Traffic signal failure. Someone true science near side very course choice save lay response major.,Traffic,Medium,50,62,False,17.51382699,78.62267832,Pending,2026-04-10 08:52:51
C03477,Public nuisance,Public nuisance. White way notice one apply enough cause against usually among gun modern across.,Public Safety,Medium,44,87,False,17.38033797,78.53004627,Closed,2025-08-03 08:52:51
C03478,Pipeline burst,Pipeline burst. Instead turn play receive professional there last.,Water Supply,High,72,2,False,17.4196635,78.53889804,In Progress,2025-11-29 08:52:51
C03479,Street light not working,Street light not working. Talk few far leader say discuss finally number subject son glass.,Electrical,Low,23,86,False,17.31376537,78.4550908,Pending,2025-11-04 08:52:51
C03480,Road crack,Road crack. Hear station raise when world suffer window sign billion body allow but.,Roads,High,97,99,False,17.34932601,78.38039829,Pending,2026-04-23 08:52:51
C03481,Garbage not collected,Garbage not collected. List indeed four help market past defense number free candidate whatever occur.,Sanitation,High,73,12,False,17.27385619,78.45158758,Closed,2025-12-08 08:52:51
C03482,Loose electric wire,Loose electric wire. Republican check real protect wait another for by send crime.,Electrical,High,91,46,False,17.34251887,78.57514553,Closed,2026-05-26 08:52:51
C03483,Drain blockage,Drain blockage. Serve experience week give cup make teach because president quite.,Drainage,Medium,26,9,False,17.46636334,78.5217828,Resolved,2026-05-06 08:52:51
C03484,Pothole on road,Pothole on road. Lead create turn prove nice reach become we role tell reach.,Roads,High,80,24,False,17.36027638,78.59801684,Assigned,2025-08-23 08:52:51
C03485,Abandoned vehicle,Abandoned vehicle. Very friend side remain after crime dream fall feel suddenly lay.,Public Safety,Low,20,76,False,17.31728017,78.57267682,Resolved,2025-09-01 08:52:51
C03486,Unsafe area,Unsafe area. Standard artist year beat career minute effect.,Public Safety,High,59,44,False,17.38066749,78.44311452,Resolved,2026-03-20 08:52:51
C03487,Trash accumulation,Trash accumulation. Fill I ask each travel interesting senior.,Sanitation,Medium,32,84,False,17.30594469,78.34566023,Closed,2025-11-14 08:52:51
C03488,Power outage,Power outage. Radio each never several daughter form hotel bar old large fund draw theory movie also.,Electrical,High,77,35,False,17.51802511,78.59829915,Pending,2026-04-24 08:52:51
C03489,Damaged pavement,Damaged pavement. Weight certainly rich thousand create success improve finally for these at people eat special fill system.,Roads,Medium,45,9,False,17.49119982,78.38422695,In Progress,2025-10-31 08:52:51
C03490,Water leakage,Water leakage. Particular should professor seven across listen drive.,Water Supply,High,72,2,False,17.52473906,78.34085429,Closed,2025-10-15 08:52:51
C03491,Water leakage,Water leakage. Ready seek away summer administration idea sea ahead think.,Water Supply,Low,17,11,False,17.27353669,78.49564347,Closed,2026-05-03 08:52:51
C03492,Sewage overflow,Sewage overflow. Work religious your camera board exist note that indeed reduce rise increase line bank happy.,Drainage,Medium,34,90,False,17.27833875,78.3737178,Pending,2026-05-16 08:52:51
C03493,Traffic signal failure,Traffic signal failure. Bad who never military animal choose lot explain pattern dinner forward let foot.,Traffic,Low,9,30,False,17.48959454,78.58690668,In Progress,2026-01-13 08:52:51
C03494,Public nuisance,Public nuisance. Main image trade first staff public specific.,Public Safety,High,97,2,False,17.36752557,78.34052775,Closed,2026-04-23 08:52:51
C03495,Street light not working,Street light not working. Close live middle car inside need toward resource reflect prove or quickly.,Electrical,Critical,91,81,False,17.33296794,78.58732837,Closed,2025-10-27 08:52:51
C03496,Sewage overflow,Sewage overflow. Scientist morning culture race million whatever also shake expert record next trip night produce.,Drainage,Medium,46,12,False,17.45956922,78.52129461,Closed,2026-05-09 08:52:51
C03497,Trash accumulation,Trash accumulation. Responsibility police responsibility too seat amount writer test.,Sanitation,Low,16,12,False,17.29966941,78.36779461,Closed,2026-02-28 08:52:51
C03498,Damaged playground,Damaged playground. Result over more food yeah read team rock foreign perform.,Parks,Low,8,34,False,17.37573085,78.52902985,Resolved,2025-07-11 08:52:51
C03499,Sewage overflow,Sewage overflow. Foot back range need career face toward off policy senior movement almost camera resource keep.,Drainage,High,95,46,False,17.44714423,78.56156775,Pending,2025-12-08 08:52:51
C03500,Road crack,Road crack. Partner rather necessary once because throw over thought buy painting but foot bank usually goal.,Roads,Medium,50,86,False,17.48833007,78.48107004,In Progress,2025-09-25 08:52:51
C03501,Loose electric wire,Loose electric wire. College eight somebody above our sort myself major grow power management.,Electrical,Low,0,96,False,17.38232822,78.51024769,Assigned,2026-04-25 08:52:51
C03502,Broken bench,Broken bench. Campaign Mr son individual say budget should should message.,Parks,High,54,86,False,17.27637758,78.35346343,Assigned,2025-11-29 08:52:51
C03503,Damaged pavement,Damaged pavement. Attention ready agent true simply culture somebody major near discover party material drop she determine.,Roads,Low,21,72,False,17.26531171,78.57488028,Pending,2025-07-18 08:52:51
C03504,Drain blockage,Drain blockage. Take foot enjoy short face president home science increase short partner probably let month.,Drainage,High,80,38,False,17.39678792,78.5361163,Resolved,2025-07-19 08:52:51
C03505,Damaged playground,Damaged playground. Rest big cultural nor bit group science attack pass population find trial tonight many protect reflect.,Parks,Medium,37,8,False,17.44727228,78.42807029,Resolved,2025-08-28 08:52:51
C03506,Unsafe area,Unsafe area. Cut general beyond candidate fire carry up.,Public Safety,Low,14,92,False,17.50949166,78.50637595,Assigned,2026-01-14 08:52:51
C03507,Damaged pavement,Damaged pavement. Its up within run interest pressure tonight.,Roads,Low,9,58,False,17.2590437,78.40811071,Pending,2026-02-27 08:52:51
C03508,Damaged pavement,Damaged pavement. Mention wall street try cause miss will ball sister interesting.,Roads,Low,2,82,False,17.49380592,78.59379075,Resolved,2026-05-30 08:52:51
C03509,Illegal parking,Illegal parking. Oil line quality else physical usually only Democrat represent.,Traffic,Low,15,50,False,17.48022931,78.43269319,Assigned,2026-02-13 08:52:51
C03510,Road crack,Road crack. Even try wife car trial attorney nature tough someone role age bit among president guy activity.,Roads,Low,0,52,False,17.43674186,78.47190382,Closed,2026-05-21 08:52:51
C03511,Pipeline burst,Pipeline burst. Pass wife indeed station public pick whose to.,Water Supply,Low,21,50,False,17.27929995,78.45748826,Resolved,2026-02-08 08:52:51
C03512,Road crack,Road crack. Especially wish enter I relationship someone first difference.,Roads,High,92,25,False,17.34843601,78.41006542,Pending,2025-07-11 08:52:51
C03513,Park maintenance issue,Park maintenance issue. Page claim conference difficult in nice citizen must heavy.,Parks,Critical,95,33,False,17.24813243,78.37475347,Resolved,2026-04-15 08:52:51
C03514,Pothole on road,Pothole on road. Imagine year western yourself military boy I effort very evening.,Roads,High,70,18,False,17.27972725,78.62703913,Closed,2026-04-18 08:52:51
C03515,Street light not working,Street light not working. Son spend visit Democrat thousand clear spend little soldier which and.,Electrical,High,69,50,False,17.4757116,78.36701847,Resolved,2026-01-14 08:52:51
C03516,Traffic congestion,Traffic congestion. Health score member my move generation main goal leave not near drop democratic so.,Traffic,Low,1,51,False,17.28422418,78.57067546,Pending,2026-03-02 08:52:51
C03517,Pipeline burst,Pipeline burst. Make couple rather political paper team ago only father century sometimes capital.,Water Supply,High,93,66,False,17.51755851,78.6069702,Resolved,2025-10-14 08:52:51
C03518,Loose electric wire,Loose electric wire. None pay carry popular particular amount will soon name.,Electrical,Medium,42,99,False,17.326863,78.58753377,Pending,2025-11-09 08:52:51
C03519,Broken bench,Broken bench. Apply better trouble it indeed security star.,Parks,High,68,31,False,17.48829054,78.62799879,Assigned,2025-08-14 08:52:51
C03520,Road crack,Road crack. Because star foreign especially both nearly piece region child design step conference value but.,Roads,Low,7,85,False,17.52282325,78.40821638,In Progress,2025-11-20 08:52:51
C03521,Drain blockage,Drain blockage. Leave direction available leave teacher sign likely finally.,Drainage,High,65,54,False,17.52729569,78.56437176,Assigned,2025-12-10 08:52:51
C03522,Road crack,Road crack. Rather cost organization and customer voice fund tonight husband ask way.,Roads,Low,8,6,False,17.53380823,78.52320878,Assigned,2025-06-26 08:52:51
C03523,Traffic signal failure,Traffic signal failure. Less color message wind wear production security season dinner pretty resource president.,Traffic,High,52,7,False,17.43152433,78.39403562,Assigned,2026-03-25 08:52:51
C03524,Garbage not collected,Garbage not collected. Marriage ground reason provide interesting strong traditional picture decide.,Sanitation,High,75,77,False,17.35193024,78.3417142,Pending,2026-04-28 08:52:51
C03525,Drain blockage,Drain blockage. Inside stage meet exactly perform finally partner science family employee to.,Drainage,High,73,19,False,17.50481539,78.62192856,Resolved,2026-01-21 08:52:51
C03526,Unsafe area,Unsafe area. Carry according training the they speech nothing address spring remain money above child perhaps.,Public Safety,Medium,50,98,False,17.37511776,78.63515654,Assigned,2026-03-22 08:52:51
C03527,Illegal parking,Illegal parking. Girl law put again pass begin expert every responsibility get boy.,Traffic,High,97,67,False,17.35375195,78.60859985,Assigned,2025-06-10 08:52:51
C03528,Broken bench,Broken bench. Hope cold kid skill open soon skin decide course leg court action civil.,Parks,Low,23,4,False,17.3070787,78.55447284,Pending,2025-12-30 08:52:51
C03529,Sewage overflow,Sewage overflow. To total standard require seek kind increase argue.,Drainage,High,72,21,False,17.336174,78.34890276,Resolved,2026-04-13 08:52:51
C03530,Abandoned vehicle,Abandoned vehicle. Risk create mission now which Mrs strong city miss college Democrat alone.,Public Safety,Critical,98,26,False,17.24805027,78.33925203,Resolved,2025-10-29 08:52:51
C03531,Overflowing waste bins,Overflowing waste bins. According foreign cultural fine prevent others relate sound walk modern environment to positive nature health.,Sanitation,High,85,87,False,17.49200484,78.46924855,Pending,2026-01-13 08:52:51
C03532,Water leakage,Water leakage. Both east present mind miss foreign environmental manager kitchen school spend soldier seat eye through the.,Water Supply,High,95,100,False,17.47715181,78.50099424,In Progress,2025-08-04 08:52:51
C03533,Pothole on road,Pothole on road. Keep attention list city watch believe appear for important compare in.,Roads,Low,15,22,False,17.37196529,78.43883295,Assigned,2025-12-30 08:52:51
C03534,Damaged playground,Damaged playground. Reveal population set interview forget writer financial bill knowledge.,Parks,Critical,85,2,False,17.48648269,78.55971635,Closed,2026-04-23 08:52:51
C03535,Loose electric wire,Loose electric wire. Visit face statement charge society source shoulder according identify modern method card onto house.,Electrical,High,99,55,False,17.48995206,78.35115133,Resolved,2025-06-16 08:52:51
C03536,Pipeline burst,Pipeline burst. Commercial determine thank same suggest matter those much degree beautiful.,Water Supply,High,67,15,False,17.24709332,78.6146562,Assigned,2025-11-20 08:52:51
C03537,Trash accumulation,Trash accumulation. Environmental body purpose control assume skin Republican they wall chair.,Sanitation,Low,1,60,False,17.4645204,78.45686461,Assigned,2026-01-29 08:52:51
C03538,Loose electric wire,Loose electric wire. Issue relationship base draw right away not left black left.,Electrical,Medium,33,1,False,17.47866044,78.58065937,Pending,2025-10-19 08:52:51
C03539,Street light not working,Street light not working. Quality method product could TV tax fall result property service state but suddenly.,Electrical,Critical,94,12,False,17.4429593,78.43489309,In Progress,2025-10-23 08:52:51
C03540,Illegal parking,Illegal parking. Although sound high glass receive meet Democrat painting oil major support prevent fact score.,Traffic,High,95,46,False,17.47370459,78.42238058,Assigned,2025-08-26 08:52:51
C03541,Unsafe area,Unsafe area. Tonight in majority morning party she man firm traditional red point stand third population wonder.,Public Safety,Medium,34,68,False,17.43215912,78.47475099,Assigned,2026-05-23 08:52:51
C03542,Damaged playground,Damaged playground. Thank will other cultural attack entire company whom type argue upon feel character moment outside.,Parks,High,61,92,True,17.36981217,78.4161076,Resolved,2026-02-15 08:52:51
C03543,Road crack,Road crack. Available discuss example fire message should already appear hot actually give lead really.,Roads,Low,6,18,False,17.38965543,78.49055168,Pending,2026-03-06 08:52:51
C03544,Pipeline burst,Pipeline burst. Available tell southern figure film community into member name these.,Water Supply,Medium,50,70,False,17.28843925,78.44474872,Assigned,2026-02-18 08:52:51
C03545,Sewage overflow,Sewage overflow. Care board drive tend interview office region system most process star sense story.,Drainage,High,51,1,False,17.38178172,78.39363309,In Progress,2025-08-17 08:52:51
C03546,Pipeline burst,Pipeline burst. Free less any individual whose computer child food to fund south authority great yeah maybe.,Water Supply,High,78,17,False,17.49765386,78.58946716,In Progress,2026-05-15 08:52:51
C03547,Unsafe area,Unsafe area. Story community important energy project challenge until available half carry response.,Public Safety,High,53,38,False,17.52672083,78.35713231,Closed,2026-04-10 08:52:51
C03548,Water leakage,Water leakage. Son myself adult between ball prepare production her care choose if per yourself information.,Water Supply,Medium,29,67,False,17.43188133,78.46655919,Resolved,2025-11-09 08:52:51
C03549,Overflowing waste bins,Overflowing waste bins. Hit movie give pick century box sister agent tough together event close loss above.,Sanitation,High,65,30,False,17.4661361,78.58274399,Resolved,2025-08-22 08:52:51
C03550,Pothole on road,Pothole on road. Something rule instead growth yard issue peace fear should life figure clear work.,Roads,Low,11,87,False,17.34755609,78.35988475,Resolved,2026-05-08 08:52:51
C03551,Drain blockage,Drain blockage. View also put material worker civil dream citizen another executive.,Drainage,Medium,49,36,False,17.45089832,78.37182058,Assigned,2026-05-22 08:52:51
C03552,Garbage not collected,Garbage not collected. While challenge rock may tough history fear on on industry information PM.,Sanitation,Critical,93,52,True,17.46256905,78.35558958,Closed,2025-11-30 08:52:51
C03553,Damaged pavement,Damaged pavement. Participant fall industry work art heavy my suddenly police probably we save book.,Roads,Critical,93,75,False,17.36574833,78.51530719,Resolved,2025-08-05 08:52:51
C03554,No water supply,No water supply. Discuss go find draw more according meeting get particularly south occur state as energy challenge pull.,Water Supply,High,80,32,False,17.40517504,78.5232869,Resolved,2025-10-29 08:52:51
C03555,Garbage not collected,Garbage not collected. Dream go defense seat also century job thing the interest yes better mother.,Sanitation,High,93,46,False,17.31917325,78.38466594,In Progress,2025-07-15 08:52:51
C03556,No water supply,No water supply. Enter glass agency rule audience I bed happy market when.,Water Supply,Low,25,80,False,17.36936968,78.57259667,Closed,2026-02-06 08:52:51
C03557,Pipeline burst,Pipeline burst. Through prove either everything Mr sort finally decision international.,Water Supply,High,71,38,False,17.51718266,78.45533388,Closed,2025-08-02 08:52:51
C03558,Broken bench,Broken bench. Boy money public majority best word other west enough chance behavior these.,Parks,High,89,13,False,17.29116521,78.37230599,Pending,2026-01-12 08:52:51
C03559,Power outage,Power outage. Ball prevent value wish picture perhaps run serious role capital water husband.,Electrical,High,99,47,False,17.45700618,78.43281999,Resolved,2025-07-26 08:52:51
C03560,Loose electric wire,Loose electric wire. Cost might federal kitchen forget several amount.,Electrical,High,56,96,False,17.28559201,78.5202135,Assigned,2026-03-17 08:52:51
C03561,Traffic signal failure,Traffic signal failure. Party other manage professor factor see radio behind determine can good open concern.,Traffic,Medium,35,2,False,17.28562969,78.37595902,Closed,2026-05-24 08:52:51
C03562,Garbage not collected,Garbage not collected. Four high protect have let page production tell.,Sanitation,Medium,39,15,False,17.38425218,78.61846787,Closed,2025-09-08 08:52:51
C03563,Power outage,Power outage. Case American subject once entire identify spend another capital.,Electrical,High,71,43,False,17.36707701,78.60937128,Pending,2025-09-09 08:52:51
C03564,Trash accumulation,Trash accumulation. No certain which film production between history show section both dream establish.,Sanitation,High,62,62,False,17.50264544,78.61525764,Assigned,2026-04-14 08:52:51
C03565,Broken bench,Broken bench. Kind house control understand about whose among discover evidence crime health.,Parks,High,82,8,False,17.36963468,78.54596243,Pending,2025-07-21 08:52:51
C03566,Power outage,Power outage. Stop son court here occur name herself safe compare along somebody number physical among.,Electrical,Medium,28,33,False,17.44720675,78.38731826,Closed,2025-09-21 08:52:51
C03567,Trash accumulation,Trash accumulation. Up audience election sound mind kitchen offer reach.,Sanitation,Medium,42,69,True,17.47973065,78.42621507,Resolved,2025-09-30 08:52:51
C03568,Water leakage,Water leakage. Century wind a sing front fear that radio area effect Democrat spring seem threat.,Water Supply,Low,15,26,False,17.27465086,78.60243455,Assigned,2026-04-05 08:52:51
C03569,Illegal parking,Illegal parking. Risk hot check too political bank buy.,Traffic,Low,6,65,False,17.31364584,78.58478741,Pending,2026-01-07 08:52:51
C03570,Park maintenance issue,Park maintenance issue. While natural practice fill fund tax difficult discussion fall right just report hit energy.,Parks,High,77,49,False,17.23992003,78.49310183,Resolved,2026-01-28 08:52:51
C03571,Sewage overflow,Sewage overflow. Society world third skill least tonight page person.,Drainage,Medium,34,53,False,17.46199903,78.55089687,Pending,2026-05-17 08:52:51
C03572,Pipeline burst,Pipeline burst. Structure nation product recent always whether half war dark blood another can politics never song.,Water Supply,High,86,99,False,17.35116308,78.52046614,Resolved,2025-10-21 08:52:51
C03573,Illegal parking,Illegal parking. Try hit tonight stock full expect note son challenge debate physical kid nothing.,Traffic,Low,7,3,False,17.25717071,78.42195618,Pending,2026-05-24 08:52:51
C03574,Overflowing waste bins,Overflowing waste bins. Such include college beat least attorney change they vote tend attention peace goal table official tree.,Sanitation,Critical,98,27,False,17.43332475,78.56037505,Pending,2025-08-31 08:52:51
C03575,Sewage overflow,Sewage overflow. Behind later beautiful old great student heart break yet exist ago option impact.,Drainage,Critical,86,22,False,17.31418349,78.60952093,Assigned,2025-12-15 08:52:51
C03576,Garbage not collected,Garbage not collected. Writer here her company crime try lot concern participant.,Sanitation,Medium,30,25,False,17.38513356,78.36489853,Resolved,2025-10-26 08:52:51
C03577,Waterlogging,Waterlogging. Decade image story might order up other.,Drainage,Critical,98,74,False,17.49740452,78.53393536,Pending,2025-12-14 08:52:51
C03578,Pipeline burst,Pipeline burst. Official approach send memory onto ask beautiful middle better like realize kitchen region full.,Water Supply,Medium,50,44,False,17.29469182,78.63190418,Resolved,2026-02-06 08:52:51
C03579,Waterlogging,Waterlogging. Begin many recent career operation last task lay issue wall end former notice.,Drainage,High,74,9,False,17.53237068,78.43490904,In Progress,2026-05-01 08:52:51
C03580,Drain blockage,Drain blockage. Kind central than politics traditional director world gas check kind discover team every.,Drainage,High,69,6,False,17.34337823,78.54225212,Closed,2025-11-04 08:52:51
C03581,No water supply,No water supply. Black marriage lead difference country professor action action newspaper kitchen force help better message.,Water Supply,Medium,40,41,False,17.26803547,78.57068112,Assigned,2025-11-27 08:52:51
C03582,Traffic congestion,Traffic congestion. Light day model head research reach activity various when language pressure decide remember himself someone service.,Traffic,High,63,41,False,17.43127263,78.46636829,Assigned,2025-11-08 08:52:51
C03583,Unsafe area,Unsafe area. Visit especially receive ok family people fish drive.,Public Safety,High,51,28,False,17.40532553,78.5429997,Pending,2026-03-06 08:52:51
C03584,Public nuisance,Public nuisance. Beat peace Mr trouble clearly firm face coach beautiful fill true just prove along the support.,Public Safety,High,61,21,False,17.40237704,78.49320095,Assigned,2025-07-30 08:52:51
C03585,Trash accumulation,Trash accumulation. Figure sea since focus this coach case force whose while ask station.,Sanitation,Low,14,19,False,17.52255803,78.58962016,Resolved,2026-04-10 08:52:51
C03586,Damaged playground,Damaged playground. Better general difference book always military word face make drive this coach under.,Parks,Low,20,73,False,17.48744527,78.50673123,Resolved,2025-12-13 08:52:51
C03587,Damaged pavement,Damaged pavement. Player area yeah world some citizen model contain body ok.,Roads,Low,2,46,False,17.49008324,78.56846795,In Progress,2025-12-21 08:52:51
C03588,Overflowing waste bins,Overflowing waste bins. Between performance pull defense debate land employee spend local budget need thought respond.,Sanitation,High,76,28,False,17.29525569,78.57443537,Resolved,2026-02-19 08:52:51
C03589,Broken bench,Broken bench. Although stuff science produce enter administration image one how light relate radio approach her movie avoid.,Parks,Low,9,43,False,17.51387654,78.57657008,Assigned,2026-05-07 08:52:51
C03590,Street light not working,Street light not working. Short human indicate treatment less bag two left get dream pass contain rise wonder anyone always.,Electrical,Medium,39,83,False,17.41230129,78.50205025,Pending,2026-05-25 08:52:51
C03591,Pothole on road,Pothole on road. Everything career though role those eight under line world without.,Roads,Low,8,73,False,17.26272836,78.54633814,Pending,2025-06-16 08:52:51
C03592,Traffic signal failure,Traffic signal failure. Floor house central place fly state couple.,Traffic,High,56,14,False,17.51832659,78.42585414,In Progress,2026-05-04 08:52:51
C03593,Trash accumulation,Trash accumulation. Clearly hit place opportunity law require the responsibility that glass.,Sanitation,High,66,2,False,17.42425318,78.49723498,Closed,2025-11-08 08:52:51
C03594,Loose electric wire,Loose electric wire. Energy rather me little our believe a.,Electrical,High,87,96,False,17.46149872,78.39648305,Closed,2026-01-10 08:52:51
C03595,Pipeline burst,Pipeline burst. Event possible show bill arrive police laugh first.,Water Supply,Low,24,32,False,17.51207972,78.44223496,Pending,2025-09-20 08:52:51
C03596,Unsafe area,Unsafe area. Still recognize television certain ahead girl do while up hospital television old television should.,Public Safety,High,74,22,False,17.52012813,78.59311871,Closed,2025-07-28 08:52:51
C03597,Damaged playground,Damaged playground. Soon think skill develop protect sister surface bit then song cover easy close return individual.,Parks,Low,6,79,False,17.50880486,78.60750553,Pending,2025-10-14 08:52:51
C03598,Power outage,Power outage. Popular face senior sister be free certainly election third manager her kid.,Electrical,Low,12,12,False,17.50879895,78.41648925,Resolved,2025-12-12 08:52:51
C03599,Park maintenance issue,Park maintenance issue. Executive enough read too standard college son institution start administration threat reduce game fear never.,Parks,Low,20,96,False,17.43135333,78.4475992,Pending,2025-11-27 08:52:51
C03600,Trash accumulation,Trash accumulation. Task budget people soldier article build national attorney what.,Sanitation,Low,10,22,False,17.34823586,78.36403741,Assigned,2025-06-15 08:52:51
C03601,Park maintenance issue,Park maintenance issue. Prevent own son sport have finish theory idea company mouth join raise.,Parks,Low,4,98,False,17.42852465,78.37721606,Assigned,2026-04-10 08:52:51
C03602,Sewage overflow,Sewage overflow. Seat western window stuff control once perhaps evidence something at.,Drainage,Medium,35,45,False,17.47897883,78.37985221,Assigned,2025-09-13 08:52:51
C03603,Pothole on road,Pothole on road. Tell difference find up phone piece rather design its production member.,Roads,Medium,29,54,False,17.4184664,78.57154008,Resolved,2025-11-07 08:52:51
C03604,Road crack,Road crack. Sense old form successful couple eye wife table.,Roads,High,74,12,False,17.36703049,78.50841302,In Progress,2025-07-12 08:52:51
C03605,Abandoned vehicle,Abandoned vehicle. Member where task arm occur heart training night agree air coach century small worker.,Public Safety,High,58,89,False,17.27290056,78.48209464,In Progress,2026-01-11 08:52:51
C03606,Abandoned vehicle,Abandoned vehicle. Education cover various be none way maybe yourself forget type him themselves work.,Public Safety,Critical,86,63,False,17.34443459,78.58517012,Pending,2026-01-22 08:52:51
C03607,Overflowing waste bins,Overflowing waste bins. Leg degree style suddenly goal PM method worker behind mother.,Sanitation,Medium,42,5,False,17.35317061,78.39334896,Assigned,2025-11-27 08:52:51
C03608,Pothole on road,Pothole on road. Him become yes value move scientist nearly produce change rock population parent.,Roads,Low,3,10,False,17.45866099,78.51662822,Closed,2025-11-14 08:52:51
C03609,Traffic signal failure,Traffic signal failure. Point simply western consider between particular eye say.,Traffic,Low,22,32,False,17.41564235,78.58340932,Pending,2026-04-25 08:52:51
C03610,Waterlogging,Waterlogging. Purpose model agree foot parent account painting short sort number physical guess cultural evening.,Drainage,High,52,11,False,17.39892299,78.58480346,Closed,2026-01-17 08:52:51
C03611,Illegal parking,Illegal parking. Eye top third network role item economy teach organization.,Traffic,Low,18,79,False,17.28992246,78.59607331,In Progress,2026-03-24 08:52:51
C03612,Park maintenance issue,Park maintenance issue. Important read wait watch loss drop sign laugh tonight energy.,Parks,High,80,43,False,17.39970004,78.61006722,In Progress,2025-09-21 08:52:51
C03613,Water leakage,Water leakage. Help establish media especially into bank or sound bill structure less particularly.,Water Supply,High,65,96,False,17.41101705,78.57377054,In Progress,2025-06-11 08:52:51
C03614,Park maintenance issue,Park maintenance issue. Might pull specific hour stop design guess president buy simple than.,Parks,Low,18,17,False,17.31282867,78.52408573,Pending,2025-11-30 08:52:51
C03615,Drain blockage,Drain blockage. Including little under owner far college smile pattern coach herself our relate say road claim.,Drainage,Medium,40,62,False,17.46263546,78.47222823,Closed,2025-06-10 08:52:51
C03616,Road crack,Road crack. Go actually meet travel southern attention blood bring pretty wind billion know.,Roads,High,91,24,False,17.38564128,78.42132924,Closed,2026-02-22 08:52:51
C03617,Street light not working,Street light not working. Bed prevent serious answer I hit room media daughter treatment produce them camera.,Electrical,Critical,94,10,False,17.30235961,78.45711981,Closed,2025-11-20 08:52:51
C03618,Abandoned vehicle,Abandoned vehicle. Price plant security too relate commercial rest than prove body when sort.,Public Safety,High,88,65,False,17.50563562,78.61721331,In Progress,2025-11-12 08:52:51
C03619,Loose electric wire,Loose electric wire. Sister able dream language yourself big above nothing.,Electrical,Medium,41,27,False,17.28915483,78.43106302,Assigned,2025-10-01 08:52:51
C03620,Public nuisance,Public nuisance. Trip cause world college practice know our.,Public Safety,High,62,28,False,17.27473915,78.44804188,In Progress,2025-07-24 08:52:51
C03621,Waterlogging,Waterlogging. Technology while home gun design thus conference just outside scientist effect best share long.,Drainage,High,55,5,False,17.39291989,78.6298826,Resolved,2026-05-02 08:52:51
C03622,Abandoned vehicle,Abandoned vehicle. Look growth energy appear hospital base give than such hundred more sister over.,Public Safety,Critical,93,5,False,17.39013445,78.43390018,Closed,2025-09-13 08:52:51
C03623,Traffic signal failure,Traffic signal failure. Life no leg subject fill interest party wonder soldier affect those who.,Traffic,High,64,51,False,17.29730589,78.54558595,Assigned,2025-06-21 08:52:51
C03624,Garbage not collected,Garbage not collected. House young stage show man strong report girl relate wide enough response by conference.,Sanitation,High,65,66,False,17.48328245,78.47192587,In Progress,2026-05-30 08:52:51
C03625,Public nuisance,Public nuisance. Try tax recent sit fall last think himself scientist pretty question.,Public Safety,Medium,27,72,False,17.52830035,78.50672641,Assigned,2025-09-11 08:52:51
C03626,Loose electric wire,Loose electric wire. First pretty rise without hotel clearly lay house structure heavy situation.,Electrical,High,73,1,False,17.24088172,78.55121825,In Progress,2026-04-21 08:52:51
C03627,Public nuisance,Public nuisance. Test reveal together husband so act first state treat course management personal whole worker.,Public Safety,Low,9,8,False,17.3255289,78.45054187,Pending,2026-02-02 08:52:51
C03628,Street light not working,Street light not working. Value hold return relationship energy west forward to help security left poor right.,Electrical,High,54,72,False,17.39974835,78.63650267,Pending,2026-04-21 08:52:51
C03629,Public nuisance,Public nuisance. Piece herself clear red federal collection put line task.,Public Safety,High,72,85,False,17.23720371,78.46949427,Closed,2025-12-23 08:52:51
C03630,Traffic signal failure,Traffic signal failure. Sport effect while less side open remain keep take game figure sign water election minute site.,Traffic,High,66,93,True,17.52140535,78.33918928,Closed,2026-04-10 08:52:51
C03631,Sewage overflow,Sewage overflow. Century for oil first work friend beat they attack wear president without join carry many.,Drainage,High,65,79,False,17.50983957,78.33826722,Resolved,2025-09-06 08:52:51
C03632,Pipeline burst,Pipeline burst. Green imagine traditional glass growth support no along participant they within difficult common.,Water Supply,Low,4,23,False,17.40559881,78.46418183,Closed,2026-04-20 08:52:51
C03633,Traffic signal failure,Traffic signal failure. Some central kitchen impact throughout authority cut.,Traffic,Low,16,73,True,17.25694241,78.42024607,Assigned,2026-04-18 08:52:51
C03634,Public nuisance,Public nuisance. The force method huge full concern market.,Public Safety,High,73,82,False,17.34147813,78.49710625,Closed,2025-08-10 08:52:51
C03635,Park maintenance issue,Park maintenance issue. Civil box economy enjoy whether level him wear add consider describe strategy.,Parks,High,61,35,False,17.48315027,78.52413076,In Progress,2025-08-16 08:52:51
C03636,Damaged playground,Damaged playground. Friend suggest customer performance necessary record hit Mr long song western also explain.,Parks,Medium,28,61,True,17.52062208,78.42042947,Resolved,2026-05-13 08:52:51
C03637,Water leakage,Water leakage. Kitchen within question yeah them include number yourself surface line.,Water Supply,High,58,51,False,17.24475462,78.43958164,Closed,2025-07-22 08:52:51
C03638,Loose electric wire,Loose electric wire. Across security service idea little coach raise those military police design fall bed traditional.,Electrical,Low,16,81,False,17.2522618,78.5304767,Pending,2025-10-11 08:52:51
C03639,Water leakage,Water leakage. Read stage high time identify couple light toward one.,Water Supply,Low,13,32,False,17.33956214,78.41331197,Assigned,2025-10-01 08:52:51
C03640,Unsafe area,Unsafe area. Hit woman parent low trial admit car party yeah.,Public Safety,Low,8,27,False,17.26039246,78.62892464,Resolved,2026-03-06 08:52:51
C03641,No water supply,No water supply. Cost hope director report possible brother face visit food.,Water Supply,Medium,38,51,False,17.37855341,78.42793431,Resolved,2026-05-06 08:52:51
C03642,Damaged pavement,Damaged pavement. Single town attorney by pull discover entire window heart few.,Roads,Medium,49,57,False,17.3966553,78.50726035,Assigned,2026-05-14 08:52:51
C03643,Park maintenance issue,Park maintenance issue. Opportunity different stay too prove beyond effort next color enough final base central dinner agreement leg.,Parks,High,98,52,False,17.37544219,78.49439882,Closed,2026-05-01 08:52:51
C03644,Public nuisance,Public nuisance. Hair kid subject write federal other success loss.,Public Safety,High,65,87,True,17.28373229,78.57120952,In Progress,2026-02-16 08:52:51
C03645,Power outage,Power outage. Much western provide thousand mouth suggest matter wrong performance woman.,Electrical,Medium,47,78,False,17.36044986,78.44884764,Pending,2025-12-31 08:52:51
C03646,Power outage,Power outage. Direction evening address now matter college simple federal need thousand.,Electrical,Low,8,37,False,17.49248995,78.46588889,Resolved,2025-09-05 08:52:51
C03647,Power outage,Power outage. Back throw entire security again table year middle suggest someone heavy social billion person.,Electrical,Low,18,90,False,17.38965893,78.39795583,Resolved,2026-05-31 08:52:51
C03648,Water leakage,Water leakage. Protect hundred tax for wonder successful space support.,Water Supply,Medium,45,33,False,17.42296523,78.49493336,In Progress,2026-03-18 08:52:51
C03649,Drain blockage,Drain blockage. Interesting many contain director though heavy training represent amount should seven role cultural.,Drainage,Medium,50,19,False,17.44936579,78.36235132,Assigned,2025-07-21 08:52:51
C03650,Trash accumulation,Trash accumulation. Camera across hand four room support appear southern position.,Sanitation,High,71,73,False,17.50776235,78.54245978,Closed,2025-12-27 08:52:51
C03651,Loose electric wire,Loose electric wire. Bill camera key drop century begin argue either ask sport.,Electrical,High,56,12,False,17.34169769,78.53491822,Assigned,2025-08-16 08:52:51
C03652,Traffic signal failure,Traffic signal failure. Pass two accept democratic herself west weight drug adult amount.,Traffic,Critical,96,93,False,17.47832187,78.34064045,Closed,2026-01-18 08:52:51
C03653,Street light not working,Street light not working. Risk involve head than my treat word all.,Electrical,Low,10,12,False,17.27625258,78.5493775,Assigned,2026-04-05 08:52:51
C03654,Illegal parking,Illegal parking. Away talk wear type light spend edge at member day want class memory action manager.,Traffic,Medium,31,41,False,17.50376323,78.3690651,Closed,2025-06-24 08:52:51
C03655,Abandoned vehicle,Abandoned vehicle. Son sea under stock with indicate particularly despite fear professional animal music concern benefit.,Public Safety,Low,8,58,False,17.24625911,78.49669125,Resolved,2026-03-03 08:52:51
C03656,Public nuisance,Public nuisance. Manage instead thing Congress sure something other develop cold difficult culture ago provide fill why should.,Public Safety,High,85,49,False,17.37518685,78.40774584,Pending,2026-03-17 08:52:51
C03657,Broken bench,Broken bench. Society support within lead must tough growth growth.,Parks,High,62,37,False,17.41419367,78.48282364,Closed,2025-07-20 08:52:51
C03658,Park maintenance issue,Park maintenance issue. Manage late entire experience moment it next serious.,Parks,High,62,69,False,17.24848473,78.46044615,In Progress,2025-10-08 08:52:51
C03659,Sewage overflow,Sewage overflow. Other entire quality space leg call I star itself sport same film.,Drainage,Low,15,52,False,17.35724014,78.4113662,Closed,2025-10-04 08:52:51
C03660,Drain blockage,Drain blockage. Large culture yeah eat for loss last week avoid tend anything outside listen grow animal.,Drainage,Medium,45,92,False,17.44582286,78.37344825,Closed,2025-07-03 08:52:51
C03661,No water supply,No water supply. Manage develop beat truth off item available plant check eye south.,Water Supply,Critical,86,7,False,17.28257727,78.36576864,Assigned,2026-03-05 08:52:51
C03662,Unsafe area,Unsafe area. Attention red direction type soldier oil game accept ok she learn.,Public Safety,High,69,47,False,17.28650033,78.39800918,Closed,2025-06-13 08:52:51
C03663,Illegal parking,Illegal parking. Security meet occur someone attack enough cultural building he health country establish staff parent rest.,Traffic,Critical,87,98,False,17.25111853,78.49813773,Assigned,2025-06-04 08:52:51
C03664,Illegal parking,Illegal parking. Family activity range themselves dinner provide address.,Traffic,Low,23,1,False,17.40400035,78.56007863,Assigned,2026-03-14 08:52:51
C03665,Pipeline burst,Pipeline burst. Change however seek by old bring war others reflect author find attention.,Water Supply,Medium,27,94,False,17.37760621,78.56801233,In Progress,2025-10-12 08:52:51
C03666,Pothole on road,Pothole on road. Glass able song never speak seat street ground nothing federal thank task picture.,Roads,Medium,37,70,False,17.43598894,78.47789174,Resolved,2025-10-17 08:52:51
C03667,Pipeline burst,Pipeline burst. Produce part political letter simple artist across us back away author next.,Water Supply,Medium,29,59,False,17.36300123,78.57072143,Assigned,2025-10-28 08:52:51
C03668,Drain blockage,Drain blockage. By stuff piece agent nature role describe section exactly include thing wish direction despite.,Drainage,High,71,3,False,17.46706058,78.39461999,Assigned,2026-04-07 08:52:51
C03669,Abandoned vehicle,Abandoned vehicle. Over second pass up medical adult bank adult apply hour result.,Public Safety,Low,22,99,False,17.24644793,78.51242713,Pending,2026-04-25 08:52:51
C03670,Unsafe area,Unsafe area. Maybe wear campaign number blue get lose share raise base sport movie.,Public Safety,High,72,90,False,17.3691734,78.48664746,Resolved,2025-07-24 08:52:51
C03671,Street light not working,Street light not working. Agency however from member upon ten list city those set instead first.,Electrical,High,52,78,True,17.31594082,78.51546276,In Progress,2025-09-01 08:52:51
C03672,Illegal parking,Illegal parking. Think I marriage it different Democrat situation kitchen read fill understand catch guy page heart author.,Traffic,High,97,62,False,17.50276908,78.3765809,Assigned,2025-07-19 08:52:51
C03673,Road crack,Road crack. Common situation parent study treatment board respond who describe million firm some same page subject.,Roads,Medium,46,94,False,17.46408154,78.46352433,Pending,2026-05-18 08:52:51
C03674,Broken bench,Broken bench. Yourself reality agent really power nor staff kind cover.,Parks,Low,7,3,False,17.35426795,78.50097464,Assigned,2026-01-25 08:52:51
C03675,Loose electric wire,Loose electric wire. Total society professor season suggest land hour focus economic do special remain can pattern.,Electrical,Critical,100,94,False,17.51486241,78.41856724,Assigned,2025-07-19 08:52:51
C03676,Overflowing waste bins,Overflowing waste bins. Herself reason structure billion remember my hear.,Sanitation,High,55,47,False,17.35206295,78.52438374,Resolved,2025-11-23 08:52:51
C03677,Sewage overflow,Sewage overflow. Trouble just understand keep western together probably whose general.,Drainage,Low,25,65,False,17.28391305,78.39687498,Assigned,2025-06-30 08:52:51
C03678,Power outage,Power outage. Without off question gun surface every meet state education woman since impact understand.,Electrical,Critical,100,89,False,17.31455887,78.48011793,Pending,2026-03-28 08:52:51
C03679,Broken bench,Broken bench. Chair president administration government push away day question blood figure get by.,Parks,Low,21,2,False,17.32386016,78.55834652,Assigned,2026-03-03 08:52:51
C03680,No water supply,No water supply. Pay should bar treat out weight tend out fine shake week usually whatever yourself surface.,Water Supply,High,90,54,False,17.38645574,78.4356031,Closed,2025-10-02 08:52:51
C03681,Traffic signal failure,Traffic signal failure. Voice sport be all white trouble common adult.,Traffic,Medium,41,69,False,17.37435609,78.42189914,Assigned,2026-01-21 08:52:51
C03682,Damaged playground,Damaged playground. Explain case much admit a much central blood become.,Parks,Low,22,34,False,17.32519609,78.42010522,Resolved,2025-12-11 08:52:51
C03683,No water supply,No water supply. Police international a well collection southern cold institution begin too under weight their indicate.,Water Supply,High,73,34,False,17.39820165,78.59058753,Assigned,2026-02-28 08:52:51
C03684,Damaged playground,Damaged playground. Occur increase away especially parent need sea.,Parks,Low,12,83,False,17.29645005,78.34325692,Closed,2025-11-09 08:52:51
C03685,Park maintenance issue,Park maintenance issue. Billion us several program discussion blood course although century painting likely probably street.,Parks,Critical,91,74,True,17.36807398,78.39983321,Pending,2025-06-07 08:52:51
C03686,Pothole on road,Pothole on road. Eye ground visit think beautiful stuff water rich similar accept fall page.,Roads,Medium,43,72,False,17.35768749,78.44749292,In Progress,2025-11-12 08:52:51
C03687,Sewage overflow,Sewage overflow. Class ago standard culture it beyond kitchen event who positive develop population.,Drainage,Critical,89,28,False,17.27088783,78.52736215,Closed,2025-12-26 08:52:51
C03688,Drain blockage,Drain blockage. Official prove social production statement talk middle nearly concern card movement.,Drainage,Critical,98,68,False,17.49853427,78.38379751,Resolved,2025-10-03 08:52:51
C03689,Damaged playground,Damaged playground. Manage good of affect hour cut best like short better woman.,Parks,Medium,33,96,False,17.30088915,78.43658272,Pending,2025-10-04 08:52:51
C03690,Waterlogging,Waterlogging. View within sound wide night gun defense open establish certain glass very your.,Drainage,Low,16,5,False,17.40000584,78.38381421,In Progress,2026-02-04 08:52:51
C03691,Road crack,Road crack. Tough role indicate across without letter he single.,Roads,High,76,49,False,17.4919509,78.5228259,Closed,2025-10-09 08:52:51
C03692,Damaged pavement,Damaged pavement. Forget method score own start home letter Mrs role hot.,Roads,High,64,89,False,17.47953892,78.38393428,Resolved,2026-05-30 08:52:51
C03693,Loose electric wire,Loose electric wire. Good window dream really fund age Democrat camera better certain prove future hundred.,Electrical,High,74,89,False,17.52427249,78.52778928,Assigned,2025-08-01 08:52:51
C03694,Pothole on road,Pothole on road. Management rule their movie focus information institution believe in upon.,Roads,Medium,28,13,False,17.30981687,78.43570146,Resolved,2025-12-02 08:52:51
C03695,Damaged pavement,Damaged pavement. Question majority similar myself American who general between seem light hundred.,Roads,Medium,50,100,False,17.5216052,78.60605963,Pending,2026-02-18 08:52:51
C03696,Traffic congestion,Traffic congestion. Company out task citizen ok watch tell nation.,Traffic,High,93,83,False,17.32335036,78.41814623,In Progress,2025-07-03 08:52:51
C03697,Public nuisance,Public nuisance. Coach on long court believe throughout participant idea system institution compare.,Public Safety,Medium,39,82,False,17.23918812,78.50481325,Closed,2026-03-11 08:52:51
C03698,Illegal parking,Illegal parking. Add throughout actually arrive travel his the them drop.,Traffic,High,92,27,False,17.40908072,78.39114682,Closed,2026-05-14 08:52:51
C03699,Sewage overflow,Sewage overflow. Such public happen market cultural mouth prepare federal compare word right not describe bank.,Drainage,Low,5,63,False,17.52430741,78.36380004,In Progress,2025-07-28 08:52:51
C03700,Public nuisance,Public nuisance. Speech take learn send nature most station hair scientist them nothing modern discuss.,Public Safety,High,57,33,False,17.24640301,78.61752761,Pending,2025-12-29 08:52:51
C03701,Garbage not collected,Garbage not collected. Child series get democratic force pay home.,Sanitation,Medium,36,11,False,17.48173052,78.57490179,Resolved,2025-08-31 08:52:51
C03702,Garbage not collected,Garbage not collected. Agreement player institution mother church style of north soldier mouth series be foot.,Sanitation,High,52,40,False,17.45094055,78.4756468,Assigned,2026-01-16 08:52:51
C03703,Street light not working,Street light not working. Production box still only executive class financial force address wear sit cold box course director six.,Electrical,Medium,39,95,False,17.5204269,78.381384,Assigned,2025-10-15 08:52:51
C03704,Traffic congestion,Traffic congestion. Around message radio dark someone significant myself outside million beat general draw great sound.,Traffic,Medium,32,23,False,17.4608053,78.53550073,Resolved,2025-09-02 08:52:51
C03705,Power outage,Power outage. Policy senior this inside consumer through two nearly.,Electrical,High,70,97,False,17.34054043,78.60456679,Pending,2026-05-10 08:52:51
C03706,Waterlogging,Waterlogging. Role why notice result attention or far around draw business to discover.,Drainage,Low,20,12,False,17.50491408,78.60821138,Assigned,2025-10-18 08:52:51
C03707,No water supply,No water supply. Admit method small determine prove pay likely until each suddenly one size southern many hope.,Water Supply,Medium,50,93,False,17.35494096,78.40826986,In Progress,2026-02-17 08:52:51
C03708,Garbage not collected,Garbage not collected. Bit watch ok work while skill trial any soldier moment.,Sanitation,High,58,36,False,17.49755291,78.51740658,Resolved,2025-11-15 08:52:51
C03709,Damaged pavement,Damaged pavement. Home nearly ago week large set never both seven.,Roads,Critical,92,60,False,17.28416659,78.57348253,Resolved,2025-07-08 08:52:51
C03710,Traffic signal failure,Traffic signal failure. Foreign language Democrat establish hear various song.,Traffic,Medium,39,94,False,17.49573691,78.54515388,Pending,2025-06-05 08:52:51
C03711,Street light not working,Street light not working. Finish out either the yeah thus choice quality crime despite whole possible way major foot.,Electrical,Low,15,58,False,17.24029875,78.60022705,Closed,2025-07-26 08:52:51
C03712,Loose electric wire,Loose electric wire. Heart hundred boy real economic me yard class economy leave gas analysis third.,Electrical,Medium,35,60,False,17.41757103,78.50842287,Closed,2025-07-21 08:52:51
C03713,Trash accumulation,Trash accumulation. Future change police really out relate eat great again.,Sanitation,High,53,42,False,17.4102978,78.38364051,Pending,2026-02-26 08:52:51
C03714,Street light not working,Street light not working. Attention around skin vote value he themselves drop ask example maintain order worry stock.,Electrical,High,71,65,False,17.33963512,78.48720714,Pending,2025-08-19 08:52:51
C03715,Loose electric wire,Loose electric wire. Should point set score economic left people certain generation important.,Electrical,High,60,26,False,17.33164433,78.40650645,Resolved,2026-02-06 08:52:51
C03716,Drain blockage,Drain blockage. Oil two strategy shoulder assume fall garden mention either matter cost carry.,Drainage,Low,19,45,False,17.40665094,78.46755979,In Progress,2025-08-08 08:52:51
C03717,Broken bench,Broken bench. Eat response commercial north especially product phone.,Parks,High,56,92,False,17.30045933,78.56869054,Assigned,2025-11-21 08:52:51
C03718,Sewage overflow,Sewage overflow. Challenge night image special or apply nature.,Drainage,Medium,38,40,False,17.52668056,78.40704576,Closed,2025-07-08 08:52:51
C03719,Unsafe area,Unsafe area. Election little though read stage add charge heavy for especially if base wish player health door.,Public Safety,High,89,31,False,17.42481388,78.40664945,Resolved,2026-03-26 08:52:51
C03720,Public nuisance,Public nuisance. Individual southern will senior concern reach ever purpose government still.,Public Safety,Low,11,51,True,17.31588519,78.35115777,Resolved,2026-03-20 08:52:51
C03721,Pipeline burst,Pipeline burst. Budget already central college project wait method to give.,Water Supply,Low,14,55,True,17.45405357,78.47444902,Resolved,2025-07-24 08:52:51
C03722,Sewage overflow,Sewage overflow. Move green director feel stuff age magazine rule push.,Drainage,Critical,90,39,True,17.24270045,78.36116631,Resolved,2026-05-11 08:52:51
C03723,Overflowing waste bins,Overflowing waste bins. Most itself might TV forward its student four list college discussion collection.,Sanitation,High,60,50,False,17.44758143,78.6202911,Closed,2025-06-27 08:52:51
C03724,Drain blockage,Drain blockage. Local film environmental prepare stuff catch ready another work stay Congress catch window significant.,Drainage,Medium,32,62,False,17.42389404,78.56121363,Assigned,2025-07-11 08:52:51
C03725,Damaged pavement,Damaged pavement. West prove hear kid share upon laugh charge.,Roads,Low,12,15,False,17.31483687,78.55167667,In Progress,2025-11-23 08:52:51
C03726,Abandoned vehicle,Abandoned vehicle. Everything agent individual hour girl marriage find too compare ever through current such.,Public Safety,High,63,12,False,17.30949029,78.5896219,Pending,2025-06-17 08:52:51
C03727,Pipeline burst,Pipeline burst. Rock direction significant reality walk believe measure hot allow picture.,Water Supply,High,56,9,False,17.27483133,78.34369053,Closed,2026-03-19 08:52:51
C03728,Traffic signal failure,Traffic signal failure. Season bill care goal Republican nice report arrive central town air such.,Traffic,Low,12,64,False,17.24252084,78.49812733,Assigned,2025-09-01 08:52:51
C03729,Abandoned vehicle,Abandoned vehicle. Ability site south around tree first anything pick then message.,Public Safety,Low,3,63,False,17.49268655,78.55720669,In Progress,2026-03-01 08:52:51
C03730,Traffic signal failure,Traffic signal failure. Television tend face practice whom short test.,Traffic,Medium,30,3,False,17.46983058,78.53465908,In Progress,2025-08-21 08:52:51
C03731,Waterlogging,Waterlogging. Point less ask figure total they plan school treatment head figure mention song others discuss.,Drainage,Medium,34,79,False,17.44111208,78.5878499,In Progress,2025-11-27 08:52:51
C03732,Power outage,Power outage. Interesting system western finish measure one pretty feeling.,Electrical,Low,17,10,False,17.47239941,78.4194815,In Progress,2026-05-31 08:52:51
C03733,Trash accumulation,Trash accumulation. Stock drug campaign over stage maintain fear music read effect it thousand few American.,Sanitation,High,90,41,True,17.43156031,78.39355333,Assigned,2025-10-16 08:52:51
C03734,Broken bench,Broken bench. Western deal arm add director off foreign indicate create although product pattern your senior any cut.,Parks,Low,11,69,False,17.51431059,78.3986937,Resolved,2025-08-30 08:52:51
C03735,Loose electric wire,Loose electric wire. System then idea her what mention wear down.,Electrical,High,57,28,False,17.50530581,78.37206991,In Progress,2025-09-28 08:52:51
C03736,Overflowing waste bins,Overflowing waste bins. Score economy quite method language wrong Mr herself.,Sanitation,Medium,44,25,False,17.49891238,78.35218895,Closed,2026-01-06 08:52:51
C03737,Loose electric wire,Loose electric wire. Resource establish space none speech form whether yourself out deep include.,Electrical,Medium,28,82,False,17.46005371,78.59757512,Assigned,2025-12-29 08:52:51
C03738,Park maintenance issue,Park maintenance issue. They city ever responsibility successful meet TV recent power compare difficult have together effect.,Parks,Critical,82,8,True,17.24138247,78.4603085,Resolved,2025-11-16 08:52:51
C03739,Traffic congestion,Traffic congestion. Per state sell project model miss build check explain film health attorney.,Traffic,Low,20,49,False,17.43781443,78.61583313,Assigned,2026-02-06 08:52:51
C03740,Traffic signal failure,Traffic signal failure. Hit system prepare point cut look late country or act know from.,Traffic,High,57,78,False,17.42539513,78.44080151,Closed,2026-03-20 08:52:51
C03741,Park maintenance issue,Park maintenance issue. Art want cover his out someone improve order because.,Parks,Critical,93,2,False,17.32346444,78.5817722,In Progress,2026-01-21 08:52:51
C03742,Water leakage,Water leakage. Part describe practice current realize heart should defense read account act.,Water Supply,Medium,30,29,False,17.35722192,78.36078918,Pending,2026-03-22 08:52:51
C03743,Park maintenance issue,Park maintenance issue. Perform must teach agency throw team expert message society four become.,Parks,Critical,97,66,False,17.28752054,78.58356508,Closed,2025-12-05 08:52:51
C03744,Unsafe area,Unsafe area. Fish near month space seat word stage sort star agency western side change police interesting skill.,Public Safety,High,55,14,False,17.42902446,78.52486438,In Progress,2025-10-03 08:52:51
C03745,Sewage overflow,Sewage overflow. Traditional admit care dream involve ever tax case act.,Drainage,Medium,40,54,False,17.31404986,78.62117254,Resolved,2025-09-01 08:52:51
C03746,Traffic congestion,Traffic congestion. International thank result race guy employee west kitchen art.,Traffic,Medium,40,28,False,17.34016029,78.50336139,Resolved,2025-11-03 08:52:51
C03747,Overflowing waste bins,Overflowing waste bins. Name would treatment set moment themselves organization actually public stuff seat assume poor seem movie.,Sanitation,Low,20,23,False,17.52344123,78.47790066,Closed,2025-09-23 08:52:51
C03748,Overflowing waste bins,Overflowing waste bins. Camera risk traditional market recognize next already require everybody born pull.,Sanitation,High,67,88,False,17.53492367,78.45614804,In Progress,2026-05-08 08:52:51
C03749,Waterlogging,Waterlogging. Per imagine heart million his everybody couple.,Drainage,High,63,49,False,17.24072811,78.52338503,Pending,2025-08-28 08:52:51
C03750,Pipeline burst,Pipeline burst. Result professor enjoy issue step attorney agree sound employee respond democratic ready night wall.,Water Supply,Medium,27,84,False,17.2382489,78.37208248,Pending,2025-09-21 08:52:51
C03751,Traffic signal failure,Traffic signal failure. Hour accept every rather shoulder activity more expect bag watch glass.,Traffic,High,95,15,False,17.47468863,78.36144648,Closed,2025-10-03 08:52:51
C03752,Road crack,Road crack. Near west accept real we threat week subject hit condition see actually recent respond.,Roads,High,86,83,False,17.39626519,78.35340289,Resolved,2025-07-12 08:52:51
C03753,Traffic signal failure,Traffic signal failure. Bar challenge teach election go myself speak himself compare especially rise those we fund.,Traffic,High,70,100,False,17.39235841,78.46053891,Assigned,2026-04-22 08:52:51
C03754,Drain blockage,Drain blockage. Wife activity before budget cut if rest teach this find on suffer artist artist guess impact.,Drainage,Medium,46,8,False,17.45777431,78.5932962,Pending,2026-03-20 08:52:51
C03755,Traffic signal failure,Traffic signal failure. Could save about expert significant somebody appear range former.,Traffic,High,59,18,False,17.4450779,78.58471341,In Progress,2025-07-16 08:52:51
C03756,Sewage overflow,Sewage overflow. Girl too rate agree everyone information indeed chance note step able.,Drainage,High,79,99,False,17.35473584,78.60428322,Assigned,2025-09-04 08:52:51
C03757,Unsafe area,Unsafe area. Share well then determine develop away reveal billion office.,Public Safety,Low,3,54,False,17.38990551,78.56600977,In Progress,2025-07-21 08:52:51
C03758,Illegal parking,Illegal parking. Process everything for case old heavy report hard now outside cause second.,Traffic,Low,6,46,False,17.38834546,78.63217955,Assigned,2026-04-12 08:52:51
C03759,No water supply,No water supply. Feeling leave realize material identify nor what certainly.,Water Supply,High,65,7,False,17.42457975,78.46665918,In Progress,2025-07-11 08:52:51
C03760,Traffic congestion,Traffic congestion. May also agree gas child charge technology political less institution.,Traffic,High,74,59,False,17.3689335,78.50684808,Pending,2026-01-07 08:52:51
C03761,Water leakage,Water leakage. Them hotel officer major maybe foot admit least.,Water Supply,High,80,31,False,17.4016191,78.37249256,Assigned,2026-04-28 08:52:51
C03762,Garbage not collected,Garbage not collected. Interesting among party test director prevent present good anything cut region.,Sanitation,High,97,18,False,17.45614022,78.49252259,Closed,2025-06-23 08:52:51
C03763,Trash accumulation,Trash accumulation. Degree move Republican mission keep town respond yeah technology trade.,Sanitation,High,85,59,False,17.51711591,78.36260724,In Progress,2026-01-23 08:52:51
C03764,Traffic signal failure,Traffic signal failure. Write sure president radio turn argue government father avoid.,Traffic,Low,9,15,True,17.37421274,78.39420812,In Progress,2025-08-07 08:52:51
C03765,Traffic signal failure,Traffic signal failure. Moment glass usually camera citizen bill short line.,Traffic,High,70,19,False,17.47524799,78.51906413,In Progress,2025-08-30 08:52:51
C03766,Overflowing waste bins,Overflowing waste bins. Yourself claim since economy never character to available painting fish level federal mention road resource.,Sanitation,Low,11,51,False,17.49756181,78.60708478,Assigned,2025-11-18 08:52:51
C03767,Power outage,Power outage. Next message senior guy economy religious down occur job environment reflect sell last enjoy.,Electrical,Low,2,31,False,17.29098371,78.54239694,Closed,2025-12-31 08:52:51
C03768,Traffic signal failure,Traffic signal failure. Consumer reflect chair chance somebody behind money.,Traffic,High,57,45,False,17.45650934,78.47675176,In Progress,2026-03-10 08:52:51
C03769,Damaged pavement,Damaged pavement. Tv size identify hit really picture hair season catch sure.,Roads,Low,16,92,False,17.31212908,78.56103403,Closed,2026-02-03 08:52:51
C03770,Traffic congestion,Traffic congestion. Relationship country truth first minute expect high through but summer next affect day production wall seem.,Traffic,Medium,43,55,True,17.40292356,78.34154973,Resolved,2026-03-21 08:52:51
C03771,Damaged pavement,Damaged pavement. Science family guy central list traditional member increase do cup seven artist between plant.,Roads,High,68,62,False,17.33595132,78.62161607,Pending,2025-07-27 08:52:51
C03772,Park maintenance issue,Park maintenance issue. Whole hotel city measure its office admit structure place.,Parks,Medium,26,85,False,17.36803748,78.35092995,Closed,2025-08-14 08:52:51
C03773,Street light not working,Street light not working. Table option suddenly fish and visit player.,Electrical,Low,10,99,False,17.52098552,78.38243231,Pending,2026-04-27 08:52:51
C03774,Overflowing waste bins,Overflowing waste bins. Religious PM inside reach speech put research modern sound reflect look door safe.,Sanitation,High,83,35,False,17.49596063,78.46602625,In Progress,2025-07-20 08:52:51
C03775,Overflowing waste bins,Overflowing waste bins. City especially field term major structure everyone catch figure discuss eat rule these north task opportunity.,Sanitation,Critical,86,49,False,17.27113906,78.57401711,In Progress,2025-11-19 08:52:51
C03776,Trash accumulation,Trash accumulation. Above wide five policy listen too bill west threat project hand maybe free occur.,Sanitation,High,85,90,False,17.42644098,78.44067188,In Progress,2026-01-02 08:52:51
C03777,Pothole on road,Pothole on road. Across speak tax military attention play baby their free art rate race space.,Roads,Medium,38,60,False,17.44976896,78.47474091,Resolved,2025-07-27 08:52:51
C03778,Road crack,Road crack. Various clear economic center staff too too method turn.,Roads,Medium,31,31,False,17.49477955,78.36342409,Closed,2026-04-08 08:52:51
C03779,Illegal parking,Illegal parking. On happen because start per glass rock good significant performance.,Traffic,High,59,14,False,17.39360459,78.43916251,Assigned,2026-01-17 08:52:51
C03780,Traffic congestion,Traffic congestion. Imagine attention personal guy wonder similar environment manage question enjoy add free.,Traffic,Medium,43,0,False,17.26559736,78.63269342,Resolved,2025-09-19 08:52:51
C03781,Loose electric wire,Loose electric wire. Key soldier several summer inside between realize report learn check physical choose drop authority blood.,Electrical,High,92,49,False,17.25269983,78.35162348,Closed,2026-01-01 08:52:51
C03782,Pipeline burst,Pipeline burst. Operation yes group recently face rule nor pretty movement.,Water Supply,High,99,77,False,17.3294184,78.38947134,In Progress,2025-11-01 08:52:51
C03783,Trash accumulation,Trash accumulation. Husband describe trade strong walk car kid a talk establish time success price pull allow.,Sanitation,High,95,54,False,17.5104876,78.60388984,In Progress,2025-08-16 08:52:51
C03784,Water leakage,Water leakage. Hair else concern population describe foot always strong science simple whole plan remember here some.,Water Supply,Low,0,15,False,17.47691308,78.55007429,Assigned,2026-05-10 08:52:51
C03785,Damaged pavement,Damaged pavement. Realize across just leg half style enjoy physical man.,Roads,Low,9,45,False,17.33385644,78.46335828,Closed,2025-06-07 08:52:51
C03786,Park maintenance issue,Park maintenance issue. Executive me matter improve local color history possible name avoid.,Parks,High,63,82,False,17.27661815,78.47265756,Closed,2026-01-17 08:52:51
C03787,Broken bench,Broken bench. Free travel coach little with any official hold outside information process.,Parks,Low,22,6,False,17.43420932,78.62931848,In Progress,2025-08-16 08:52:51
C03788,Public nuisance,Public nuisance. Fight wife recognize audience total firm financial rock security nothing.,Public Safety,Low,20,88,False,17.31230395,78.34342346,Resolved,2025-10-25 08:52:51
C03789,Unsafe area,Unsafe area. Third room result character pretty room west scientist bill people face water.,Public Safety,Medium,28,4,False,17.27157068,78.47481525,Resolved,2026-03-07 08:52:51
C03790,Traffic signal failure,Traffic signal failure. Skin capital law international onto friend but point approach must stock.,Traffic,Low,3,81,False,17.28305205,78.42246052,Resolved,2025-06-11 08:52:51
C03791,Water leakage,Water leakage. Hair section nature government hold situation evidence perhaps hand single increase.,Water Supply,Critical,89,95,False,17.30808572,78.41578478,In Progress,2026-05-31 08:52:51
C03792,Loose electric wire,Loose electric wire. Among join short pattern understand develop sit clearly within ever hospital entire effect nearly last another.,Electrical,Low,8,45,False,17.25903999,78.34150611,Assigned,2026-01-16 08:52:51
C03793,Loose electric wire,Loose electric wire. Point ever wrong attorney attention expert doctor former suffer behind camera time general guy middle.,Electrical,High,54,5,False,17.2898809,78.42934227,In Progress,2025-12-05 08:52:51
C03794,Drain blockage,Drain blockage. Network participant its then point past participant list behavior.,Drainage,Critical,87,73,False,17.29694117,78.49692887,Pending,2026-01-19 08:52:51
C03795,Loose electric wire,Loose electric wire. Fear soldier weight stage art natural result by.,Electrical,Low,5,80,False,17.43982178,78.35350731,Resolved,2025-06-24 08:52:51
C03796,Trash accumulation,Trash accumulation. Never nice name Republican stuff attention party reflect lead believe possible election.,Sanitation,Medium,36,63,False,17.23715708,78.37268024,Pending,2025-09-29 08:52:51
C03797,Illegal parking,Illegal parking. Long court successful hard six arm give agreement keep.,Traffic,Medium,48,88,True,17.30215503,78.4387037,In Progress,2026-02-10 08:52:51
C03798,Illegal parking,Illegal parking. Since national sign third charge open late deep kind soon here.,Traffic,High,77,82,False,17.35749719,78.52382082,Pending,2026-02-12 08:52:51
C03799,Drain blockage,Drain blockage. Up not truth magazine staff challenge although appear.,Drainage,Critical,98,26,False,17.50418901,78.55730398,Closed,2025-10-27 08:52:51
C03800,Trash accumulation,Trash accumulation. Fly listen drug hope page soon Mrs oil what near because system town.,Sanitation,High,89,96,False,17.3695353,78.5353172,In Progress,2025-08-21 08:52:51
C03801,No water supply,No water supply. Argue quite yet high decide upon finish major lawyer analysis program himself seem forget.,Water Supply,Critical,97,80,False,17.32881724,78.58702279,Pending,2026-01-15 08:52:51
C03802,No water supply,No water supply. Analysis seek claim issue ok seek give knowledge study apply training enter deal mind argue.,Water Supply,Medium,31,27,False,17.25032367,78.35887706,Assigned,2025-06-16 08:52:51
C03803,Water leakage,Water leakage. Read structure eight main ability glass say professional walk road assume.,Water Supply,Low,6,34,False,17.44359567,78.36771464,Pending,2025-12-12 08:52:51
C03804,Street light not working,Street light not working. Foreign yet hour use create last serve institution later chair conference bar each.,Electrical,High,67,100,False,17.42578844,78.38873374,Resolved,2026-02-12 08:52:51
C03805,Pipeline burst,Pipeline burst. Forward true conference rule purpose watch main need.,Water Supply,High,73,77,False,17.27791413,78.38316379,Closed,2026-01-19 08:52:51
C03806,Public nuisance,Public nuisance. Around difference hit once remain simply water try east appear increase camera set night.,Public Safety,High,59,77,False,17.41357334,78.57772249,Assigned,2025-06-24 08:52:51
C03807,Sewage overflow,Sewage overflow. However media certainly though thus example major I.,Drainage,High,65,76,False,17.24046784,78.4212897,Pending,2025-11-25 08:52:51
C03808,Water leakage,Water leakage. Wear writer beyond staff night include give surface walk food.,Water Supply,Low,7,10,False,17.43606005,78.4081636,Assigned,2026-02-17 08:52:51
C03809,Power outage,Power outage. Deep mouth sound why war character find join.,Electrical,Critical,88,26,False,17.52425716,78.53732998,Pending,2026-01-24 08:52:51
C03810,Garbage not collected,Garbage not collected. Everything paper home born themselves opportunity medical something year clearly study.,Sanitation,Medium,39,98,False,17.4515522,78.54719366,Assigned,2025-12-01 08:52:51
C03811,Park maintenance issue,Park maintenance issue. Some TV management have meet him nor true technology own question own property.,Parks,Low,12,34,False,17.32223372,78.35568934,Assigned,2026-04-30 08:52:51
C03812,Park maintenance issue,Park maintenance issue. Return less some let summer cause management like TV per like dream effect change history.,Parks,High,77,54,False,17.52866612,78.56006251,Resolved,2026-02-26 08:52:51
C03813,Sewage overflow,Sewage overflow. Sound century else natural vote send who hair.,Drainage,High,62,30,False,17.41497254,78.47734659,In Progress,2026-02-12 08:52:51
C03814,Garbage not collected,Garbage not collected. Camera significant stop election third hear save specific week clearly first budget go interest realize student.,Sanitation,High,56,86,False,17.28413594,78.39026888,Assigned,2025-07-16 08:52:51
C03815,Overflowing waste bins,Overflowing waste bins. Enter author plant along spend but news remember produce state image fish consider crime him game.,Sanitation,High,94,9,False,17.38008395,78.47540708,Assigned,2025-08-05 08:52:51
C03816,Abandoned vehicle,Abandoned vehicle. Front when free indicate similar market for.,Public Safety,High,60,89,False,17.47480681,78.38126799,Assigned,2026-05-15 08:52:51
C03817,Trash accumulation,Trash accumulation. Throughout college itself high deep huge opportunity myself everything the both.,Sanitation,High,73,29,False,17.32999758,78.4712708,Assigned,2026-01-31 08:52:51
C03818,Damaged pavement,Damaged pavement. Choose both provide paper run class notice know message.,Roads,Low,9,85,False,17.42487545,78.48417157,Resolved,2026-05-29 08:52:51
C03819,Pothole on road,Pothole on road. Measure common other choose development right why.,Roads,Low,24,64,True,17.41224563,78.39836486,Closed,2025-08-22 08:52:51
C03820,Drain blockage,Drain blockage. Green pass stay president chance owner Mr blue foot present attorney.,Drainage,High,56,9,False,17.28449322,78.42222299,Pending,2026-03-10 08:52:51
C03821,Garbage not collected,Garbage not collected. Billion sister condition hour major food year shake people in.,Sanitation,High,77,71,False,17.42163432,78.39977404,Resolved,2025-10-28 08:52:51
C03822,Sewage overflow,Sewage overflow. Garden face sort race improve Congress structure five force bring quality.,Drainage,Low,23,20,False,17.4319366,78.3575738,Resolved,2025-08-20 08:52:51
C03823,Trash accumulation,Trash accumulation. Boy party PM trouble month head investment responsibility house executive.,Sanitation,Low,21,51,False,17.23939026,78.35885824,Closed,2026-02-28 08:52:51
C03824,Park maintenance issue,Park maintenance issue. Deal TV international over sell piece public color fill amount if itself.,Parks,Critical,86,25,False,17.45613756,78.5242815,Closed,2026-04-14 08:52:51
C03825,Park maintenance issue,Park maintenance issue. Professional piece that effort ever college perhaps compare whatever.,Parks,Medium,33,0,False,17.34503973,78.38392784,Assigned,2026-01-12 08:52:51
C03826,Unsafe area,Unsafe area. Me firm store whole about ground shake social if financial eye Mrs.,Public Safety,Medium,45,97,False,17.23884183,78.58150579,In Progress,2026-03-08 08:52:51
C03827,Trash accumulation,Trash accumulation. Region protect them program protect mean bill ever condition response house benefit sister control heavy hold.,Sanitation,Low,25,42,False,17.38261038,78.45196386,Resolved,2025-09-06 08:52:51
C03828,Overflowing waste bins,Overflowing waste bins. Cut program military to responsibility guess ago result trade campaign few news.,Sanitation,High,67,22,False,17.44418973,78.37820618,Closed,2025-08-16 08:52:51
C03829,Damaged playground,Damaged playground. Hot political color five building mission thought very power.,Parks,Low,3,34,False,17.29518425,78.61531888,Resolved,2026-03-11 08:52:51
C03830,Illegal parking,Illegal parking. Chance safe few federal purpose language threat give night.,Traffic,Critical,81,1,True,17.40080266,78.55714796,Closed,2025-11-07 08:52:51
C03831,Waterlogging,Waterlogging. Story particularly manage I business cut read player young peace.,Drainage,High,68,78,False,17.23717393,78.37234061,Closed,2025-12-25 08:52:51
C03832,Garbage not collected,Garbage not collected. Name between look billion law say necessary look anything need choice leg energy region.,Sanitation,High,56,23,True,17.25620502,78.40722721,Pending,2025-10-25 08:52:51
C03833,Road crack,Road crack. Current plant nearly control drop per air measure special.,Roads,High,90,41,True,17.45198584,78.40127035,In Progress,2025-11-17 08:52:51
C03834,Damaged pavement,Damaged pavement. Laugh answer military forget democratic between level customer behind leave sign wear.,Roads,High,62,5,False,17.32250762,78.54818429,Resolved,2026-04-25 08:52:51
C03835,Unsafe area,Unsafe area. Have list against north mind truth play star day easy stock language put smile.,Public Safety,Medium,28,20,False,17.40573676,78.53183928,In Progress,2026-05-29 08:52:51
C03836,Loose electric wire,Loose electric wire. Tree what draw actually spend budget information face like hit special structure like through.,Electrical,High,57,81,False,17.29507327,78.61978539,In Progress,2025-12-08 08:52:51
C03837,Power outage,Power outage. News such security local ask economy dog few model.,Electrical,Medium,31,57,False,17.50052506,78.48479165,In Progress,2025-10-18 08:52:51
C03838,Overflowing waste bins,Overflowing waste bins. Remember control not spring this cost party blood court choice early fact majority only.,Sanitation,High,56,65,False,17.44280235,78.56507149,Resolved,2025-08-15 08:52:51
C03839,Traffic signal failure,Traffic signal failure. Probably thank manager work sure social middle international share suddenly town fast together hotel minute.,Traffic,High,54,24,False,17.43033128,78.59550731,Assigned,2025-08-19 08:52:51
C03840,Trash accumulation,Trash accumulation. Term work water pull try cause drive animal shake hospital suffer its especially resource true.,Sanitation,Low,19,88,False,17.31343863,78.33872059,Pending,2025-11-11 08:52:51
C03841,Pothole on road,Pothole on road. President speak keep high and cost magazine card skill something already organization point detail health fear.,Roads,Medium,34,87,False,17.2606395,78.58069115,In Progress,2025-09-15 08:52:51
C03842,Overflowing waste bins,Overflowing waste bins. Maintain civil present how expect standard real growth development save.,Sanitation,High,84,47,False,17.38219181,78.63030915,Resolved,2026-01-15 08:52:51
C03843,Illegal parking,Illegal parking. Office later tax analysis resource according forget product hair best expect fear.,Traffic,High,79,60,False,17.52598988,78.35528742,Assigned,2026-03-31 08:52:51
C03844,Traffic signal failure,Traffic signal failure. Skin tree international standard involve newspaper true success white listen safe little big including hour.,Traffic,Low,16,61,False,17.53288728,78.57573431,In Progress,2025-06-08 08:52:51
C03845,Damaged pavement,Damaged pavement. Recent look finish water key today method.,Roads,Low,18,61,False,17.50407788,78.35937734,Pending,2026-05-15 08:52:51
C03846,Street light not working,Street light not working. Several us relate support represent rest fast.,Electrical,Low,4,14,False,17.26829915,78.46472444,Closed,2026-01-27 08:52:51
C03847,Water leakage,Water leakage. Project woman picture station road gas back whether surface both watch lot fly.,Water Supply,Low,16,85,False,17.40196927,78.38347277,Assigned,2025-09-03 08:52:51
C03848,Unsafe area,Unsafe area. Message now team if those agree turn never about trade air class its third local.,Public Safety,High,53,78,False,17.51774398,78.43174724,Pending,2026-01-18 08:52:51
C03849,Loose electric wire,Loose electric wire. Enough something old sell through police owner military.,Electrical,High,61,72,False,17.29626284,78.57895133,Assigned,2026-04-11 08:52:51
C03850,Overflowing waste bins,Overflowing waste bins. Above wonder with interesting find little wear risk heavy skin instead everybody car.,Sanitation,Medium,50,100,False,17.41193917,78.40579664,Pending,2025-11-10 08:52:51
C03851,Sewage overflow,Sewage overflow. Smile dog magazine cover if bank where article.,Drainage,High,58,59,False,17.25334783,78.59074514,Resolved,2026-05-23 08:52:51
C03852,Street light not working,Street light not working. Performance watch summer tough wait choose capital trade wall.,Electrical,Medium,27,34,False,17.38567701,78.49152434,Assigned,2025-08-29 08:52:51
C03853,Road crack,Road crack. American probably deep according game crime activity arrive discover suggest role.,Roads,High,79,80,False,17.36271119,78.39325947,Resolved,2025-06-29 08:52:51
C03854,Garbage not collected,Garbage not collected. Space deal Mr often investment anything determine trade onto key bring size position avoid across.,Sanitation,Low,9,58,False,17.42468818,78.62493557,Closed,2025-10-21 08:52:51
C03855,Power outage,Power outage. Carry recently yes behind message another to herself something use personal before.,Electrical,High,57,40,False,17.24786359,78.40874334,In Progress,2025-09-08 08:52:51
C03856,Broken bench,Broken bench. White forward prevent record message manager difference.,Parks,Medium,33,45,False,17.50834074,78.62167716,In Progress,2025-08-26 08:52:51
C03857,Traffic signal failure,Traffic signal failure. Later site there seem discover create executive bad have.,Traffic,High,97,4,False,17.51097164,78.50334367,In Progress,2025-11-18 08:52:51
C03858,Street light not working,Street light not working. Total affect remember economic recent PM event.,Electrical,High,70,54,False,17.42770319,78.52557783,In Progress,2025-07-30 08:52:51
C03859,Loose electric wire,Loose electric wire. Production international really table interesting black move impact.,Electrical,High,80,37,False,17.40389118,78.47903431,Assigned,2025-09-15 08:52:51
C03860,Pothole on road,Pothole on road. Policy step military case too able east hundred care ten story everything laugh evidence.,Roads,Medium,41,17,False,17.3978413,78.50711251,In Progress,2025-06-09 08:52:51
C03861,Waterlogging,Waterlogging. Employee even main life agreement travel book medical western before officer.,Drainage,High,80,55,False,17.35750392,78.41299852,Closed,2026-01-02 08:52:51
C03862,Broken bench,Broken bench. Black television try movie free hotel many job program maybe.,Parks,Medium,49,51,False,17.44451263,78.51661866,Closed,2025-08-26 08:52:51
C03863,Pipeline burst,Pipeline burst. Him result shake ago live call stop add.,Water Supply,Medium,33,87,False,17.49597282,78.60135304,Pending,2026-04-04 08:52:51
C03864,Power outage,Power outage. Executive cut dark poor such he traditional young community international question technology.,Electrical,Low,12,94,False,17.30503048,78.59083681,Pending,2026-03-13 08:52:51
C03865,Trash accumulation,Trash accumulation. Professional try while watch west bar attorney inside say leg recognize offer tree back perform.,Sanitation,High,92,44,False,17.30740762,78.34030686,Closed,2025-09-02 08:52:51
C03866,Broken bench,Broken bench. Act main challenge space allow money lawyer.,Parks,High,88,25,False,17.50692352,78.45304157,In Progress,2025-12-02 08:52:51
C03867,Road crack,Road crack. Alone what quickly through on want beautiful.,Roads,Medium,28,67,True,17.3155875,78.53752578,In Progress,2025-12-06 08:52:51
C03868,Abandoned vehicle,Abandoned vehicle. Become present price method defense address gas item bad science.,Public Safety,Medium,31,15,False,17.47529505,78.61251535,In Progress,2025-07-08 08:52:51
C03869,Drain blockage,Drain blockage. Trip do hospital newspaper until receive travel edge attorney fine beyond true kid their task nature.,Drainage,Low,3,74,False,17.46947503,78.34765341,Assigned,2026-02-15 08:52:51
C03870,Park maintenance issue,Park maintenance issue. Happen international such move require tree which.,Parks,Medium,40,39,False,17.27169495,78.5856869,Closed,2025-07-15 08:52:51
C03871,Water leakage,Water leakage. Reflect court system still since west feel month nature main home however can window effort just.,Water Supply,High,77,24,False,17.29421436,78.60185904,Assigned,2026-02-01 08:52:51
C03872,Broken bench,Broken bench. Face our force wall assume whose yes animal.,Parks,High,69,79,True,17.24242198,78.56459307,Pending,2025-11-01 08:52:51
C03873,Park maintenance issue,Park maintenance issue. Across five poor among professional recognize when letter national.,Parks,High,71,33,True,17.4181956,78.61642922,Assigned,2025-06-13 08:52:51
C03874,Water leakage,Water leakage. Court drop while important red center our key picture claim staff stay central spend.,Water Supply,High,67,68,False,17.48234087,78.61872705,Resolved,2025-09-06 08:52:51
C03875,Sewage overflow,Sewage overflow. Within market drug opportunity today during huge read range race.,Drainage,Medium,47,71,False,17.50646856,78.51419843,Assigned,2025-07-07 08:52:51
C03876,Traffic signal failure,Traffic signal failure. Under why evening prove test clear interesting right support.,Traffic,High,57,20,False,17.31567392,78.4474291,Assigned,2025-12-31 08:52:51
C03877,Damaged playground,Damaged playground. Generation plant generation project brother give shake able over.,Parks,Low,20,11,False,17.38959449,78.55472872,In Progress,2026-05-30 08:52:51
C03878,Illegal parking,Illegal parking. Build edge ability so describe trade herself bill treat rather.,Traffic,Medium,43,36,False,17.24165096,78.5707664,In Progress,2025-10-11 08:52:51
C03879,Illegal parking,Illegal parking. Under serve indicate friend during best ahead old interest ability positive story accept single.,Traffic,High,52,75,False,17.36536832,78.56458996,Pending,2026-02-19 08:52:51
C03880,Illegal parking,Illegal parking. Every would story year whom guy study while few personal guy future.,Traffic,Critical,96,24,False,17.35109519,78.4574012,Assigned,2026-01-15 08:52:51
C03881,Waterlogging,Waterlogging. Yard loss born common big someone help nice rich program keep wait year.,Drainage,Low,7,70,False,17.29542904,78.61374017,Resolved,2025-08-03 08:52:51
C03882,No water supply,No water supply. Cell animal woman another leader blood lot force people term pretty.,Water Supply,Low,9,14,False,17.437958,78.63537351,Assigned,2026-02-03 08:52:51
C03883,Garbage not collected,Garbage not collected. Story center commercial painting course level himself seek.,Sanitation,High,82,75,False,17.42416315,78.59678894,Closed,2025-10-09 08:52:51
C03884,Park maintenance issue,Park maintenance issue. Word particularly generation result management house hit join over your there threat agree sell do.,Parks,High,71,29,False,17.30680617,78.41887322,In Progress,2026-01-18 08:52:51
C03885,Road crack,Road crack. Pick above entire my couple enough generation miss side body memory century article.,Roads,Low,24,17,False,17.34543842,78.62638341,Resolved,2025-09-05 08:52:51
C03886,Pipeline burst,Pipeline burst. Image through hot that probably land rather current machine bill use focus make east foot.,Water Supply,Low,25,100,False,17.30641179,78.62703429,Closed,2026-05-25 08:52:51
C03887,Road crack,Road crack. Quickly thought prevent degree prepare energy field increase daughter bad could choose season.,Roads,Critical,97,60,False,17.4848288,78.57599201,Assigned,2026-01-23 08:52:51
C03888,Damaged pavement,Damaged pavement. Specific challenge however I concern check way deep here behavior visit phone choose remember phone father.,Roads,Low,9,57,False,17.24862489,78.46220265,Closed,2026-05-04 08:52:51
C03889,Pipeline burst,Pipeline burst. Rich school within single less necessary hard kitchen order measure behind.,Water Supply,Medium,38,76,False,17.46597919,78.35706406,Resolved,2026-01-09 08:52:51
C03890,Trash accumulation,Trash accumulation. Population go shake here though physical success serious occur world.,Sanitation,Low,19,30,False,17.44183169,78.45819826,Closed,2025-11-15 08:52:51
C03891,Pipeline burst,Pipeline burst. Certain because research buy activity next work indeed huge together star meeting could.,Water Supply,Medium,41,1,False,17.25386524,78.39362865,Closed,2026-03-04 08:52:51
C03892,Power outage,Power outage. Success dark generation become hit visit her draw.,Electrical,High,88,79,False,17.52542735,78.6143781,Resolved,2025-09-28 08:52:51
C03893,Damaged playground,Damaged playground. My determine west fish environment prepare company relationship.,Parks,High,92,61,False,17.45423546,78.36831162,Assigned,2025-08-13 08:52:51
C03894,Water leakage,Water leakage. Speak program maintain she former enter because season yes.,Water Supply,Medium,43,67,False,17.44557608,78.5840884,Resolved,2025-10-30 08:52:51
C03895,No water supply,No water supply. Poor member decade industry act painting three list course peace begin scene image society.,Water Supply,Medium,32,73,False,17.52745075,78.60165184,Pending,2025-06-18 08:52:51
C03896,Park maintenance issue,Park maintenance issue. Treat bar green tell kid part quite water choice sister choose inside.,Parks,Low,9,65,False,17.52546272,78.43491358,In Progress,2025-08-16 08:52:51
C03897,Unsafe area,Unsafe area. Believe value town human radio use then them join.,Public Safety,Medium,37,31,False,17.51161533,78.56187249,Pending,2026-03-11 08:52:51
C03898,Unsafe area,Unsafe area. She machine maintain edge describe wall short just subject commercial dark east.,Public Safety,Low,11,2,False,17.27593855,78.61730493,Resolved,2025-12-07 08:52:51
C03899,Damaged pavement,Damaged pavement. Financial growth still project hard hotel report serious whose economy case region paper my.,Roads,Low,14,38,False,17.41965244,78.41350641,Resolved,2026-05-30 08:52:51
C03900,Public nuisance,Public nuisance. Analysis recent since consumer they which note give run.,Public Safety,Medium,44,33,False,17.32202082,78.55678791,Closed,2025-09-18 08:52:51
C03901,Illegal parking,Illegal parking. Instead above so continue arrive type traditional them now.,Traffic,Medium,35,82,False,17.39414808,78.43850487,Assigned,2025-08-09 08:52:51
C03902,Road crack,Road crack. Kid national seat seem apply line pattern challenge health address all soldier bad.,Roads,High,100,36,False,17.26512171,78.5623445,Pending,2025-12-01 08:52:51
C03903,Street light not working,Street light not working. Compare us together break international kid either left.,Electrical,Low,18,19,False,17.49379891,78.48213123,Closed,2026-05-27 08:52:51
C03904,Broken bench,Broken bench. Improve scene lay real above into see likely sign leave everything wish assume ability son.,Parks,High,66,74,False,17.4485939,78.57919948,Pending,2026-04-28 08:52:51
C03905,Power outage,Power outage. Front son deep range consumer civil continue bed blue drive foreign give believe adult shake unit.,Electrical,Medium,39,27,False,17.4598334,78.58306969,In Progress,2025-09-05 08:52:51
C03906,Damaged playground,Damaged playground. Team between have mind recognize dog remain team fund front whose truth whatever under memory.,Parks,Low,18,71,True,17.25339733,78.55059864,In Progress,2026-02-21 08:52:51
C03907,Waterlogging,Waterlogging. Others source direction piece keep authority manage including yeah since structure moment computer if computer.,Drainage,Medium,39,64,True,17.48798288,78.37546463,Assigned,2025-10-10 08:52:51
C03908,Traffic signal failure,Traffic signal failure. Night right evidence three difference letter newspaper evening treat military.,Traffic,High,76,78,False,17.38250473,78.50115689,Pending,2025-09-30 08:52:51
C03909,Traffic signal failure,Traffic signal failure. He tell majority activity hold with purpose ok partner imagine follow whether.,Traffic,Low,7,0,False,17.29540225,78.40177861,Assigned,2026-04-05 08:52:51
C03910,Trash accumulation,Trash accumulation. Third several side bit it staff show despite.,Sanitation,Medium,29,84,False,17.51989396,78.42527057,Resolved,2025-07-09 08:52:51
C03911,Sewage overflow,Sewage overflow. Security assume improve adult collection collection short trial detail almost ahead check its house.,Drainage,High,94,70,False,17.41303948,78.49090747,Resolved,2026-03-18 08:52:51
C03912,Trash accumulation,Trash accumulation. Myself also door difference maybe fear later.,Sanitation,Medium,45,82,False,17.49608414,78.52638185,Pending,2026-05-29 08:52:51
C03913,No water supply,No water supply. Check situation same on culture smile fact development sea knowledge interest start.,Water Supply,Low,20,28,True,17.24434979,78.45456438,Closed,2025-06-28 08:52:51
C03914,Power outage,Power outage. Reveal life staff democratic house let organization standard wonder physical gun close show final thousand.,Electrical,Medium,29,21,False,17.31098259,78.60075993,Pending,2026-02-14 08:52:51
C03915,Water leakage,Water leakage. Citizen form television spring wall world official include general money.,Water Supply,High,77,79,False,17.32083956,78.3923075,Assigned,2026-03-30 08:52:51
C03916,Broken bench,Broken bench. Indeed idea PM over why training many hold customer almost occur necessary imagine.,Parks,High,59,82,False,17.26952554,78.50669704,Resolved,2025-09-26 08:52:51
C03917,Trash accumulation,Trash accumulation. Ability real feel attorney space language keep system story through hit.,Sanitation,High,64,12,False,17.46793144,78.48397759,Pending,2025-08-01 08:52:51
C03918,Garbage not collected,Garbage not collected. Finally collection college east policy hope heavy control letter church number.,Sanitation,Critical,93,24,False,17.37873162,78.54374939,Resolved,2025-12-22 08:52:51
C03919,Pothole on road,Pothole on road. Require sea thing just nor skill interview employee book information party reach TV stuff.,Roads,Medium,33,30,False,17.30357549,78.36530608,In Progress,2026-03-10 08:52:51
C03920,Water leakage,Water leakage. Suffer book tell structure organization involve physical for garden.,Water Supply,High,64,83,False,17.28597161,78.45430391,Pending,2025-10-11 08:52:51
C03921,Garbage not collected,Garbage not collected. Me minute together help student final ability suddenly voice.,Sanitation,Critical,91,88,False,17.36274996,78.44797684,Assigned,2026-04-24 08:52:51
C03922,Garbage not collected,Garbage not collected. He human lot inside wait including party nor sense summer evening their run.,Sanitation,Medium,32,85,False,17.49866503,78.57715112,In Progress,2025-09-15 08:52:51
C03923,Unsafe area,Unsafe area. Realize chair article share issue indeed source poor prevent lead idea method animal.,Public Safety,Medium,33,81,False,17.46058669,78.43292374,Closed,2025-11-24 08:52:51
C03924,Overflowing waste bins,Overflowing waste bins. Collection room interesting conference design that authority state goal human on thousand fight him including live.,Sanitation,High,59,73,False,17.30708052,78.46485475,Resolved,2025-08-12 08:52:51
C03925,Road crack,Road crack. Identify not mean course discover above program.,Roads,Low,20,93,False,17.34767787,78.53159907,In Progress,2026-05-22 08:52:51
C03926,Broken bench,Broken bench. Democratic a drug face future far describe Mr national newspaper action early thought.,Parks,High,65,94,False,17.52937296,78.45471067,Closed,2026-05-11 08:52:51
C03927,Garbage not collected,Garbage not collected. Standard or draw outside whatever step bank add.,Sanitation,High,90,99,False,17.24775044,78.44473801,Pending,2026-03-06 08:52:51
C03928,Power outage,Power outage. Indeed wall third add close share social inside.,Electrical,Low,20,87,False,17.35208837,78.59942029,Pending,2026-01-29 08:52:51
C03929,Pipeline burst,Pipeline burst. Performance trip onto simply defense trip long according human add will find.,Water Supply,Low,5,76,False,17.27072695,78.47982078,Resolved,2025-07-12 08:52:51
C03930,Garbage not collected,Garbage not collected. Key big shoulder feel son number machine three available somebody religious range.,Sanitation,High,62,44,False,17.47368494,78.37224747,Assigned,2026-04-06 08:52:51
C03931,Illegal parking,Illegal parking. Which trade nature thus charge maintain use improve rich never.,Traffic,High,77,80,False,17.46455825,78.3792331,In Progress,2025-11-28 08:52:51
C03932,Traffic signal failure,Traffic signal failure. Learn thousand if at coach could listen candidate discover continue car.,Traffic,Critical,95,74,False,17.44962625,78.54969833,Resolved,2026-03-13 08:52:51
C03933,Street light not working,Street light not working. Development fast buy control agency politics PM issue husband people study forget only worker like affect.,Electrical,High,99,31,False,17.32572353,78.56227916,Assigned,2025-12-02 08:52:51
C03934,Damaged pavement,Damaged pavement. Production much friend provide space family word particular many.,Roads,Medium,49,55,False,17.2934457,78.4248408,Pending,2025-08-08 08:52:51
C03935,Traffic congestion,Traffic congestion. Perform teach miss many must white now give view buy couple especially.,Traffic,Low,15,99,False,17.298612,78.375505,Closed,2025-11-09 08:52:51
C03936,Pipeline burst,Pipeline burst. Actually seat look region government since agency collection shake.,Water Supply,High,84,10,False,17.4544477,78.49790879,Closed,2025-10-18 08:52:51
C03937,Overflowing waste bins,Overflowing waste bins. Position person stand ask measure doctor line our drive former reach including officer.,Sanitation,High,98,51,False,17.35361941,78.4637449,Pending,2025-10-10 08:52:51
C03938,Pothole on road,Pothole on road. Consider whose finally role young board bank raise month land different sell better gas.,Roads,Critical,98,54,False,17.44322499,78.60168441,Closed,2026-05-27 08:52:51
C03939,Trash accumulation,Trash accumulation. Memory either answer order choose process have often cold teach total executive design.,Sanitation,Low,22,84,False,17.3092275,78.53249127,Resolved,2026-03-17 08:52:51
C03940,No water supply,No water supply. Need most social the than strong real street baby like health answer.,Water Supply,High,79,87,False,17.31411826,78.35550212,Pending,2026-04-29 08:52:51
C03941,Street light not working,Street light not working. Range use interesting day join case building choose nice.,Electrical,Low,20,50,False,17.30937237,78.51411345,Pending,2026-02-26 08:52:51
C03942,No water supply,No water supply. Reality all around home expect stop exist whom threat art imagine week.,Water Supply,Low,1,41,False,17.44265527,78.58942057,Pending,2025-09-24 08:52:51
C03943,Overflowing waste bins,Overflowing waste bins. Growth mother more away economy opportunity with capital keep experience just owner.,Sanitation,High,80,69,False,17.23596993,78.63516171,Closed,2026-01-25 08:52:51
C03944,Garbage not collected,Garbage not collected. House others middle trial pay administration rich certainly term note those occur world prove.,Sanitation,High,69,36,False,17.30985068,78.49737622,Closed,2026-04-04 08:52:51
C03945,Loose electric wire,Loose electric wire. Son on much goal none dream case.,Electrical,High,98,25,False,17.25669838,78.36942644,Assigned,2026-01-24 08:52:51
C03946,Public nuisance,Public nuisance. Sense morning computer newspaper another attack better tonight political total.,Public Safety,Medium,36,56,False,17.51122703,78.48213405,In Progress,2026-04-17 08:52:51
C03947,Traffic signal failure,Traffic signal failure. Company partner herself reality she around husband.,Traffic,Low,23,24,True,17.30124344,78.54854642,Assigned,2025-10-14 08:52:51
C03948,Pothole on road,Pothole on road. Similar low trouble unit meeting loss part general rate interest front form sense most.,Roads,High,72,85,False,17.46951868,78.63171523,Resolved,2025-11-13 08:52:51
C03949,Damaged playground,Damaged playground. Once personal every professional order between trade small western career bring she whom seek concern impact.,Parks,Medium,34,7,False,17.44185149,78.55080235,Pending,2026-03-02 08:52:51
C03950,No water supply,No water supply. Whole risk offer test player somebody finish everyone rock five since health send image total continue.,Water Supply,Low,11,33,False,17.33045385,78.47533734,Closed,2025-09-02 08:52:51
C03951,Traffic signal failure,Traffic signal failure. Far machine myself long of school fish firm care offer fire soldier company.,Traffic,Medium,31,83,False,17.44629364,78.60247043,Resolved,2026-03-18 08:52:51
C03952,Pipeline burst,Pipeline burst. Cover eight base media floor here institution wear year.,Water Supply,Critical,91,36,False,17.32772677,78.39045378,Assigned,2026-02-13 08:52:51
C03953,Park maintenance issue,Park maintenance issue. Consider clearly class real end guess coach summer member gun sure place machine probably approach.,Parks,Medium,26,23,False,17.37445042,78.53789971,Assigned,2025-07-03 08:52:51
C03954,Traffic signal failure,Traffic signal failure. Society fact international fact coach deal suddenly administration perform.,Traffic,Low,16,35,False,17.24513518,78.40766819,Assigned,2025-06-10 08:52:51
C03955,Illegal parking,Illegal parking. Second return against model themselves difficult item ago eye help may society image.,Traffic,Low,14,77,False,17.27291347,78.52794153,In Progress,2026-01-10 08:52:51
C03956,Public nuisance,Public nuisance. When specific suddenly generation purpose indeed while election base.,Public Safety,High,58,22,False,17.36053303,78.6294073,Assigned,2025-12-25 08:52:51
C03957,Waterlogging,Waterlogging. Argue talk take year level decide again happy.,Drainage,Medium,34,87,False,17.42243027,78.4430037,Pending,2026-05-24 08:52:51
C03958,Water leakage,Water leakage. Break lawyer across character cell little least chair heart together talk before become special industry fire.,Water Supply,High,68,59,True,17.51839334,78.56428617,Resolved,2025-08-23 08:52:51
C03959,Traffic congestion,Traffic congestion. Want situation late determine they away a certainly think medical leader.,Traffic,Medium,34,53,False,17.38388971,78.57406168,Resolved,2025-07-11 08:52:51
C03960,Trash accumulation,Trash accumulation. Song you bank amount or respond while look others.,Sanitation,Low,22,37,False,17.28616795,78.42189698,Assigned,2026-02-07 08:52:51
C03961,Street light not working,Street light not working. Source state who sure inside science news.,Electrical,Low,21,13,False,17.46597584,78.51239461,Resolved,2025-08-22 08:52:51
C03962,Trash accumulation,Trash accumulation. Customer short vote economic study quite section eight act court day bit.,Sanitation,Low,6,3,False,17.30635529,78.50870272,Assigned,2025-06-08 08:52:51
C03963,No water supply,No water supply. Car camera several painting so stuff two idea late hold before star interview some.,Water Supply,High,86,14,False,17.46130494,78.59095732,Assigned,2025-08-13 08:52:51
C03964,Overflowing waste bins,Overflowing waste bins. One will from black save serious blue many just home threat charge nice into class.,Sanitation,High,69,42,False,17.53041023,78.56568753,Assigned,2026-03-14 08:52:51
C03965,Damaged playground,Damaged playground. Fine between sort theory away fall forward physical step worry nearly throw media resource enter team.,Parks,High,65,29,False,17.26538749,78.37317444,Resolved,2025-08-24 08:52:51
C03966,Broken bench,Broken bench. Old table concern baby deal because should bring political run miss.,Parks,Low,22,39,False,17.35929291,78.6144281,Closed,2026-03-18 08:52:51
C03967,Broken bench,Broken bench. Action reveal admit movie mouth hard machine news stage rich last data instead write.,Parks,Low,21,84,True,17.327125,78.47509977,Assigned,2026-02-28 08:52:51
C03968,Waterlogging,Waterlogging. Actually able traditional read by discuss bad street wide stand carry provide edge.,Drainage,High,55,14,False,17.39069172,78.61795194,Closed,2025-09-28 08:52:51
C03969,Traffic congestion,Traffic congestion. Particular join before figure ground begin development black manager enjoy material assume.,Traffic,Critical,99,70,False,17.47797916,78.44679516,Pending,2026-04-01 08:52:51
C03970,Street light not working,Street light not working. Rather agent likely big around take expect instead for want million consider series bring.,Electrical,Low,17,74,False,17.32676385,78.58030287,In Progress,2026-03-27 08:52:51
C03971,Public nuisance,Public nuisance. Long best keep newspaper report song create piece air I collection treatment half learn husband.,Public Safety,High,67,100,False,17.52350461,78.3610449,Pending,2025-09-03 08:52:51
C03972,Traffic signal failure,Traffic signal failure. Fight democratic region specific high institution until film agree.,Traffic,Medium,30,49,True,17.40072248,78.39884924,Pending,2025-12-18 08:52:51
C03973,Traffic congestion,Traffic congestion. On statement or group ok field beat throw apply morning room walk.,Traffic,High,75,16,False,17.32030781,78.51144777,Pending,2025-10-27 08:52:51
C03974,Public nuisance,Public nuisance. Street learn door beautiful its manage own show leave movie.,Public Safety,Medium,26,37,True,17.36153174,78.50161598,Pending,2025-07-04 08:52:51
C03975,Sewage overflow,Sewage overflow. Approach determine power reveal begin message party recently answer some four before body thank from lose.,Drainage,Critical,94,31,False,17.27119249,78.54532173,In Progress,2026-03-02 08:52:51
C03976,Pipeline burst,Pipeline burst. Chair away sense attack family people several wind size cup use fight key anything third learn.,Water Supply,High,79,69,False,17.47157815,78.60421837,Resolved,2026-05-11 08:52:51
C03977,Public nuisance,Public nuisance. Have movement address budget whose much world along carry stay enough.,Public Safety,Medium,49,86,False,17.43940905,78.53849794,Closed,2025-10-27 08:52:51
C03978,No water supply,No water supply. Stuff myself appear heart evening year no political leader commercial country fact last.,Water Supply,Medium,28,32,False,17.23974436,78.51793114,Pending,2025-10-26 08:52:51
C03979,Trash accumulation,Trash accumulation. In skill seven keep full believe poor live mouth notice quickly.,Sanitation,Medium,46,43,False,17.33382995,78.50302172,Pending,2025-10-15 08:52:51
C03980,Public nuisance,Public nuisance. Table worker total foot pattern walk modern arm despite.,Public Safety,Low,4,23,False,17.25692896,78.47621348,Pending,2025-11-11 08:52:51
C03981,Public nuisance,Public nuisance. Me something page arrive traditional six live gas beat table remain against more bring story process.,Public Safety,High,74,36,False,17.49027378,78.586271,Closed,2025-10-18 08:52:51
C03982,Illegal parking,Illegal parking. Kid trip standard yet no consumer debate child bit partner write most manage fight pick fear.,Traffic,High,63,87,False,17.32257935,78.44607098,Assigned,2025-08-25 08:52:51
C03983,Trash accumulation,Trash accumulation. Painting professor letter ok organization carry situation relationship evidence Republican ball medical wind simple sure watch.,Sanitation,High,64,36,False,17.25368872,78.53140731,Closed,2026-04-26 08:52:51
C03984,No water supply,No water supply. Base whole almost right imagine although bit.,Water Supply,Medium,49,74,False,17.40204766,78.34419888,Pending,2025-07-04 08:52:51
C03985,Damaged pavement,Damaged pavement. Drive inside writer until involve strategy about consider return only third employee.,Roads,High,77,46,False,17.24808906,78.63274993,In Progress,2026-02-25 08:52:51
C03986,Broken bench,Broken bench. For out hotel build course term prepare concern our whole small social open score reduce front.,Parks,High,75,50,False,17.49903789,78.4574264,In Progress,2026-02-19 08:52:51
C03987,Illegal parking,Illegal parking. Inside because something hope strategy mother can many house pay sometimes century.,Traffic,High,100,1,False,17.4285643,78.54196804,Closed,2026-03-07 08:52:51
C03988,Overflowing waste bins,Overflowing waste bins. Argue sell seek reduce in guess board season ok customer meeting.,Sanitation,High,55,46,False,17.5295748,78.47465617,Assigned,2026-03-29 08:52:51
C03989,Road crack,Road crack. Smile wait bad note make law already industry whose.,Roads,Medium,36,33,False,17.51543409,78.46863899,Resolved,2025-06-22 08:52:51
C03990,No water supply,No water supply. Though politics continue include season continue from institution visit weight prevent above detail top treat cell.,Water Supply,High,64,9,False,17.53315293,78.62485018,Pending,2025-07-16 08:52:51
C03991,Sewage overflow,Sewage overflow. When certain try effort senior person buy power low carry discussion.,Drainage,Medium,50,35,False,17.25738053,78.54959985,In Progress,2025-11-17 08:52:51
C03992,Waterlogging,Waterlogging. Peace despite left one ago wall entire a say chance admit defense.,Drainage,Medium,34,73,False,17.52324952,78.36777263,Resolved,2026-02-21 08:52:51
C03993,Loose electric wire,Loose electric wire. Accept gun support for store according indicate assume born political.,Electrical,Low,6,68,False,17.29920576,78.53686151,Closed,2025-06-10 08:52:51
C03994,Garbage not collected,Garbage not collected. Quite nearly better real road evening onto face myself start serious mention actually to over.,Sanitation,Low,22,59,False,17.51973319,78.46362077,Resolved,2025-07-27 08:52:51
C03995,Abandoned vehicle,Abandoned vehicle. Bank performance hear culture describe letter able since onto.,Public Safety,High,87,96,False,17.52444997,78.53059325,Closed,2026-01-20 08:52:51
C03996,Broken bench,Broken bench. Enter responsibility director medical edge benefit reach environment anything size like listen everything.,Parks,Low,14,23,False,17.49301717,78.35982848,Pending,2026-03-28 08:52:51
C03997,Traffic congestion,Traffic congestion. Likely answer born Mrs group art history local.,Traffic,High,57,46,False,17.38802328,78.57830414,Pending,2026-05-15 08:52:51
C03998,Abandoned vehicle,Abandoned vehicle. Add only ground record blood else age fire capital teach then another factor memory yet.,Public Safety,Medium,39,93,False,17.33577765,78.34198694,Closed,2025-11-14 08:52:51
C03999,Garbage not collected,Garbage not collected. Way Mrs free their also floor agree get themselves effect candidate water main plant.,Sanitation,Low,12,93,False,17.24275504,78.39180355,Pending,2025-07-11 08:52:51
C04000,Abandoned vehicle,Abandoned vehicle. Around other consider serious decade dinner policy.,Public Safety,High,99,4,False,17.25907369,78.44866744,Pending,2026-05-20 08:52:51
C04001,Pipeline burst,Pipeline burst. Common cup image consumer positive cultural ask wonder right.,Water Supply,High,72,91,False,17.3388941,78.38872717,Closed,2025-12-29 08:52:51
C04002,Loose electric wire,Loose electric wire. Everyone option stock part majority fish newspaper impact form bag.,Electrical,High,75,29,False,17.25697022,78.6096695,Pending,2026-01-07 08:52:51
C04003,Pothole on road,Pothole on road. Late father two guy decide Mrs pick manage hit military strategy western dog size.,Roads,High,77,52,False,17.25062395,78.52701717,Pending,2025-08-04 08:52:51
C04004,No water supply,No water supply. Technology simply owner almost manage television computer garden itself others deal parent.,Water Supply,High,53,8,False,17.43604849,78.44140078,Pending,2025-06-12 08:52:51
C04005,Waterlogging,Waterlogging. Tree receive rule late read message pattern wife artist trip PM take simple because.,Drainage,Critical,93,20,False,17.30135105,78.40003387,In Progress,2026-01-02 08:52:51
C04006,Broken bench,Broken bench. Arm list hope page push dog know brother feeling play keep talk.,Parks,Medium,28,96,False,17.36269914,78.57675756,Pending,2025-11-27 08:52:51
C04007,Unsafe area,Unsafe area. Between common account past increase color to lawyer only us free practice nearly how range.,Public Safety,High,89,54,False,17.31128628,78.46399225,Closed,2026-01-15 08:52:51
C04008,Loose electric wire,Loose electric wire. Bag a election officer across way current police poor mention agent city including again TV million.,Electrical,Low,10,54,False,17.3851426,78.54381918,Resolved,2026-05-25 08:52:51
C04009,Traffic signal failure,Traffic signal failure. College hotel east raise over former address officer kid.,Traffic,Low,6,3,False,17.2959558,78.56880387,Closed,2025-08-06 08:52:51
C04010,Sewage overflow,Sewage overflow. These wind standard many leave shoulder box build manage.,Drainage,Low,19,22,False,17.45361968,78.39253074,Resolved,2025-09-09 08:52:51
C04011,Road crack,Road crack. Inside tend her meeting then keep choice condition land player south coach little I.,Roads,Medium,40,7,False,17.37995886,78.59389322,In Progress,2026-04-18 08:52:51
C04012,Trash accumulation,Trash accumulation. Congress court understand option growth cold southern past kid that.,Sanitation,High,58,63,False,17.43583351,78.49033767,Closed,2025-11-12 08:52:51
C04013,No water supply,No water supply. Business table theory indeed plant foot during expert season down minute.,Water Supply,Medium,40,19,False,17.28369313,78.49234215,Closed,2025-11-11 08:52:51
C04014,Loose electric wire,Loose electric wire. Statement detail TV tree summer interest population pattern wonder pretty rate.,Electrical,Medium,32,98,False,17.33407743,78.43847236,In Progress,2025-11-25 08:52:51
C04015,Power outage,Power outage. American student as leg visit involve knowledge throughout process mouth capital center year.,Electrical,Medium,46,60,False,17.39167657,78.34337018,Assigned,2025-06-24 08:52:51
C04016,Water leakage,Water leakage. Player for whatever draw lose me bank base enough win anyone shoulder approach population city present.,Water Supply,High,99,57,False,17.31485053,78.61540302,Closed,2026-05-03 08:52:51
C04017,Waterlogging,Waterlogging. Let image call Democrat push produce concern his father issue teach.,Drainage,High,66,68,False,17.44265032,78.55724514,Pending,2026-03-28 08:52:51
C04018,Park maintenance issue,Park maintenance issue. Pass individual activity Democrat staff scientist write star response base expert worry response more.,Parks,Critical,99,11,False,17.47939364,78.46968715,In Progress,2025-12-15 08:52:51
C04019,Abandoned vehicle,Abandoned vehicle. Available every hear fast bank prevent research class address sure election others realize station.,Public Safety,High,58,34,False,17.39531732,78.58857864,Closed,2025-08-08 08:52:51
C04020,Public nuisance,Public nuisance. Follow clearly simple might current two leader nice agree through building include.,Public Safety,Critical,89,52,True,17.50310277,78.62076436,Pending,2025-08-04 08:52:51
C04021,Public nuisance,Public nuisance. Some wrong or white education feel involve first impact cold hold wonder gas.,Public Safety,Medium,44,29,False,17.52193708,78.42763869,Closed,2026-04-29 08:52:51
C04022,Unsafe area,Unsafe area. Chance by detail probably note mind south speech.,Public Safety,High,76,35,False,17.40455478,78.50090362,Pending,2025-09-03 08:52:51
C04023,Damaged pavement,Damaged pavement. Throughout finally share this rest director east without near.,Roads,Low,7,3,True,17.48766259,78.48289769,Pending,2025-07-15 08:52:51
C04024,Water leakage,Water leakage. Ten current production painting live campaign into final size.,Water Supply,Medium,44,57,False,17.52312541,78.49082235,Pending,2026-01-26 08:52:51
C04025,Trash accumulation,Trash accumulation. Pass discuss program try find big simple painting product son tonight film task model paper.,Sanitation,High,71,63,True,17.3251806,78.52873184,Assigned,2025-12-16 08:52:51
C04026,Power outage,Power outage. Player you paper brother behavior serve several maybe box environmental wear everyone.,Electrical,Medium,31,97,False,17.38617908,78.43255267,In Progress,2026-03-03 08:52:51
C04027,Traffic congestion,Traffic congestion. Exist owner less charge argue rule cover send.,Traffic,Low,19,5,False,17.24560634,78.54905879,Closed,2025-12-09 08:52:51
C04028,Pothole on road,Pothole on road. Worry event we enough thousand we both market level data mention million message.,Roads,High,82,63,False,17.44060623,78.53319875,Resolved,2025-11-19 08:52:51
C04029,Road crack,Road crack. Small than often drop character space star agent throughout rate them explain save floor.,Roads,Medium,27,43,False,17.35125918,78.49779282,Resolved,2026-03-19 08:52:51
C04030,Pothole on road,Pothole on road. Tv everything night discussion natural cost do conference nice middle.,Roads,Medium,44,92,False,17.26825587,78.50995837,In Progress,2026-05-21 08:52:51
C04031,Water leakage,Water leakage. Look may politics adult everything agent bed finally main about quality country.,Water Supply,Medium,44,41,False,17.48414698,78.37210937,Pending,2026-04-09 08:52:51
C04032,Drain blockage,Drain blockage. Network produce know remain floor put central show around usually what though improve page lawyer message.,Drainage,High,62,38,False,17.31686331,78.53280419,Closed,2025-08-22 08:52:51
C04033,No water supply,No water supply. Personal daughter cut early last fund drive civil democratic want.,Water Supply,Low,24,7,False,17.25680873,78.35102636,Closed,2026-03-07 08:52:51
C04034,Public nuisance,Public nuisance. Building little popular film onto mean decide community action outside bit.,Public Safety,High,73,6,False,17.43906034,78.50539843,Closed,2025-09-08 08:52:51
C04035,Drain blockage,Drain blockage. Stand purpose by line trip wide bring simply day bank enjoy always dinner.,Drainage,High,56,69,False,17.53137609,78.43535371,Assigned,2026-06-03 08:52:51
C04036,Loose electric wire,Loose electric wire. Network group event use community partner movement collection fear man loss its.,Electrical,High,70,77,False,17.48145399,78.54481743,In Progress,2026-03-22 08:52:51
C04037,Loose electric wire,Loose electric wire. Position similar air check eight bank girl bar where.,Electrical,Low,3,26,True,17.3149394,78.37082163,Resolved,2026-05-29 08:52:51
C04038,Garbage not collected,Garbage not collected. Thing third put decide cause within live sell church every parent drug financial lose hospital.,Sanitation,High,60,59,False,17.50815837,78.45191597,Pending,2026-02-17 08:52:51
C04039,Garbage not collected,Garbage not collected. Recently be price stage wall study themselves increase strong responsibility box onto reach once accept.,Sanitation,Low,5,91,False,17.41150228,78.42324261,Pending,2025-06-03 08:52:51
C04040,Sewage overflow,Sewage overflow. Bar politics report consider debate attack recognize American rich likely several later walk ask.,Drainage,High,83,20,False,17.32807112,78.45665536,In Progress,2026-03-12 08:52:51
C04041,Loose electric wire,Loose electric wire. Friend onto relate south mind thought business among.,Electrical,High,93,81,False,17.51887124,78.50890913,Closed,2026-03-18 08:52:51
C04042,Power outage,Power outage. Raise young increase follow herself soon international agree base relationship.,Electrical,High,73,82,False,17.24212466,78.52269633,Resolved,2025-11-12 08:52:51
C04043,Drain blockage,Drain blockage. Major night teach night impact value write situation even word.,Drainage,High,63,62,False,17.44710366,78.36289852,Resolved,2025-08-27 08:52:51
C04044,Broken bench,Broken bench. Someone old herself else artist common music personal.,Parks,Medium,45,69,False,17.47058587,78.38889361,Assigned,2025-12-06 08:52:51
C04045,Illegal parking,Illegal parking. Ability tax summer three quality travel pass yourself stay grow service finish able edge wish player.,Traffic,Medium,47,8,False,17.41809428,78.63547916,Closed,2025-09-01 08:52:51
C04046,Abandoned vehicle,Abandoned vehicle. Arm call size upon statement wrong crime nothing improve human before leg.,Public Safety,Low,17,41,False,17.41116458,78.46338147,Resolved,2026-04-13 08:52:51
C04047,Public nuisance,Public nuisance. Bad top visit level generation age style song others be.,Public Safety,Critical,97,87,False,17.4108704,78.63420164,Resolved,2025-10-24 08:52:51
C04048,No water supply,No water supply. Fill coach parent them out nice son top personal head.,Water Supply,Critical,97,69,False,17.28012254,78.45972888,Resolved,2025-11-30 08:52:51
C04049,Drain blockage,Drain blockage. Table politics positive Mr whole project why speak sit must thank describe certainly.,Drainage,Low,13,68,False,17.47073378,78.43760314,Closed,2026-01-08 08:52:51
C04050,Damaged pavement,Damaged pavement. Nature society community during choose occur Democrat provide some.,Roads,High,85,20,False,17.41897771,78.55652846,In Progress,2026-03-05 08:52:51
C04051,Unsafe area,Unsafe area. Walk entire fish line most attorney probably most question bag present each well American before statement.,Public Safety,High,78,50,False,17.2997822,78.41830389,Closed,2025-08-20 08:52:51
C04052,Unsafe area,Unsafe area. Contain power direction edge decade rise him international grow find.,Public Safety,Low,22,26,True,17.49596992,78.46730053,Pending,2026-02-15 08:52:51
C04053,Traffic signal failure,Traffic signal failure. Others happen score parent major bar create understand agent understand economy support agent and.,Traffic,Low,21,1,False,17.37127016,78.53898241,Resolved,2026-02-08 08:52:51
C04054,Water leakage,Water leakage. Score history important religious move quickly heart drop away hear community care.,Water Supply,Low,15,34,False,17.28411231,78.44420468,Assigned,2026-05-03 08:52:51
C04055,Sewage overflow,Sewage overflow. Build else whom fill reach toward staff rise section no spring our spring always stay.,Drainage,Low,1,31,False,17.48763252,78.62131455,Assigned,2025-10-18 08:52:51
C04056,Water leakage,Water leakage. Political hotel girl live nothing manager politics ten visit law.,Water Supply,Low,1,18,False,17.45101425,78.43116348,Pending,2025-09-14 08:52:51
C04057,Damaged playground,Damaged playground. Movement everybody arm ago movement together no property line together.,Parks,Medium,44,46,False,17.2758522,78.62571465,In Progress,2025-10-26 08:52:51
C04058,Abandoned vehicle,Abandoned vehicle. According whom alone energy thank though energy practice upon prevent idea there if window stuff interview.,Public Safety,Low,5,48,False,17.25897858,78.60734052,Pending,2025-11-20 08:52:51
C04059,Illegal parking,Illegal parking. Strong exist well save picture marriage between couple material kitchen.,Traffic,High,70,62,True,17.33337199,78.42207344,Closed,2026-03-13 08:52:51
C04060,Garbage not collected,Garbage not collected. Because event evidence budget thank safe inside.,Sanitation,Low,7,96,False,17.30882805,78.46322188,Closed,2025-10-29 08:52:51
C04061,No water supply,No water supply. Population heavy century serve around soon old pass speak say economic above.,Water Supply,Medium,34,87,True,17.29690014,78.48490299,Assigned,2025-08-15 08:52:51
C04062,Abandoned vehicle,Abandoned vehicle. Personal fact drive serious safe work this she hope sport ready doctor loss technology face education.,Public Safety,High,77,17,False,17.32528063,78.45829256,Resolved,2025-07-07 08:52:51
C04063,Drain blockage,Drain blockage. Last lot herself order still budget minute debate system party can.,Drainage,High,76,50,False,17.39621022,78.35228186,Resolved,2026-01-27 08:52:51
C04064,Pipeline burst,Pipeline burst. Deep yes usually allow long few hundred challenge.,Water Supply,Low,21,63,False,17.3271905,78.49222898,In Progress,2026-01-18 08:52:51
C04065,Waterlogging,Waterlogging. Choice final citizen against mother and determine large customer film campaign development image already keep form.,Drainage,Medium,44,29,False,17.33085687,78.51565971,Pending,2026-03-08 08:52:51
C04066,Damaged pavement,Damaged pavement. First most pretty fall bad responsibility enough day.,Roads,Low,21,85,False,17.50541125,78.40881732,Closed,2025-06-30 08:52:51
C04067,Power outage,Power outage. Go week serious result behind collection provide rest sister.,Electrical,Critical,88,45,False,17.52837521,78.50902571,In Progress,2025-08-22 08:52:51
C04068,Abandoned vehicle,Abandoned vehicle. Example much election letter difficult century person get know yet.,Public Safety,Low,14,96,False,17.44624552,78.56945774,Closed,2025-08-03 08:52:51
C04069,Waterlogging,Waterlogging. Item its cut left its size possible build interview mother measure special.,Drainage,Medium,33,12,False,17.51204428,78.51412219,Assigned,2026-03-18 08:52:51
C04070,Loose electric wire,Loose electric wire. Kitchen child few page increase understand production beautiful effect artist attention people structure series.,Electrical,Medium,30,31,False,17.35824046,78.46335084,Pending,2025-12-07 08:52:51
C04071,Garbage not collected,Garbage not collected. Herself say front or Mrs read fly administration southern even test five finally attention.,Sanitation,High,62,66,False,17.42547101,78.3378588,Assigned,2025-08-20 08:52:51
C04072,Street light not working,Street light not working. Different church involve example support health throw number give new during identify someone.,Electrical,High,80,37,False,17.31017555,78.40471238,Pending,2025-10-26 08:52:51
C04073,Pipeline burst,Pipeline burst. Show maybe husband design until industry part expect war paper suffer audience thought describe international.,Water Supply,High,72,29,False,17.47115084,78.41926459,Resolved,2026-01-10 08:52:51
C04074,Power outage,Power outage. Subject management set in college structure wife low nothing media.,Electrical,High,72,21,False,17.5165165,78.52156254,Resolved,2026-03-16 08:52:51
C04075,Public nuisance,Public nuisance. Husband almost seat difficult crime American this bill wait.,Public Safety,Low,0,33,False,17.24297473,78.60020918,Assigned,2026-04-23 08:52:51
C04076,Garbage not collected,Garbage not collected. International information late heart maintain learn grow system price let.,Sanitation,High,65,7,False,17.48770015,78.39977006,Pending,2026-03-24 08:52:51
C04077,Loose electric wire,Loose electric wire. Enough mention she party coach responsibility other wish act new forget certainly work military over practice.,Electrical,Critical,98,43,False,17.49832049,78.38745902,Assigned,2026-02-20 08:52:51
C04078,Damaged pavement,Damaged pavement. For type forward matter fast goal concern his arrive.,Roads,High,96,0,False,17.24247942,78.35288566,Assigned,2026-03-18 08:52:51
C04079,Public nuisance,Public nuisance. Role whose analysis however student will perform only language somebody three must foreign end.,Public Safety,High,82,100,False,17.42083553,78.41998245,Closed,2025-06-18 08:52:51
C04080,Trash accumulation,Trash accumulation. Agreement and clear hour seven grow expert article general unit.,Sanitation,Medium,37,58,False,17.29419096,78.46170486,Resolved,2025-10-15 08:52:51
C04081,No water supply,No water supply. Study girl short factor animal worker matter special agreement situation but.,Water Supply,Low,22,42,False,17.33114724,78.63326458,In Progress,2026-02-12 08:52:51
C04082,Traffic signal failure,Traffic signal failure. Then dark foreign north along certainly get field between significant imagine fire.,Traffic,High,89,47,False,17.31765016,78.575713,Assigned,2025-12-09 08:52:51
C04083,Public nuisance,Public nuisance. Upon at seat put answer very range water ten must.,Public Safety,High,71,57,False,17.39329368,78.50886228,In Progress,2025-12-02 08:52:51
C04084,Drain blockage,Drain blockage. Thus worker tonight forget fall drive example happy society event she thousand when.,Drainage,Critical,86,88,True,17.27434999,78.40291475,Closed,2025-06-17 08:52:51
C04085,Sewage overflow,Sewage overflow. Three find face do someone economy character without sort sure like although yard.,Drainage,Low,18,77,False,17.34697898,78.36871562,Pending,2026-02-25 08:52:51
C04086,Broken bench,Broken bench. These fly town another doctor particular student size me.,Parks,High,61,14,True,17.30592583,78.63154264,Resolved,2026-02-01 08:52:51
C04087,Street light not working,Street light not working. Partner and project price end participant item today.,Electrical,Low,13,19,False,17.36195783,78.37715231,Resolved,2026-04-21 08:52:51
C04088,Power outage,Power outage. Turn situation of over mouth another radio their music maybe far technology unit method.,Electrical,Low,11,3,False,17.33684927,78.48784724,Assigned,2025-09-02 08:52:51
C04089,No water supply,No water supply. Road knowledge go program item understand everything think door something no which person.,Water Supply,Critical,90,30,True,17.38345999,78.3772784,Closed,2025-10-21 08:52:51
C04090,Power outage,Power outage. Lead wall though treatment book eye American artist happen population.,Electrical,Low,23,65,False,17.44855506,78.43184863,Closed,2025-06-06 08:52:51
C04091,Damaged playground,Damaged playground. Apply young three me along over space.,Parks,High,77,97,False,17.38725285,78.59502316,Resolved,2025-07-16 08:52:51
C04092,Water leakage,Water leakage. Personal growth everyone crime herself teacher it grow degree television scene hard.,Water Supply,Medium,31,82,False,17.42936944,78.58831664,Assigned,2026-06-01 08:52:51
C04093,Illegal parking,Illegal parking. Cost truth possible market its city choice for.,Traffic,Critical,87,74,True,17.49819766,78.48556903,Pending,2026-01-27 08:52:51
C04094,Garbage not collected,Garbage not collected. Difference job car administration present door ground particularly view lay that parent product.,Sanitation,Critical,84,54,False,17.32575501,78.6221221,Resolved,2026-05-01 08:52:51
C04095,Traffic signal failure,Traffic signal failure. Even blood future imagine computer cause economy book inside provide.,Traffic,Medium,48,89,False,17.40976341,78.60550549,In Progress,2025-12-29 08:52:51
C04096,Abandoned vehicle,Abandoned vehicle. Recently air candidate bed bank you individual.,Public Safety,Medium,48,56,False,17.45465131,78.60490333,In Progress,2025-09-22 08:52:51
C04097,Traffic congestion,Traffic congestion. Bar offer join score trip relationship market common.,Traffic,High,83,100,False,17.32354864,78.40093776,Pending,2025-09-18 08:52:51
C04098,Trash accumulation,Trash accumulation. Break country why share worry cup claim among Congress seven audience own us attorney.,Sanitation,Low,11,32,False,17.34131346,78.45176009,Closed,2026-02-27 08:52:51
C04099,Water leakage,Water leakage. Popular into year grow return business anything standard guess.,Water Supply,Low,0,90,False,17.28281555,78.49767015,Pending,2026-01-16 08:52:51
C04100,No water supply,No water supply. Follow seat quality edge popular resource raise agent southern her return.,Water Supply,Low,9,34,False,17.24646865,78.44297659,Pending,2025-09-26 08:52:51
C04101,Water leakage,Water leakage. White measure available might win owner list other public.,Water Supply,Medium,48,58,False,17.51546742,78.62870358,Resolved,2026-03-27 08:52:51
C04102,Traffic signal failure,Traffic signal failure. Talk challenge nice simple effect quality rather toward their common.,Traffic,High,57,22,False,17.35601547,78.53112013,In Progress,2025-07-19 08:52:51
C04103,Garbage not collected,Garbage not collected. Name trip brother table own hospital story bank they structure wide same.,Sanitation,Low,1,49,False,17.26090999,78.39781254,In Progress,2025-07-07 08:52:51
C04104,Damaged playground,Damaged playground. Democrat four early behind career probably bank small ground early.,Parks,Low,13,87,False,17.44747441,78.45125124,Closed,2026-04-15 08:52:51
C04105,Trash accumulation,Trash accumulation. Similar pattern check once team impact heart ball table college apply.,Sanitation,Low,25,1,False,17.36252538,78.34504379,Assigned,2026-02-21 08:52:51
C04106,Sewage overflow,Sewage overflow. Example read international outside so staff carry analysis rather major picture how story call.,Drainage,Low,17,26,False,17.29633395,78.47716341,Resolved,2025-07-11 08:52:51
C04107,Street light not working,Street light not working. Culture federal soon world learn yeah follow look heavy price despite.,Electrical,Low,25,3,False,17.35275944,78.5248517,Pending,2025-07-29 08:52:51
C04108,No water supply,No water supply. Human program will where second address ever likely nothing set for prevent push relate.,Water Supply,High,72,39,False,17.2954784,78.61024057,Pending,2026-05-23 08:52:51
C04109,Power outage,Power outage. Follow window dream sure movement number see bill remain agree major business catch.,Electrical,High,58,95,False,17.34155331,78.53261049,Closed,2025-07-10 08:52:51
C04110,Pothole on road,Pothole on road. Use detail bag represent much hair able table conference we green conference woman around somebody.,Roads,High,66,23,False,17.31116139,78.62291837,Assigned,2026-04-03 08:52:51
C04111,Overflowing waste bins,Overflowing waste bins. Cup task same participant whose knowledge want others six Democrat black interview six plan remember meeting.,Sanitation,Medium,28,17,True,17.44741325,78.4211305,Resolved,2025-12-17 08:52:51
C04112,Loose electric wire,Loose electric wire. Strong property human bring usually try show develop suggest north.,Electrical,High,75,35,False,17.50704143,78.60798009,In Progress,2025-08-07 08:52:51
C04113,Sewage overflow,Sewage overflow. Scene popular nothing early wonder sense dark tonight lose art situation international state four know.,Drainage,Low,22,21,False,17.29968286,78.3380048,Assigned,2026-03-31 08:52:51
C04114,Street light not working,Street light not working. Available forget product year music possible meeting walk would need pay air.,Electrical,High,61,25,False,17.42180046,78.34653797,Resolved,2026-04-23 08:52:51
C04115,Power outage,Power outage. Itself him happy expert sing standard involve gun plan character style successful air.,Electrical,Low,8,68,False,17.51513126,78.51660214,Closed,2025-06-11 08:52:51
C04116,Abandoned vehicle,Abandoned vehicle. Sport American follow whom election society road magazine magazine difficult forget laugh.,Public Safety,Low,3,77,False,17.23704271,78.51793424,Pending,2025-08-14 08:52:51
C04117,Water leakage,Water leakage. Challenge ground perform tonight each need under cover movie somebody certain week process choose reason long.,Water Supply,Medium,26,91,False,17.44775338,78.38206903,Assigned,2025-09-14 08:52:51
C04118,Damaged pavement,Damaged pavement. Work none particularly from nation day what home work performance southern.,Roads,Medium,45,99,False,17.50660174,78.34388021,Resolved,2026-03-30 08:52:51
C04119,Garbage not collected,Garbage not collected. There time local executive difference deep floor however ten be marriage receive everything relate design.,Sanitation,Low,9,73,False,17.44964392,78.42799131,Pending,2026-04-23 08:52:51
C04120,Sewage overflow,Sewage overflow. Science into star wait fast civil difference dark trade.,Drainage,High,59,69,False,17.27174857,78.40766886,Closed,2026-03-29 08:52:51
C04121,Park maintenance issue,Park maintenance issue. Last might drop more majority audience magazine man scene it ground thus challenge huge lawyer.,Parks,High,60,39,False,17.36367063,78.36844426,Resolved,2025-08-29 08:52:51
C04122,Damaged pavement,Damaged pavement. View of there country kid country now find well young fast deep old.,Roads,Medium,29,90,False,17.27802583,78.5931129,Assigned,2025-12-24 08:52:51
C04123,No water supply,No water supply. Look after together song important friend car character affect state million skill customer describe simply.,Water Supply,High,90,14,False,17.44138775,78.45902691,In Progress,2025-06-15 08:52:51
C04124,Traffic congestion,Traffic congestion. Give deep although since Democrat continue management young free.,Traffic,Critical,95,14,False,17.49091549,78.48156691,Assigned,2025-11-30 08:52:51
C04125,Loose electric wire,Loose electric wire. Pick focus off statement color raise remember view.,Electrical,High,77,69,False,17.44515444,78.48900432,Resolved,2025-10-10 08:52:51
C04126,Pothole on road,Pothole on road. Great small modern into throw hard interesting her education food live gas.,Roads,High,68,48,True,17.30315692,78.6070948,Pending,2025-08-27 08:52:51
C04127,Loose electric wire,Loose electric wire. Ago current science go almost yard side best within artist effort create any product.,Electrical,Low,8,10,False,17.3054629,78.48154942,In Progress,2025-10-16 08:52:51
C04128,Damaged playground,Damaged playground. However teacher fact country focus well break PM others field quickly house everybody then quality.,Parks,High,61,32,False,17.36994568,78.43290163,Pending,2026-04-27 08:52:51
C04129,Damaged playground,Damaged playground. Hot assume do enough industry central street fight.,Parks,Medium,27,62,False,17.42422205,78.54486742,In Progress,2025-10-12 08:52:51
C04130,Trash accumulation,Trash accumulation. Play thing structure once everybody citizen treat several both say get end billion opportunity.,Sanitation,High,91,31,False,17.39068287,78.34071773,Closed,2026-04-04 08:52:51
C04131,Traffic congestion,Traffic congestion. Thank goal gun office available as page.,Traffic,High,76,70,False,17.28769822,78.39461905,In Progress,2025-11-24 08:52:51
C04132,Illegal parking,Illegal parking. Others shake not organization voice whose rate either expect.,Traffic,Low,25,92,False,17.29170504,78.50211012,Resolved,2026-02-03 08:52:51
C04133,Power outage,Power outage. Home society others off will risk never radio production training media.,Electrical,Medium,41,75,False,17.31141149,78.59890193,Closed,2026-05-20 08:52:51
C04134,Street light not working,Street light not working. High body two list capital seven major may it seven value.,Electrical,Medium,31,17,False,17.37304444,78.60677507,Pending,2025-09-26 08:52:51
C04135,Road crack,Road crack. Four economic no focus majority fact less finally last process senior.,Roads,Low,4,13,False,17.46809372,78.51316688,Assigned,2025-08-25 08:52:51
C04136,Unsafe area,Unsafe area. Prepare street minute citizen movement thing enter land close Republican item mother seek.,Public Safety,Medium,48,95,False,17.32200411,78.46511548,Pending,2025-07-17 08:52:51
C04137,Public nuisance,Public nuisance. Enjoy event or no store church market economy my blood.,Public Safety,Low,7,94,False,17.27637363,78.34938733,Pending,2025-08-27 08:52:51
C04138,Public nuisance,Public nuisance. Truth great about least central positive scientist nature black design response purpose wish hour.,Public Safety,High,51,80,False,17.3861122,78.42269698,Pending,2025-07-21 08:52:51
C04139,Broken bench,Broken bench. Little role market center budget natural foot everyone day development break doctor early say.,Parks,High,70,83,False,17.48761656,78.38464018,In Progress,2025-06-08 08:52:51
C04140,Overflowing waste bins,Overflowing waste bins. Walk eye science like inside amount lose.,Sanitation,High,60,76,False,17.29183582,78.50549139,Closed,2026-05-26 08:52:51
C04141,Trash accumulation,Trash accumulation. Live it any say break nothing response performance keep voice enter.,Sanitation,High,70,1,False,17.43176256,78.35248601,Pending,2025-08-23 08:52:51
C04142,Trash accumulation,Trash accumulation. Agency book strategy draw success adult cut whose there kid during detail determine forward build better.,Sanitation,Medium,34,91,False,17.5117934,78.42196966,Closed,2025-09-10 08:52:51
C04143,Damaged pavement,Damaged pavement. Air since life side medical challenge almost within.,Roads,Medium,48,60,False,17.3566626,78.61116981,Pending,2026-02-01 08:52:51
C04144,No water supply,No water supply. Discuss then officer name although simple reduce trouble.,Water Supply,Low,12,61,False,17.34661535,78.52877563,Resolved,2025-10-28 08:52:51
C04145,Street light not working,Street light not working. Tonight glass no deep thousand change although tonight remain.,Electrical,Low,4,37,False,17.46900078,78.5548822,In Progress,2026-05-02 08:52:51
C04146,Public nuisance,Public nuisance. Change week task policy occur rise brother none money that their issue now ball worker doctor.,Public Safety,Low,10,5,False,17.47135234,78.5210157,Pending,2026-02-19 08:52:51
C04147,Damaged playground,Damaged playground. Almost simple catch fund fish again ball while trouble fish thought professor fight.,Parks,Low,0,39,False,17.27324955,78.36761557,Assigned,2025-07-26 08:52:51
C04148,Damaged playground,Damaged playground. Imagine safe ten close respond fly alone practice defense meeting word above.,Parks,High,87,26,False,17.47749728,78.51387404,Pending,2025-08-01 08:52:51
C04149,Garbage not collected,Garbage not collected. According administration among film factor strategy position second war bill election tend.,Sanitation,Critical,88,18,False,17.51042438,78.49208231,Pending,2026-01-14 08:52:51
C04150,Waterlogging,Waterlogging. With bit letter ground away speak make phone hair hot during.,Drainage,Medium,43,25,False,17.25625278,78.3552346,Resolved,2026-06-01 08:52:51
C04151,Traffic congestion,Traffic congestion. Hold area hard participant from light American he police others nothing forward.,Traffic,High,63,51,False,17.4467552,78.53471223,Pending,2026-04-18 08:52:51
C04152,Traffic signal failure,Traffic signal failure. Stock large officer understand organization also popular various expect hand machine recently seven daughter international.,Traffic,Critical,100,28,False,17.37171018,78.46353487,Assigned,2026-05-06 08:52:51
C04153,Park maintenance issue,Park maintenance issue. Early choice environment month mother former work religious future treatment difference reflect remain herself.,Parks,High,60,98,False,17.48653494,78.47246368,Assigned,2025-10-22 08:52:51
C04154,Illegal parking,Illegal parking. Town list within fight life investment model artist.,Traffic,Critical,100,17,False,17.28411528,78.46019255,Resolved,2025-09-27 08:52:51
C04155,Broken bench,Broken bench. Thought product allow establish prove herself single half while myself.,Parks,Medium,36,14,False,17.35062755,78.55553032,Resolved,2025-08-01 08:52:51
C04156,Drain blockage,Drain blockage. Science small method professional pull it prevent image more.,Drainage,High,70,44,False,17.24882441,78.60152311,In Progress,2026-05-03 08:52:51
C04157,Pipeline burst,Pipeline burst. Wear part race culture single chance heart foreign mean raise above than military.,Water Supply,High,98,17,False,17.30714233,78.63535396,Assigned,2025-12-16 08:52:51
C04158,Drain blockage,Drain blockage. Word machine full break respond institution above point while clearly early thank than trouble understand six.,Drainage,High,71,94,False,17.52140023,78.61212913,Pending,2026-05-24 08:52:51
C04159,Abandoned vehicle,Abandoned vehicle. Type beautiful seek suggest west impact sometimes who nearly thousand clear hope.,Public Safety,High,52,61,False,17.29420898,78.37052576,Resolved,2025-10-24 08:52:51
C04160,Overflowing waste bins,Overflowing waste bins. Evidence close rule receive act my would full agree have according.,Sanitation,Low,14,95,False,17.30932661,78.60508009,Assigned,2025-09-28 08:52:51
C04161,Water leakage,Water leakage. Personal consumer check add feeling difficult class.,Water Supply,High,90,98,False,17.41376317,78.50005848,Assigned,2025-10-10 08:52:51
C04162,Street light not working,Street light not working. Enter site wife general night news impact.,Electrical,High,76,99,False,17.49348894,78.3638916,Pending,2026-02-19 08:52:51
C04163,Broken bench,Broken bench. Cup argue suffer ten factor apply against include partner training.,Parks,Medium,50,11,False,17.25150466,78.45183626,Assigned,2025-09-18 08:52:51
C04164,Abandoned vehicle,Abandoned vehicle. Again other check lot trial class wall part drop front serious away always store message plant.,Public Safety,Medium,39,76,False,17.39595263,78.46837828,Pending,2025-12-27 08:52:51
C04165,Trash accumulation,Trash accumulation. Seven who produce design character house that anyone magazine together word boy.,Sanitation,High,65,91,False,17.26744935,78.59802414,Pending,2026-04-28 08:52:51
C04166,Damaged pavement,Damaged pavement. Art pretty yet within technology cost could citizen.,Roads,Medium,44,51,False,17.4384789,78.58108509,Pending,2026-02-26 08:52:51
C04167,Damaged playground,Damaged playground. Detail need result hit across loss themselves way line relate image strong pull.,Parks,Low,12,49,False,17.4442949,78.38478958,Resolved,2025-10-27 08:52:51
C04168,Pipeline burst,Pipeline burst. Step pressure easy focus class relationship international them sign I order might.,Water Supply,Low,19,7,True,17.39739791,78.57764898,Closed,2026-02-08 08:52:51
C04169,Road crack,Road crack. Training foreign later face increase past bad focus three daughter statement movie so happy factor.,Roads,Critical,98,72,False,17.52785208,78.63026881,Closed,2026-01-26 08:52:51
C04170,Loose electric wire,Loose electric wire. Middle drive truth outside break strategy step crime without same professional maintain see yes his once.,Electrical,High,70,50,False,17.43413774,78.47300151,Pending,2026-06-02 08:52:51
C04171,Damaged pavement,Damaged pavement. Free cold result real activity education better.,Roads,High,67,16,False,17.40841826,78.36828654,Resolved,2025-08-09 08:52:51
C04172,Illegal parking,Illegal parking. Least national bed discuss policy action local back decide much standard.,Traffic,Low,10,13,False,17.38802828,78.44287099,Resolved,2025-08-28 08:52:51
C04173,Loose electric wire,Loose electric wire. Pick consumer than sing side road once model positive think reach.,Electrical,High,61,25,False,17.30203905,78.56622506,Resolved,2025-12-30 08:52:51
C04174,Pipeline burst,Pipeline burst. I issue city stock create manage role trade leader goal federal seek method production majority.,Water Supply,High,70,63,False,17.38701825,78.57701633,Pending,2025-10-31 08:52:51
C04175,Drain blockage,Drain blockage. Policy oil agency international product blue imagine discuss.,Drainage,High,72,26,False,17.41960584,78.56299546,Pending,2026-02-22 08:52:51
C04176,Illegal parking,Illegal parking. Common group rock state close listen provide sit child clearly final table.,Traffic,High,92,34,True,17.44889712,78.53487109,In Progress,2025-09-01 08:52:51
C04177,Trash accumulation,Trash accumulation. Begin way include phone expert positive institution person type certainly day model pass lose.,Sanitation,High,66,81,False,17.33779043,78.56939779,Resolved,2025-12-05 08:52:51
C04178,No water supply,No water supply. Health thought wind build professional Congress lot today management far create wife.,Water Supply,High,57,1,False,17.32952268,78.54919291,In Progress,2025-09-19 08:52:51
C04179,Water leakage,Water leakage. Listen operation factor phone guess draw my college dog who forward later eye friend eye.,Water Supply,High,54,2,False,17.49411997,78.43200882,Pending,2025-07-18 08:52:51
C04180,Traffic congestion,Traffic congestion. Manager all administration Congress carry continue themselves marriage left right probably baby.,Traffic,Medium,35,48,False,17.2617032,78.60403936,Closed,2026-04-15 08:52:51
C04181,Water leakage,Water leakage. Inside environmental environmental industry cost present blue.,Water Supply,High,62,89,False,17.40784818,78.41002118,Resolved,2026-04-11 08:52:51
C04182,Road crack,Road crack. Property piece personal product throughout age hand of.,Roads,Low,8,63,False,17.38356799,78.34682471,Assigned,2025-09-06 08:52:51
C04183,Unsafe area,Unsafe area. Director see forget American spend be set head.,Public Safety,High,91,17,False,17.43372119,78.49885796,In Progress,2025-11-05 08:52:51
C04184,Damaged playground,Damaged playground. Mean enter official computer opportunity house learn whose entire.,Parks,High,54,77,False,17.49766007,78.458291,Closed,2026-01-05 08:52:51
C04185,Damaged playground,Damaged playground. Business stand region easy throw pressure through must important prevent company.,Parks,Critical,86,42,True,17.3057704,78.42841487,Closed,2025-09-21 08:52:51
C04186,Trash accumulation,Trash accumulation. Law down country wear fish Democrat wrong with brother interesting reflect nation yes us.,Sanitation,High,98,41,False,17.32064551,78.52880613,Closed,2025-10-05 08:52:51
C04187,Pothole on road,Pothole on road. Season participant remember nor next member deal anything attention.,Roads,Low,17,89,False,17.2865871,78.40459821,Closed,2026-01-27 08:52:51
C04188,Pipeline burst,Pipeline burst. Animal student health build before building training son least fight form back.,Water Supply,Medium,33,69,False,17.50975819,78.41010866,Closed,2026-02-07 08:52:51
C04189,Damaged pavement,Damaged pavement. West head pull beautiful add pressure situation every.,Roads,Medium,48,19,False,17.46919279,78.44768085,In Progress,2025-10-08 08:52:51
C04190,Garbage not collected,Garbage not collected. Board ball try do western station PM church general kind participant wait color away.,Sanitation,Medium,28,6,False,17.46939335,78.54749028,Closed,2026-04-21 08:52:51
C04191,Traffic signal failure,Traffic signal failure. Firm level reach that soldier discover because church away car detail conference.,Traffic,Low,18,71,False,17.27094769,78.46092645,Pending,2025-07-26 08:52:51
C04192,Road crack,Road crack. Similar compare amount stop skin beautiful compare manager easy approach despite before.,Roads,High,95,31,False,17.25776601,78.4006774,Closed,2025-07-27 08:52:51
C04193,Garbage not collected,Garbage not collected. Later consumer official fact art audience part day all street radio.,Sanitation,High,83,54,False,17.44958937,78.37069975,In Progress,2026-03-23 08:52:51
C04194,Damaged playground,Damaged playground. Rock TV family special investment read tree call food recently may reveal.,Parks,High,51,30,False,17.50622527,78.51926522,Assigned,2026-03-01 08:52:51
C04195,Abandoned vehicle,Abandoned vehicle. Economy score really office notice husband success.,Public Safety,Critical,82,4,False,17.31884313,78.55699622,Closed,2025-12-07 08:52:51
C04196,Traffic signal failure,Traffic signal failure. Develop doctor agree daughter those ask push win.,Traffic,High,98,19,False,17.28368932,78.44529113,Resolved,2026-01-24 08:52:51
C04197,Pothole on road,Pothole on road. War piece lead quite price his board.,Roads,High,72,31,False,17.32023407,78.34723635,Closed,2025-11-22 08:52:51
C04198,Pothole on road,Pothole on road. Teacher woman someone note kitchen eat edge name none edge south.,Roads,Medium,44,11,False,17.23697176,78.43686893,Assigned,2025-07-17 08:52:51
C04199,Overflowing waste bins,Overflowing waste bins. Run hotel her process again pressure walk seven church far activity head friend.,Sanitation,High,69,94,False,17.37634002,78.4549453,Pending,2026-03-28 08:52:51
C04200,Waterlogging,Waterlogging. Return leave least word foreign help order husband guy manage bad trip.,Drainage,High,69,1,False,17.44106548,78.61774302,Assigned,2026-01-20 08:52:51
C04201,No water supply,No water supply. Name exactly close reach catch certainly writer executive along.,Water Supply,High,77,72,False,17.35292505,78.59471814,In Progress,2026-05-02 08:52:51
C04202,Park maintenance issue,Park maintenance issue. Under catch gas whose must prepare pattern onto among per truth environmental information reason region.,Parks,High,86,36,False,17.31327712,78.36891535,Pending,2026-06-03 08:52:51
C04203,Road crack,Road crack. Feel fine article star same yourself trouble loss eight figure play data her west let.,Roads,Medium,37,59,False,17.34410103,78.55306735,Pending,2026-03-27 08:52:51
C04204,Illegal parking,Illegal parking. Sea natural local another difference could better their ago management son never exist material front number.,Traffic,High,59,10,False,17.50534484,78.54654129,Assigned,2026-05-07 08:52:51
C04205,Loose electric wire,Loose electric wire. Region look recent rate fact sell call ago improve line.,Electrical,Medium,39,4,False,17.4223591,78.46667422,Closed,2025-09-28 08:52:51
C04206,Abandoned vehicle,Abandoned vehicle. Because group low series a food hot street should all number meeting.,Public Safety,Low,6,22,False,17.25828455,78.54587195,Assigned,2025-07-26 08:52:51
C04207,Public nuisance,Public nuisance. Leave subject we laugh suddenly former ask.,Public Safety,High,90,39,False,17.44974038,78.49578572,Pending,2025-06-17 08:52:51
C04208,Park maintenance issue,Park maintenance issue. Mother participant follow note not particularly enough audience notice catch forget develop.,Parks,High,71,19,False,17.40812115,78.59268179,Pending,2025-10-12 08:52:51
C04209,Park maintenance issue,Park maintenance issue. Soldier player color speak receive interest explain stock third deep president still some.,Parks,Low,23,65,False,17.31166112,78.50270152,Pending,2026-03-13 08:52:51
C04210,Loose electric wire,Loose electric wire. Experience fill return church may effort religious magazine let which garden improve machine girl idea television.,Electrical,Medium,44,54,False,17.41877448,78.54550651,Pending,2025-09-25 08:52:51
C04211,Water leakage,Water leakage. Boy guy place leader wide reality walk follow your.,Water Supply,Critical,97,55,False,17.39994801,78.55074981,Resolved,2025-12-26 08:52:51
C04212,Overflowing waste bins,Overflowing waste bins. Big individual any name throw eight play why while new.,Sanitation,Critical,93,56,False,17.51844356,78.63238814,In Progress,2025-07-17 08:52:51
C04213,Abandoned vehicle,Abandoned vehicle. Civil detail analysis doctor art top letter during real recently national data purpose network and several.,Public Safety,Medium,35,50,False,17.47027399,78.40357261,Pending,2025-08-02 08:52:51
C04214,Loose electric wire,Loose electric wire. Center hope hospital sure street education find move interest.,Electrical,Medium,35,51,False,17.41562644,78.57249555,Assigned,2026-02-18 08:52:51
C04215,Waterlogging,Waterlogging. Sport behind go tend side institution factor consider.,Drainage,Critical,91,82,False,17.33434137,78.38778074,Resolved,2025-11-10 08:52:51
C04216,Park maintenance issue,Park maintenance issue. Worry draw oil affect his business brother single wrong possible or final through week tonight including.,Parks,Medium,47,63,False,17.3299303,78.42140314,Assigned,2026-01-15 08:52:51
C04217,Unsafe area,Unsafe area. Box season various prepare image person stop.,Public Safety,High,61,82,False,17.36877806,78.39778755,In Progress,2025-12-23 08:52:51
C04218,Traffic congestion,Traffic congestion. Style fly specific during step relate entire Mrs whose small develop bar.,Traffic,High,63,57,False,17.24478076,78.63441793,In Progress,2025-07-21 08:52:51
C04219,Abandoned vehicle,Abandoned vehicle. Talk whether choose once region improve science life hair.,Public Safety,High,65,69,False,17.38136833,78.53641737,In Progress,2025-08-24 08:52:51
C04220,Street light not working,Street light not working. Employee fine time property feeling section matter education suggest upon simply trade health sea.,Electrical,Low,8,88,False,17.2702222,78.61751881,In Progress,2025-08-16 08:52:51
C04221,Illegal parking,Illegal parking. Senior him power short TV under response myself head soon factor pass remain interesting issue.,Traffic,Medium,36,45,False,17.39637449,78.59688493,Closed,2025-07-13 08:52:51
C04222,Damaged playground,Damaged playground. Order especially case make size character result owner health there.,Parks,Medium,50,76,False,17.36092922,78.62959916,Resolved,2025-11-10 08:52:51
C04223,Road crack,Road crack. Her fish generation describe summer drop can partner enjoy when.,Roads,Low,7,87,False,17.34689016,78.46144344,Resolved,2026-04-25 08:52:51
C04224,Water leakage,Water leakage. View join tend professor billion mention and cultural each east throw truth blood rich.,Water Supply,Medium,38,96,False,17.52265971,78.40787324,Assigned,2025-11-24 08:52:51
C04225,Damaged playground,Damaged playground. Quality growth office knowledge thing accept measure lose attention opportunity I speak finally just.,Parks,Low,23,87,False,17.30099238,78.34666988,Closed,2025-08-31 08:52:51
C04226,Water leakage,Water leakage. His process protect dinner recognize ok experience will music protect bill newspaper carry religious air kind.,Water Supply,Low,17,89,False,17.45929808,78.5029337,Pending,2026-04-14 08:52:51
C04227,Park maintenance issue,Park maintenance issue. Trial white reveal staff interesting while past radio.,Parks,High,75,21,False,17.29540481,78.37549673,Closed,2025-06-29 08:52:51
C04228,Broken bench,Broken bench. Better write huge recent their career finish food upon own.,Parks,Low,3,67,False,17.43847122,78.42098117,Closed,2025-08-27 08:52:51
C04229,Garbage not collected,Garbage not collected. Style Mrs talk every very large answer career response well social our.,Sanitation,High,95,75,True,17.49617596,78.6300071,In Progress,2026-04-05 08:52:51
C04230,Sewage overflow,Sewage overflow. Hot star admit I open much idea.,Drainage,Critical,97,48,False,17.46078418,78.42084501,Resolved,2025-12-02 08:52:51
C04231,Waterlogging,Waterlogging. Back five draw theory blue write black century three.,Drainage,Low,6,83,False,17.4109757,78.40890524,Assigned,2025-12-11 08:52:51
C04232,Street light not working,Street light not working. Air save nation position million environment manager.,Electrical,Medium,34,89,False,17.36769674,78.53593403,Resolved,2025-10-31 08:52:51
C04233,No water supply,No water supply. Source recently fly road window produce feeling decide above consumer against.,Water Supply,Low,13,9,False,17.34823453,78.39936613,Resolved,2026-02-10 08:52:51
C04234,Water leakage,Water leakage. Different final recently relate year rise most sign learn quite face gas management.,Water Supply,Critical,96,73,False,17.49428985,78.52760307,Closed,2025-09-22 08:52:51
C04235,Sewage overflow,Sewage overflow. Nor remain interview throw call join necessary peace.,Drainage,Low,18,38,False,17.3626354,78.41629825,Resolved,2025-10-15 08:52:51
C04236,Pothole on road,Pothole on road. Among drug letter summer radio talk understand already crime plant carry once call practice thus.,Roads,High,56,37,False,17.5089665,78.55801864,Pending,2025-07-01 08:52:51
C04237,Illegal parking,Illegal parking. Mr small attention father indicate teach organization idea get.,Traffic,Medium,42,52,False,17.26418997,78.37647036,Closed,2026-02-08 08:52:51
C04238,Garbage not collected,Garbage not collected. Agreement loss who sure follow above security black certain wish ask store.,Sanitation,Medium,45,52,False,17.2842363,78.456907,Resolved,2025-12-10 08:52:51
C04239,Loose electric wire,Loose electric wire. Resource line management political training hard writer real.,Electrical,High,59,10,True,17.44650982,78.56125427,Closed,2026-03-28 08:52:51
C04240,Illegal parking,Illegal parking. Occur white sing you computer foreign goal teach wife life end seek surface.,Traffic,Medium,45,37,False,17.39350647,78.350285,Assigned,2025-09-13 08:52:51
C04241,Public nuisance,Public nuisance. Responsibility here tree speech once personal keep science gun growth instead senior each put capital.,Public Safety,Low,22,72,False,17.42525244,78.35396504,In Progress,2026-04-04 08:52:51
C04242,Traffic signal failure,Traffic signal failure. Mean region become little crime about reveal defense possible drop now building front improve six.,Traffic,High,91,90,True,17.28159396,78.63170536,In Progress,2025-09-05 08:52:51
C04243,Damaged playground,Damaged playground. Environment give training cut police share action suffer room himself man white with less perhaps.,Parks,Low,25,72,False,17.5128608,78.44930988,Closed,2025-10-10 08:52:51
C04244,Power outage,Power outage. Plan others company tell then realize drive walk red carry class garden worry environment.,Electrical,Critical,96,99,False,17.48574285,78.51406284,Pending,2025-10-23 08:52:51
C04245,Traffic congestion,Traffic congestion. Rock great movie group despite themselves among his.,Traffic,High,52,91,False,17.32263892,78.52181521,Resolved,2025-07-01 08:52:51
C04246,Water leakage,Water leakage. Think only life table leg yes reach seem establish well significant.,Water Supply,High,91,8,False,17.33575969,78.41731613,Resolved,2026-05-03 08:52:51
C04247,Pipeline burst,Pipeline burst. Figure my protect society see decision security anything manager push specific.,Water Supply,Medium,27,37,False,17.32428851,78.56259358,Assigned,2025-10-03 08:52:51
C04248,Public nuisance,Public nuisance. Sit hot system evening special foot board list church usually score take especially tree.,Public Safety,Medium,33,80,False,17.36774737,78.59807395,Assigned,2025-10-26 08:52:51
C04249,Sewage overflow,Sewage overflow. Month power question seven method sure task address.,Drainage,Critical,94,19,False,17.26899336,78.61922086,Assigned,2026-05-29 08:52:51
C04250,Pothole on road,Pothole on road. Top color detail season his once strong show special system sell early perhaps good father least.,Roads,Low,7,36,False,17.3559417,78.51150696,Resolved,2026-04-07 08:52:51
C04251,Loose electric wire,Loose electric wire. Drug support mouth consider stage campaign fill imagine apply yet.,Electrical,Critical,87,64,False,17.37414035,78.49169994,Assigned,2025-07-21 08:52:51
C04252,Trash accumulation,Trash accumulation. Knowledge admit try truth require movie finish nor material central agency ability choice.,Sanitation,Low,11,73,False,17.41059663,78.55788125,Assigned,2025-06-26 08:52:51
C04253,Park maintenance issue,Park maintenance issue. Popular one treatment training require spend bring standard friend.,Parks,Low,18,30,False,17.39349586,78.4146981,Pending,2025-09-15 08:52:51
C04254,Pothole on road,Pothole on road. Arm table action senior opportunity address heart light remain international happy.,Roads,Medium,42,58,False,17.44104288,78.51259111,Assigned,2025-11-21 08:52:51
C04255,Pipeline burst,Pipeline burst. Cause animal happen visit tax improve red first seek interesting cover economic each name.,Water Supply,High,96,92,False,17.29343537,78.58193449,Resolved,2026-03-14 08:52:51
C04256,Road crack,Road crack. Ground natural animal since expert commercial never still health direction bag a admit affect recently too.,Roads,Medium,32,18,False,17.49119818,78.60200158,Assigned,2026-04-01 08:52:51
C04257,Drain blockage,Drain blockage. Nearly shoulder language oil person huge every today authority everybody arm chance tonight back teach compare.,Drainage,Low,16,51,False,17.25943885,78.59684124,Assigned,2026-04-06 08:52:51
C04258,Public nuisance,Public nuisance. Front magazine tree knowledge air finish north whose senior thought add front.,Public Safety,High,65,100,False,17.27121393,78.5821468,Resolved,2025-09-03 08:52:51
C04259,Loose electric wire,Loose electric wire. Daughter notice ok charge house already nation say small remain like.,Electrical,Low,14,91,False,17.28147375,78.41790263,Closed,2026-03-11 08:52:51
C04260,Damaged playground,Damaged playground. Close manager back year where way western.,Parks,Medium,46,81,False,17.23503293,78.49039728,Assigned,2025-08-31 08:52:51
C04261,Garbage not collected,Garbage not collected. Beat especially economy place two central brother along.,Sanitation,Medium,37,35,False,17.37682258,78.57940614,Assigned,2026-02-01 08:52:51
C04262,No water supply,No water supply. Long feeling charge these view population billion.,Water Supply,High,56,82,False,17.30046059,78.41747176,Pending,2026-05-21 08:52:51
C04263,Waterlogging,Waterlogging. Trade might away step least college point southern he break building car.,Drainage,High,77,35,False,17.37198834,78.4544192,Resolved,2026-02-11 08:52:51
C04264,No water supply,No water supply. Fine himself course lose system example cold finally field central with.,Water Supply,Low,7,14,False,17.4307355,78.53833901,Resolved,2025-09-21 08:52:51
C04265,Abandoned vehicle,Abandoned vehicle. Today this process discuss out together open alone special yet.,Public Safety,High,90,61,False,17.31415787,78.4193072,Assigned,2025-06-07 08:52:51
C04266,Damaged pavement,Damaged pavement. Figure play by teach international bill few.,Roads,Medium,29,70,False,17.51412594,78.52044207,Pending,2025-10-19 08:52:51
C04267,No water supply,No water supply. Run check deep theory plan yard amount talk.,Water Supply,High,87,19,False,17.38828237,78.61592773,Resolved,2025-10-08 08:52:51
C04268,Illegal parking,Illegal parking. Fast toward before camera husband base third above example home let.,Traffic,High,88,0,False,17.46949345,78.57702335,Assigned,2026-03-20 08:52:51
C04269,Water leakage,Water leakage. Way there enjoy effect picture forget how put against clear both live interesting something community hotel.,Water Supply,Low,20,32,False,17.41046603,78.38926734,Pending,2026-02-28 08:52:51
C04270,Broken bench,Broken bench. Also writer issue charge people cultural news side build across course artist must produce vote case.,Parks,Low,2,26,False,17.3248929,78.39386633,Resolved,2025-10-28 08:52:51
C04271,Sewage overflow,Sewage overflow. Child as military speech bill race no different.,Drainage,High,64,58,False,17.53060122,78.55753478,Resolved,2025-10-22 08:52:51
C04272,Traffic congestion,Traffic congestion. Hotel fall big language there leader least go season actually street maybe.,Traffic,High,55,53,False,17.30001437,78.37341146,In Progress,2025-12-10 08:52:51
C04273,Pipeline burst,Pipeline burst. Movement fill early far third forward forward identify state several this however value tough.,Water Supply,Critical,94,89,False,17.47756764,78.57313609,Resolved,2025-07-31 08:52:51
C04274,Drain blockage,Drain blockage. Strategy base candidate stop late friend become page someone go from just stuff quickly will.,Drainage,Low,22,29,False,17.28362708,78.6108101,Pending,2026-02-25 08:52:51
C04275,Overflowing waste bins,Overflowing waste bins. Fall economic million young hour moment within question three home husband entire address.,Sanitation,High,93,60,False,17.32814229,78.54695991,Resolved,2026-01-02 08:52:51
C04276,Pothole on road,Pothole on road. Least himself throw that improve service safe town single theory skin how interesting.,Roads,Low,23,54,False,17.41641055,78.61978328,Assigned,2025-11-29 08:52:51
C04277,Loose electric wire,Loose electric wire. Measure debate sign including smile home nearly include test yard do nor process.,Electrical,Critical,97,88,False,17.35673373,78.54837941,Pending,2026-04-22 08:52:51
C04278,Damaged playground,Damaged playground. Full executive part send team inside may center almost produce whom.,Parks,High,71,14,False,17.26240636,78.5855142,In Progress,2026-03-06 08:52:51
C04279,Pothole on road,Pothole on road. Admit fly likely stock example name look participant collection.,Roads,Low,14,85,False,17.34943522,78.46352737,Assigned,2026-03-01 08:52:51
C04280,Loose electric wire,Loose electric wire. Over development recent hear movement book again stuff.,Electrical,High,55,82,False,17.39239407,78.61091987,Resolved,2026-03-13 08:52:51
C04281,Damaged pavement,Damaged pavement. Try century need occur century let program federal cost important project girl.,Roads,Low,21,36,False,17.43689551,78.57221465,Pending,2025-10-19 08:52:51
C04282,Waterlogging,Waterlogging. Last kitchen government strategy important left anything safe bad.,Drainage,Low,5,70,False,17.39409034,78.58868467,Closed,2025-10-16 08:52:51
C04283,Damaged playground,Damaged playground. Give long go place policy I health present summer marriage seem political.,Parks,High,76,43,False,17.28914221,78.62461506,Assigned,2025-08-11 08:52:51
C04284,Drain blockage,Drain blockage. Enough need however PM reality past person green decision.,Drainage,Medium,28,76,False,17.3463985,78.59979788,Pending,2026-01-12 08:52:51
C04285,Public nuisance,Public nuisance. Window should draw population hand hope drop.,Public Safety,Medium,39,41,False,17.26913612,78.38950264,Assigned,2025-12-06 08:52:51
C04286,Park maintenance issue,Park maintenance issue. Start child around specific theory white according store prevent shake return occur system film sell.,Parks,Medium,39,51,False,17.31815137,78.62243758,In Progress,2025-12-13 08:52:51
C04287,Illegal parking,Illegal parking. Consumer who law at chair order special effort structure politics with director political.,Traffic,Medium,31,83,False,17.41487488,78.43798961,Closed,2025-08-28 08:52:51
C04288,Abandoned vehicle,Abandoned vehicle. Fly most successful us only head piece decision here necessary commercial other.,Public Safety,High,62,81,True,17.40560639,78.49237812,In Progress,2025-07-17 08:52:51
C04289,Overflowing waste bins,Overflowing waste bins. Their bad financial number player boy article and now follow scene simply seek career look blue.,Sanitation,Low,25,99,False,17.34817116,78.42893368,Closed,2025-09-08 08:52:51
C04290,Traffic signal failure,Traffic signal failure. Hear good north free floor close reveal often series artist perhaps method step hour others.,Traffic,High,99,74,False,17.34268757,78.40340154,Assigned,2025-12-15 08:52:51
C04291,Sewage overflow,Sewage overflow. Step season notice this through local third score.,Drainage,Medium,31,89,False,17.46799042,78.49473713,Resolved,2025-06-22 08:52:51
C04292,Street light not working,Street light not working. Yard house dog now right college fire blood.,Electrical,Low,25,89,False,17.39025265,78.42829352,Pending,2025-12-11 08:52:51
C04293,Street light not working,Street light not working. Poor story method store people today cover author.,Electrical,High,73,62,False,17.42076942,78.57275956,Pending,2025-12-13 08:52:51
C04294,Traffic congestion,Traffic congestion. Fear attack outside inside fact sense yes they later teacher.,Traffic,Medium,50,26,False,17.4506605,78.57643597,Closed,2025-11-17 08:52:51
C04295,Pipeline burst,Pipeline burst. Foreign doctor common up former board these investment worker rate class for term by maybe.,Water Supply,High,80,90,False,17.51664181,78.43219335,Closed,2025-09-06 08:52:51
C04296,Traffic signal failure,Traffic signal failure. Pattern administration process style camera other blue then air point religious enjoy notice carry.,Traffic,High,98,1,False,17.24229054,78.37950873,Resolved,2025-06-20 08:52:51
C04297,Traffic signal failure,Traffic signal failure. Play past gas her industry really professional also build for key six front ground.,Traffic,High,64,56,False,17.28214727,78.41941508,Closed,2026-01-14 08:52:51
C04298,Road crack,Road crack. So hair mean speech look yet vote series carry road final look little.,Roads,Medium,50,80,False,17.48604973,78.42410317,Assigned,2025-08-05 08:52:51
C04299,Broken bench,Broken bench. Strategy enjoy increase newspaper majority art work enough.,Parks,Low,25,6,False,17.29688302,78.53048861,Pending,2026-01-08 08:52:51
C04300,Power outage,Power outage. Interview beautiful side inside oil yeah human manager star fine red last bring loss hospital performance.,Electrical,Medium,46,10,False,17.36525772,78.52347639,In Progress,2026-04-15 08:52:51
C04301,Pothole on road,Pothole on road. Standard respond check majority room instead husband field trouble use paper reality less care popular current.,Roads,High,84,12,False,17.32505206,78.4570706,Pending,2025-09-02 08:52:51
C04302,Water leakage,Water leakage. Skin deep attorney lose thousand over must share.,Water Supply,High,68,76,False,17.50540285,78.45690787,Resolved,2026-01-27 08:52:51
C04303,No water supply,No water supply. Identify cold theory rather deal none let senior plan see.,Water Supply,Medium,35,54,True,17.34099073,78.47593963,Closed,2025-08-24 08:52:51
C04304,Damaged playground,Damaged playground. Significant class quite part market thing what service left Mr total.,Parks,High,66,57,False,17.24620193,78.47746122,Closed,2026-05-13 08:52:51
C04305,Waterlogging,Waterlogging. Bank different nothing discuss officer really service.,Drainage,Low,16,85,False,17.50257438,78.37112774,Pending,2025-07-18 08:52:51
C04306,Loose electric wire,Loose electric wire. Who stock Democrat evidence performance significant wife two movement model player air century.,Electrical,Low,12,54,False,17.36364053,78.63514041,In Progress,2025-10-29 08:52:51
C04307,Water leakage,Water leakage. Style player grow light conference agent sit mention oil stage significant ball close off statement life.,Water Supply,High,87,16,True,17.24600925,78.53057063,Resolved,2025-08-12 08:52:51
C04308,Sewage overflow,Sewage overflow. Respond call federal a five culture though affect toward staff act century.,Drainage,High,63,25,False,17.5154268,78.46779534,In Progress,2025-08-20 08:52:51
C04309,Public nuisance,Public nuisance. Resource he laugh truth best west audience community better give plan their.,Public Safety,Medium,26,77,False,17.49184364,78.57226745,Pending,2025-10-17 08:52:51
C04310,Traffic congestion,Traffic congestion. Business itself run financial goal contain account.,Traffic,High,80,6,False,17.38022281,78.43751758,Pending,2025-11-18 08:52:51
C04311,Illegal parking,Illegal parking. Event majority door among word source claim something company against hotel prove join dog short.,Traffic,High,70,9,False,17.52841192,78.44901054,Assigned,2025-09-05 08:52:51
C04312,Pothole on road,Pothole on road. Performance make all check human successful avoid put.,Roads,High,60,76,False,17.42628092,78.63238179,Resolved,2025-07-15 08:52:51
C04313,Pipeline burst,Pipeline burst. Body man fill market lead contain arrive least their course sound.,Water Supply,High,84,62,False,17.31743678,78.46815855,Pending,2025-07-24 08:52:51
C04314,Water leakage,Water leakage. Dream arm experience poor long wish worker standard view serious paper laugh yet.,Water Supply,Medium,40,33,False,17.29980672,78.36285941,Closed,2026-02-10 08:52:51
C04315,Drain blockage,Drain blockage. Consumer relationship business cold brother get suggest shoulder option fish myself take buy recent conference bill.,Drainage,Critical,94,78,False,17.32443657,78.43102133,Assigned,2025-07-11 08:52:51
C04316,Waterlogging,Waterlogging. Consumer project girl drive political also head modern remember range out.,Drainage,High,72,96,False,17.37953522,78.37175895,Pending,2026-03-17 08:52:51
C04317,Waterlogging,Waterlogging. Somebody if couple around soon with again.,Drainage,Low,14,28,False,17.40217611,78.49577706,In Progress,2025-08-31 08:52:51
C04318,Garbage not collected,Garbage not collected. Task floor today eat trip policy dog stuff door.,Sanitation,High,72,46,False,17.25522691,78.5021385,Closed,2026-01-10 08:52:51
C04319,Traffic signal failure,Traffic signal failure. Quite player property only effort each think guy fact spring.,Traffic,High,64,57,False,17.53477883,78.54113352,Closed,2025-10-02 08:52:51
C04320,Unsafe area,Unsafe area. Decide finally if protect cost whom late recently lawyer design contain lay expect.,Public Safety,High,72,41,False,17.39027226,78.42135517,Resolved,2026-01-26 08:52:51
C04321,Sewage overflow,Sewage overflow. War suddenly yeah behavior maybe across range though member strategy thank scientist newspaper side.,Drainage,High,88,26,False,17.51704864,78.53027914,Resolved,2025-12-20 08:52:51
C04322,Road crack,Road crack. Plant something lay even list huge space statement for forward recognize staff.,Roads,Low,18,1,False,17.2612349,78.54201468,In Progress,2026-02-11 08:52:51
C04323,Drain blockage,Drain blockage. Kind item level office Republican guy particular impact.,Drainage,Medium,41,8,True,17.3883526,78.38992174,Closed,2025-12-20 08:52:51
C04324,Loose electric wire,Loose electric wire. Develop old trouble yourself no training store value from learn tax true teacher successful month.,Electrical,Medium,48,75,False,17.43833174,78.47831025,Pending,2025-08-27 08:52:51
C04325,Broken bench,Broken bench. Anyone fine expert western shoulder up ball tend about beyond car standard may want million.,Parks,High,92,80,False,17.34471771,78.37030668,In Progress,2025-07-17 08:52:51
C04326,Public nuisance,Public nuisance. Property development support so military more child three doctor.,Public Safety,Medium,39,32,False,17.34131674,78.35049195,Resolved,2026-01-11 08:52:51
C04327,Power outage,Power outage. Especially improve throw phone food issue soon establish sure doctor both dark movement whole.,Electrical,Low,16,99,False,17.38765829,78.53761591,Assigned,2025-08-28 08:52:51
C04328,Pothole on road,Pothole on road. City themselves security may market during address attorney.,Roads,High,58,81,False,17.50527471,78.4000805,Pending,2025-06-07 08:52:51
C04329,Abandoned vehicle,Abandoned vehicle. Very company concern still establish understand push know build consumer economic federal continue far.,Public Safety,Critical,81,68,False,17.42921074,78.42278112,Pending,2026-01-01 08:52:51
C04330,Damaged pavement,Damaged pavement. Southern security style home difficult owner role both.,Roads,High,77,42,False,17.40572687,78.63604273,Closed,2026-01-31 08:52:51
C04331,Garbage not collected,Garbage not collected. Skill power modern east total start customer will tree need about glass all too student.,Sanitation,Medium,39,8,False,17.50970539,78.36401755,Assigned,2026-05-02 08:52:51
C04332,Abandoned vehicle,Abandoned vehicle. Experience expect talk as east hotel shoulder another old material middle.,Public Safety,Critical,91,69,False,17.52377096,78.37435006,Assigned,2025-12-07 08:52:51
C04333,Unsafe area,Unsafe area. Wear suffer at religious budget partner listen build daughter.,Public Safety,High,74,40,False,17.27345264,78.55523708,Assigned,2026-03-22 08:52:51
C04334,Drain blockage,Drain blockage. Coach far white simply five operation sport low.,Drainage,Medium,41,73,False,17.34128819,78.52025362,Resolved,2026-02-04 08:52:51
C04335,Traffic congestion,Traffic congestion. Heart edge street trip fast personal standard many often.,Traffic,High,70,64,False,17.27385161,78.3716213,Resolved,2026-02-08 08:52:51
C04336,Loose electric wire,Loose electric wire. Remember rule popular per order one give commercial PM option forget pressure later bag.,Electrical,Critical,86,96,False,17.46374796,78.51641948,Assigned,2026-01-10 08:52:51
C04337,Waterlogging,Waterlogging. Social particular program five also answer blood everyone event station under class later eight.,Drainage,High,68,29,False,17.26811729,78.33672022,Closed,2025-10-25 08:52:51
C04338,Drain blockage,Drain blockage. Many level old member choose clear process world car.,Drainage,High,78,39,True,17.45749204,78.46176064,Resolved,2025-12-16 08:52:51
C04339,No water supply,No water supply. Voice surface provide area seem lot book anything writer information.,Water Supply,Medium,49,14,False,17.24360006,78.56836104,Resolved,2026-06-01 08:52:51
C04340,Drain blockage,Drain blockage. Daughter else outside small sure likely day reason child hand.,Drainage,High,51,32,False,17.26705936,78.55859009,In Progress,2026-01-30 08:52:51
C04341,Traffic congestion,Traffic congestion. Participant century knowledge address offer price price collection dream.,Traffic,Low,12,13,False,17.35402597,78.45653098,Assigned,2025-07-26 08:52:51
C04342,Pipeline burst,Pipeline burst. Some deep record build town affect successful.,Water Supply,High,72,42,False,17.33394361,78.55855991,Closed,2026-02-25 08:52:51
C04343,Illegal parking,Illegal parking. Beautiful choose raise she sure law wrong wall affect life.,Traffic,Low,1,83,False,17.46174295,78.43413363,Pending,2025-11-30 08:52:51
C04344,Power outage,Power outage. Happy nation card star coach first night loss fill so expert century idea also.,Electrical,Low,1,35,False,17.29774194,78.50381194,Closed,2026-05-12 08:52:51
C04345,Traffic congestion,Traffic congestion. Cold beautiful pick hot strategy community can gas over nearly big.,Traffic,Critical,99,92,True,17.52775558,78.5576931,Assigned,2025-06-05 08:52:51
C04346,Illegal parking,Illegal parking. Rest vote southern medical partner firm computer cause policy consider week democratic ability face design.,Traffic,Low,18,52,False,17.39957515,78.42208417,Pending,2026-02-02 08:52:51
C04347,Pipeline burst,Pipeline burst. Cause town care character into girl still property.,Water Supply,High,61,74,False,17.35130836,78.37247055,Assigned,2025-10-19 08:52:51
C04348,Traffic congestion,Traffic congestion. Seven change turn oil speak because follow plant important morning.,Traffic,Medium,34,55,False,17.30064036,78.57638575,Pending,2026-01-16 08:52:51
C04349,Overflowing waste bins,Overflowing waste bins. Describe account success kind experience example inside minute produce someone too hand.,Sanitation,Low,19,78,False,17.47005887,78.49632105,Closed,2026-05-23 08:52:51
C04350,Power outage,Power outage. Federal hit especially white listen when discuss because draw it next together here in whatever science.,Electrical,High,51,97,False,17.4023752,78.40773743,Pending,2026-01-03 08:52:51
C04351,Pothole on road,Pothole on road. Key job lot whether fish the financial military factor work money whether wife though.,Roads,Medium,26,8,False,17.37716935,78.56902239,Pending,2025-06-17 08:52:51
C04352,Waterlogging,Waterlogging. Painting mother pass like value serve program short strategy dream the part pressure.,Drainage,Medium,47,82,False,17.3650434,78.50686941,Closed,2025-08-28 08:52:51
C04353,Loose electric wire,Loose electric wire. Difference organization majority pretty resource purpose rock structure score.,Electrical,Low,22,72,False,17.38215663,78.37226774,Closed,2025-09-26 08:52:51
C04354,Illegal parking,Illegal parking. Race stage poor adult effort environmental chance sense store president plan since record structure total something.,Traffic,High,99,47,False,17.30686154,78.47732128,Pending,2025-09-20 08:52:51
C04355,Trash accumulation,Trash accumulation. Yet much east run opportunity reality worker purpose surface senior center likely.,Sanitation,Critical,92,91,False,17.41563626,78.41522362,In Progress,2025-06-27 08:52:51
C04356,Road crack,Road crack. Walk eye local million fund chair arrive good color see they remember popular.,Roads,High,70,81,False,17.51798941,78.34790321,Closed,2025-12-05 08:52:51
C04357,Damaged pavement,Damaged pavement. Character well whose customer president back letter care recently member.,Roads,Low,25,1,False,17.44184916,78.40742154,Resolved,2025-09-19 08:52:51
C04358,Street light not working,Street light not working. Language really child his back school Congress.,Electrical,Medium,50,64,False,17.4686554,78.56740138,Resolved,2025-08-24 08:52:51
C04359,Damaged playground,Damaged playground. Son usually base serious both gun of give this every as white practice choice writer.,Parks,Medium,37,17,False,17.36149819,78.61784521,Closed,2026-05-12 08:52:51
C04360,Garbage not collected,Garbage not collected. Music between part more arm if west expert culture keep within care hope our analysis.,Sanitation,High,94,73,False,17.49659711,78.62488088,Resolved,2026-02-17 08:52:51
C04361,Waterlogging,Waterlogging. Help here store start north yet popular within.,Drainage,High,57,19,False,17.33495194,78.4629955,Assigned,2026-03-17 08:52:51
C04362,No water supply,No water supply. Phone want PM thing have business just great blood.,Water Supply,Low,0,13,False,17.409216,78.47706591,Closed,2026-03-30 08:52:51
C04363,Public nuisance,Public nuisance. Where war person movement positive make child official.,Public Safety,High,74,44,False,17.35565023,78.38397918,Assigned,2026-04-05 08:52:51
C04364,Sewage overflow,Sewage overflow. Certainly inside during southern alone machine economic score thus.,Drainage,Medium,36,95,False,17.27206999,78.58856244,Resolved,2026-04-13 08:52:51
C04365,Trash accumulation,Trash accumulation. Leave especially night though time participant father black Mrs standard just time watch.,Sanitation,Medium,34,4,False,17.35115467,78.46053444,Pending,2026-02-20 08:52:51
C04366,Unsafe area,Unsafe area. Admit coach role religious son turn onto something enjoy reality.,Public Safety,High,84,21,False,17.37639265,78.61514159,Assigned,2025-11-13 08:52:51
C04367,Garbage not collected,Garbage not collected. Society total beyond one game result level like.,Sanitation,High,74,33,False,17.36412278,78.48443025,Resolved,2025-08-26 08:52:51
C04368,Illegal parking,Illegal parking. Eat key friend material space individual police boy.,Traffic,High,83,90,False,17.52478645,78.56312121,Resolved,2026-04-22 08:52:51
C04369,Damaged pavement,Damaged pavement. Describe north cost organization tree eye clear research table something place answer sense.,Roads,High,64,50,False,17.37755246,78.35502237,Pending,2026-01-24 08:52:51
C04370,Illegal parking,Illegal parking. Reality card cut business health door policy beat nothing station.,Traffic,High,77,92,False,17.33000154,78.52722398,Resolved,2026-03-27 08:52:51
C04371,Garbage not collected,Garbage not collected. Picture lot save later painting usually television early believe like local forget dog weight recognize sense.,Sanitation,High,55,72,False,17.43771927,78.53240094,Pending,2026-05-26 08:52:51
C04372,Broken bench,Broken bench. Stand trip pay which indicate weight similar admit daughter.,Parks,Medium,45,73,False,17.47330199,78.59502435,Closed,2025-12-13 08:52:51
C04373,Public nuisance,Public nuisance. Describe foreign art accept part relationship from finally room build again man operation firm upon.,Public Safety,High,61,9,False,17.5298375,78.60881487,In Progress,2025-09-03 08:52:51
C04374,Drain blockage,Drain blockage. Wife chair throw month contain recently born.,Drainage,High,78,40,False,17.35548295,78.35176299,Pending,2025-10-20 08:52:51
C04375,No water supply,No water supply. Investment war fish me off appear cold worker prevent cultural leave let teacher.,Water Supply,Medium,45,36,True,17.24589769,78.42208318,In Progress,2026-02-01 08:52:51
C04376,Park maintenance issue,Park maintenance issue. Break live song term everything particular research world trouble.,Parks,Medium,28,39,False,17.44678538,78.34487846,In Progress,2025-08-13 08:52:51
C04377,Water leakage,Water leakage. Kind ground hand million third pass institution them prevent dinner group.,Water Supply,Medium,37,8,True,17.32752525,78.53553267,Closed,2025-08-04 08:52:51
C04378,Sewage overflow,Sewage overflow. Grow prevent open full offer involve during visit resource most TV wide speech along line.,Drainage,High,57,10,False,17.49535502,78.50193472,Assigned,2025-07-23 08:52:51
C04379,Garbage not collected,Garbage not collected. Indicate moment fill authority skin interesting feel receive wide.,Sanitation,Medium,36,30,False,17.36568348,78.53213446,Assigned,2026-02-18 08:52:51
C04380,Public nuisance,Public nuisance. Themselves evening drive sense including police run member her body behind point executive west.,Public Safety,Low,23,87,False,17.4531792,78.43392615,Closed,2026-06-02 08:52:51
C04381,Water leakage,Water leakage. Expect because theory determine everybody rest protect culture from population report money body civil deal interesting.,Water Supply,Medium,50,10,False,17.32883361,78.42985713,Pending,2025-10-09 08:52:51
C04382,Trash accumulation,Trash accumulation. Huge fast guy voice factor black describe accept lay hear build east including send young.,Sanitation,Medium,36,12,False,17.2496362,78.51226069,Pending,2025-06-17 08:52:51
C04383,Illegal parking,Illegal parking. May ground human number Congress paper brother.,Traffic,Low,7,97,False,17.25865862,78.36552488,In Progress,2025-06-10 08:52:51
C04384,Illegal parking,Illegal parking. Meet forward data real country friend ground article raise news still prove happen.,Traffic,High,72,84,False,17.41641713,78.52861765,Resolved,2026-02-24 08:52:51
C04385,Public nuisance,Public nuisance. Responsibility fund instead service law task quite say later same trouble reach.,Public Safety,Low,7,53,False,17.39127539,78.34881089,Closed,2026-04-21 08:52:51
C04386,Unsafe area,Unsafe area. Bill whole these cup step letter perform film.,Public Safety,Low,20,84,False,17.42918143,78.46609245,Resolved,2025-06-16 08:52:51
C04387,Drain blockage,Drain blockage. President similar police piece accept watch against attorney full really hotel.,Drainage,High,53,72,False,17.4925316,78.54803713,In Progress,2026-03-22 08:52:51
C04388,Abandoned vehicle,Abandoned vehicle. Public industry north parent laugh my well south expert protect just least.,Public Safety,High,73,28,False,17.26373275,78.3770105,Closed,2025-08-29 08:52:51
C04389,Pipeline burst,Pipeline burst. But staff investment card social land now year.,Water Supply,Low,1,34,False,17.53058702,78.39756559,Pending,2026-03-06 08:52:51
C04390,Traffic signal failure,Traffic signal failure. Trouble down explain likely specific group so task my bag television force test.,Traffic,High,53,13,False,17.51962489,78.52209505,Resolved,2025-10-20 08:52:51
C04391,Trash accumulation,Trash accumulation. Their along word have entire land ago time.,Sanitation,High,64,72,False,17.41026228,78.39987612,Pending,2025-07-19 08:52:51
C04392,Water leakage,Water leakage. You today free happy its loss major many pass.,Water Supply,Low,21,60,False,17.43033576,78.5337972,Pending,2026-01-09 08:52:51
C04393,Overflowing waste bins,Overflowing waste bins. Give seem myself eat analysis sign night attorney pass follow red against.,Sanitation,Medium,29,52,False,17.28937792,78.38667639,Pending,2026-01-05 08:52:51
C04394,Broken bench,Broken bench. Sure democratic coach system main American guess church.,Parks,High,71,74,False,17.33799859,78.44746308,Pending,2025-07-06 08:52:51
C04395,Traffic congestion,Traffic congestion. Three writer still bit bed check mind price mean suggest.,Traffic,Critical,89,55,False,17.40682741,78.4422178,In Progress,2025-11-09 08:52:51
C04396,Water leakage,Water leakage. Want sense approach focus economic remember main serious a choose.,Water Supply,High,71,55,False,17.39450573,78.51665055,In Progress,2025-10-24 08:52:51
C04397,Drain blockage,Drain blockage. Market she member break discuss spend whom everybody consumer center him staff position speak apply alone.,Drainage,Medium,40,55,False,17.28871235,78.54417241,Closed,2026-04-17 08:52:51
C04398,Park maintenance issue,Park maintenance issue. Final another game help ten here five cup back hot realize seem alone condition while.,Parks,Medium,44,88,False,17.52813015,78.59113665,Resolved,2026-01-12 08:52:51
C04399,Water leakage,Water leakage. Describe hold form where black accept help nearly drop evidence part throw family bring none.,Water Supply,Low,1,3,False,17.37148147,78.53349861,Closed,2025-09-09 08:52:51
C04400,Power outage,Power outage. Tough realize report close analysis citizen run such compare.,Electrical,High,98,57,False,17.38356912,78.3693877,Resolved,2025-10-29 08:52:51
C04401,Illegal parking,Illegal parking. Enough school participant heart now agree top marriage.,Traffic,High,77,38,False,17.23948752,78.55276193,Resolved,2025-06-21 08:52:51
C04402,Traffic signal failure,Traffic signal failure. Charge financial organization however particular return executive usually ago often result majority role smile great.,Traffic,High,57,52,False,17.46317114,78.42863294,Resolved,2025-12-10 08:52:51
C04403,Pipeline burst,Pipeline burst. New business rule north research newspaper environmental ground car.,Water Supply,Medium,39,47,False,17.2660589,78.5713203,Pending,2026-05-15 08:52:51
C04404,Pothole on road,Pothole on road. Night word give standard represent north same several through.,Roads,High,94,58,False,17.24006277,78.50802641,In Progress,2025-09-05 08:52:51
C04405,Public nuisance,Public nuisance. Health fall couple study culture car senior and.,Public Safety,High,51,1,False,17.51323485,78.54471752,In Progress,2025-10-07 08:52:51
C04406,Traffic signal failure,Traffic signal failure. Realize statement especially girl ok meet onto bring.,Traffic,Low,20,78,False,17.25881751,78.47104057,Assigned,2025-09-18 08:52:51
C04407,Pothole on road,Pothole on road. Into company remain capital style economic firm different blue vote.,Roads,High,80,47,False,17.25175331,78.61262669,Closed,2025-12-02 08:52:51
C04408,Loose electric wire,Loose electric wire. Behind control street line force effort mind.,Electrical,High,54,26,False,17.39230308,78.59813492,Closed,2025-10-11 08:52:51
C04409,Loose electric wire,Loose electric wire. Still collection manage open heart change before deep hope character himself never hair coach message bring.,Electrical,Medium,36,100,False,17.50101887,78.42134258,Assigned,2025-11-10 08:52:51
C04410,Waterlogging,Waterlogging. See color your this early computer start business information though great quite eight perform.,Drainage,Low,21,21,False,17.26016657,78.57583317,Assigned,2025-10-21 08:52:51
C04411,Public nuisance,Public nuisance. Safe nearly attorney stage save state place on among until make.,Public Safety,High,92,94,False,17.42202253,78.38176016,Closed,2026-04-02 08:52:51
C04412,Trash accumulation,Trash accumulation. High whether nearly force information join state can look product road.,Sanitation,High,82,66,True,17.4173467,78.5187872,Closed,2025-10-19 08:52:51
C04413,Loose electric wire,Loose electric wire. Blue prepare class read lawyer who price discover student ball it our.,Electrical,High,87,4,False,17.36806645,78.40878997,Resolved,2025-10-25 08:52:51
C04414,Power outage,Power outage. Rather especially onto industry old my especially accept.,Electrical,Medium,39,39,False,17.47747397,78.48312536,Assigned,2025-07-23 08:52:51
C04415,No water supply,No water supply. House total under threat major marriage for focus three anything car data national people majority.,Water Supply,High,66,42,False,17.421177,78.45200012,Pending,2025-11-08 08:52:51
C04416,Street light not working,Street light not working. Guy cost create region radio nothing issue.,Electrical,Medium,34,72,False,17.47257418,78.57578694,Closed,2025-10-23 08:52:51
C04417,Broken bench,Broken bench. Think give lawyer recently trip sure check eat light believe note line.,Parks,Low,2,35,False,17.47974304,78.61172363,In Progress,2025-12-15 08:52:51
C04418,Traffic congestion,Traffic congestion. White ball some century staff watch form stage.,Traffic,Medium,42,25,False,17.52929714,78.43566724,Assigned,2026-05-12 08:52:51
C04419,Street light not working,Street light not working. Quite doctor investment rock international mention president white southern small us always student.,Electrical,High,84,90,False,17.29880899,78.5601776,Closed,2025-11-12 08:52:51
C04420,Sewage overflow,Sewage overflow. Make management half weight wish performance group rich building yard study blood.,Drainage,Critical,82,16,False,17.36247751,78.60992465,Pending,2025-08-29 08:52:51
C04421,No water supply,No water supply. New situation out trouble article measure feel card significant southern product same.,Water Supply,Critical,92,15,False,17.40479494,78.39697458,In Progress,2025-10-02 08:52:51
C04422,Damaged playground,Damaged playground. Boy though indicate knowledge watch arrive true study evening detail.,Parks,Low,25,71,False,17.43766214,78.58558599,Assigned,2025-12-13 08:52:51
C04423,Road crack,Road crack. Pretty the group education at nature these watch style.,Roads,High,78,25,False,17.27947325,78.57129282,Pending,2026-01-29 08:52:51
C04424,Traffic signal failure,Traffic signal failure. Receive reduce production hospital suddenly ago instead apply edge new you paper hear pull.,Traffic,High,76,99,False,17.47517171,78.46054579,Assigned,2025-11-26 08:52:51
C04425,Pothole on road,Pothole on road. Your girl I military young admit if agree make thus only again.,Roads,High,75,13,False,17.25760296,78.62772206,Resolved,2026-01-15 08:52:51
C04426,Trash accumulation,Trash accumulation. Per TV magazine white for church just difficult find.,Sanitation,Medium,41,46,False,17.42807497,78.59920041,Pending,2026-05-29 08:52:51
C04427,Damaged pavement,Damaged pavement. Laugh medical change network great against college important area policy opportunity response consumer bit maintain cultural.,Roads,Low,15,5,False,17.3726608,78.54447279,Assigned,2026-04-21 08:52:51
C04428,Water leakage,Water leakage. Behind church foot job memory show from foot will.,Water Supply,Critical,83,24,False,17.2671253,78.48128312,Closed,2025-12-19 08:52:51
C04429,Road crack,Road crack. Write bad bank pull society large boy trouble sense soldier truth feeling put sport.,Roads,High,68,33,False,17.36787924,78.3991262,Closed,2025-11-26 08:52:51
C04430,Abandoned vehicle,Abandoned vehicle. After large impact leader across law down approach class energy morning six put seven find.,Public Safety,Low,1,82,False,17.39336313,78.38239199,Closed,2025-11-29 08:52:51
C04431,Loose electric wire,Loose electric wire. Health guess science my bring trade sit eat economy effect task will see.,Electrical,Low,6,77,False,17.46644153,78.40943381,Closed,2025-07-28 08:52:51
C04432,Water leakage,Water leakage. Campaign require each who national pattern everybody top view agent security generation five field herself parent.,Water Supply,High,51,35,False,17.32810715,78.5085038,Resolved,2026-02-02 08:52:51
C04433,Damaged pavement,Damaged pavement. Open only behavior network recently truth practice.,Roads,High,53,46,False,17.44700883,78.37260065,Closed,2026-02-25 08:52:51
C04434,Garbage not collected,Garbage not collected. Dog leave treat already story garden often treatment apply imagine speak claim road.,Sanitation,High,74,77,False,17.49872379,78.5711296,Resolved,2026-01-30 08:52:51
C04435,Loose electric wire,Loose electric wire. Real record their appear go since beat generation identify suffer thank nothing war.,Electrical,High,66,98,False,17.45284994,78.5973188,Closed,2025-10-07 08:52:51
C04436,Overflowing waste bins,Overflowing waste bins. Cut wonder whose protect Congress public interview out head.,Sanitation,High,67,2,False,17.42340072,78.34913802,In Progress,2026-04-11 08:52:51
C04437,No water supply,No water supply. Physical himself detail end authority know cost couple coach.,Water Supply,Low,1,89,False,17.27660747,78.62835986,Pending,2025-08-27 08:52:51
C04438,Unsafe area,Unsafe area. Attorney fight money bar talk himself child manage could boy relate improve professional expert.,Public Safety,Low,22,34,False,17.29790076,78.42156295,Closed,2025-11-07 08:52:51
C04439,Unsafe area,Unsafe area. Most song response arrive let black upon Mr sing some another.,Public Safety,High,91,19,False,17.43429469,78.53804608,Assigned,2025-09-16 08:52:51
C04440,Sewage overflow,Sewage overflow. Choose somebody central former wear without Congress prove campaign major tend generation few better.,Drainage,High,59,12,False,17.39678368,78.55200683,Closed,2025-06-09 08:52:51
C04441,Garbage not collected,Garbage not collected. News series push describe able over about.,Sanitation,High,76,52,False,17.39418458,78.34524714,Closed,2025-06-20 08:52:51
C04442,Abandoned vehicle,Abandoned vehicle. Herself nearly couple lead unit truth significant green forget wait garden here.,Public Safety,Medium,29,6,False,17.3883047,78.34189302,In Progress,2026-04-19 08:52:51
C04443,Damaged playground,Damaged playground. Husband which choice bad civil long point stuff buy pretty finish mission sometimes career.,Parks,High,63,34,False,17.52254943,78.63211845,In Progress,2025-07-11 08:52:51
C04444,Abandoned vehicle,Abandoned vehicle. Camera measure far international prove organization military wear need real wind exactly page through.,Public Safety,Low,20,78,False,17.37591797,78.49925606,Pending,2025-12-22 08:52:51
C04445,Garbage not collected,Garbage not collected. Body place wrong test lawyer because network.,Sanitation,Low,11,30,False,17.41998969,78.60347242,Resolved,2026-05-05 08:52:51
C04446,Drain blockage,Drain blockage. People call woman herself trial remember top young represent everyone international full.,Drainage,High,59,85,False,17.51480017,78.56730104,Pending,2025-12-25 08:52:51
C04447,Traffic congestion,Traffic congestion. Everything court also provide focus of win party eat law card.,Traffic,Low,3,74,False,17.45943007,78.5330884,Resolved,2025-10-22 08:52:51
C04448,Waterlogging,Waterlogging. Owner visit among human decide radio new feeling product already short.,Drainage,High,62,51,False,17.46391005,78.36054227,In Progress,2026-01-06 08:52:51
C04449,Garbage not collected,Garbage not collected. Star least high quickly too admit official deal gun need somebody magazine job.,Sanitation,Low,17,37,True,17.33418225,78.40038128,Resolved,2026-03-02 08:52:51
C04450,Damaged playground,Damaged playground. Huge itself man quickly our college into accept consumer individual its religious pass.,Parks,Medium,48,30,False,17.44000943,78.47017957,Pending,2025-09-01 08:52:51
C04451,Garbage not collected,Garbage not collected. Play example night others all same again sign citizen money.,Sanitation,High,93,84,False,17.38277171,78.43014179,In Progress,2025-08-13 08:52:51
C04452,Street light not working,Street light not working. Room begin cup your capital up attorney hear beat board five candidate star well mouth rise.,Electrical,High,72,61,False,17.34952467,78.40479305,In Progress,2025-06-28 08:52:51
C04453,Illegal parking,Illegal parking. Here man enter evening eye risk task move none do.,Traffic,High,57,94,False,17.45545002,78.59836507,Assigned,2026-03-21 08:52:51
C04454,Street light not working,Street light not working. Generation young news break range indeed baby record east beyond thousand her.,Electrical,Critical,88,91,False,17.52734002,78.47866715,In Progress,2025-07-17 08:52:51
C04455,Waterlogging,Waterlogging. Free ago national author receive every usually sometimes main gun recent until entire.,Drainage,Medium,41,54,False,17.3732418,78.63560175,Closed,2026-03-17 08:52:51
C04456,Broken bench,Broken bench. Month cold over deal away range bad performance local now.,Parks,High,66,88,False,17.24537009,78.33756695,Closed,2026-04-12 08:52:51
C04457,Broken bench,Broken bench. Eye chance prepare get key laugh between street.,Parks,High,65,86,False,17.49080523,78.49670888,Resolved,2025-11-10 08:52:51
C04458,Loose electric wire,Loose electric wire. Late some throw write set represent whom degree focus adult that politics case.,Electrical,Critical,81,54,False,17.46328812,78.44379251,Pending,2025-09-22 08:52:51
C04459,Public nuisance,Public nuisance. Shoulder send religious total bag relate eight significant win nearly short agreement over.,Public Safety,Low,22,41,False,17.52536585,78.37095824,In Progress,2026-04-22 08:52:51
C04460,Garbage not collected,Garbage not collected. Well wish consumer factor material already interview address whether my seem move leg TV.,Sanitation,High,52,94,False,17.52424457,78.42110074,Pending,2025-08-06 08:52:51
C04461,Overflowing waste bins,Overflowing waste bins. Standard sea support inside live decision item yourself.,Sanitation,High,68,58,False,17.32603177,78.42076746,Pending,2026-05-31 08:52:51
C04462,No water supply,No water supply. Establish last within discover laugh know my child.,Water Supply,High,52,6,False,17.45998111,78.40246523,Resolved,2025-07-23 08:52:51
C04463,Public nuisance,Public nuisance. Address argue already very head protect billion serve act fall give various.,Public Safety,Medium,46,0,False,17.30351953,78.44592319,Closed,2025-08-20 08:52:51
C04464,Loose electric wire,Loose electric wire. Sometimes hundred speech hard responsibility family treat.,Electrical,High,75,67,False,17.46946917,78.56852946,Resolved,2026-04-08 08:52:51
C04465,Traffic congestion,Traffic congestion. Picture skin natural occur phone major easy send north gas.,Traffic,High,56,72,False,17.35359914,78.61582654,In Progress,2025-09-19 08:52:51
C04466,Public nuisance,Public nuisance. Whether miss only hard learn name turn society support by various at bad soon.,Public Safety,Critical,85,27,True,17.26780919,78.53808685,Resolved,2026-02-20 08:52:51
C04467,Loose electric wire,Loose electric wire. Region toward resource someone hour step would yet time spend address bring population out debate car.,Electrical,Medium,45,5,False,17.35062509,78.36689354,Resolved,2026-04-16 08:52:51
C04468,Public nuisance,Public nuisance. Air to fear song good perform accept wear the meeting drive response.,Public Safety,High,59,3,True,17.42747385,78.52235197,Pending,2026-04-16 08:52:51
C04469,Street light not working,Street light not working. System college coach expect set avoid store analysis behind this happen Mr around never several.,Electrical,Low,10,100,False,17.37585277,78.50642071,Assigned,2026-05-23 08:52:51
C04470,Power outage,Power outage. Line may last candidate put particular travel.,Electrical,High,59,89,False,17.41017196,78.57975666,Assigned,2026-01-10 08:52:51
C04471,Loose electric wire,Loose electric wire. Man serious statement current education now and should about yourself.,Electrical,High,69,63,False,17.35617339,78.54950919,In Progress,2025-06-17 08:52:51
C04472,Park maintenance issue,Park maintenance issue. Actually should across explain like middle different keep size necessary little certain prepare more south girl.,Parks,High,59,43,False,17.30277476,78.56500761,Closed,2025-06-18 08:52:51
C04473,Public nuisance,Public nuisance. Action start to ground sense find form similar entire month station onto service.,Public Safety,Low,14,68,False,17.30575912,78.63433406,Assigned,2026-03-27 08:52:51
C04474,Park maintenance issue,Park maintenance issue. Anyone enter stock loss they safe beyond dog organization fill recently raise.,Parks,High,70,58,False,17.32690769,78.48068101,In Progress,2025-08-10 08:52:51
C04475,Pothole on road,Pothole on road. Hear indeed month artist likely wide news at.,Roads,High,75,47,False,17.40804747,78.51330799,In Progress,2026-05-25 08:52:51
C04476,Waterlogging,Waterlogging. Behavior current bill land officer talk a expert.,Drainage,High,58,0,False,17.25604234,78.55424447,Assigned,2025-09-13 08:52:51
C04477,Garbage not collected,Garbage not collected. Four whole agreement call chance score best who with course.,Sanitation,Critical,88,74,False,17.30678247,78.60577228,Assigned,2025-11-03 08:52:51
C04478,Overflowing waste bins,Overflowing waste bins. Allow sister relate bill deep discussion table put production.,Sanitation,High,73,34,False,17.38701112,78.39840167,Resolved,2026-02-04 08:52:51
C04479,Broken bench,Broken bench. Save onto trouble any help doctor focus daughter assume specific difficult.,Parks,High,58,83,False,17.33738092,78.42267747,Closed,2025-06-18 08:52:51
C04480,Sewage overflow,Sewage overflow. General bring many glass thank fly ever mention often individual several a thank power truth tell.,Drainage,Low,6,79,False,17.33056241,78.58551933,Pending,2025-08-13 08:52:51
C04481,Abandoned vehicle,Abandoned vehicle. Brother military subject fight under only total get environment part issue moment assume bag million.,Public Safety,Medium,45,78,False,17.25207918,78.54304412,Closed,2025-12-31 08:52:51
C04482,Water leakage,Water leakage. Less modern science none others improve run media player however way listen ago.,Water Supply,Low,1,69,False,17.39360532,78.48646708,Assigned,2025-07-30 08:52:51
C04483,Abandoned vehicle,Abandoned vehicle. Act market middle station even make forget line understand great quite theory student.,Public Safety,Low,18,36,False,17.43573859,78.55314896,Assigned,2026-02-04 08:52:51
C04484,Illegal parking,Illegal parking. Me area can this break hospital deep tonight specific difference.,Traffic,High,75,55,False,17.48509175,78.61430937,Resolved,2026-02-20 08:52:51
C04485,Traffic congestion,Traffic congestion. Garden third I bit left sometimes sing plant ago service identify large tend this.,Traffic,High,55,62,False,17.31456717,78.42849663,Closed,2026-03-15 08:52:51
C04486,Unsafe area,Unsafe area. Behind artist candidate accept ball late should will little personal number.,Public Safety,Medium,38,80,False,17.41600194,78.4727328,In Progress,2025-07-19 08:52:51
C04487,Trash accumulation,Trash accumulation. Born trade mission inside fine true do edge way it example yeah shoulder although exist purpose.,Sanitation,High,85,31,False,17.35202304,78.61080578,Closed,2026-03-20 08:52:51
C04488,Public nuisance,Public nuisance. Store property garden nothing learn stand body parent our machine.,Public Safety,Critical,81,48,False,17.26574705,78.34495909,Pending,2025-07-28 08:52:51
C04489,Pipeline burst,Pipeline burst. Great step bank help wait establish total fly customer model.,Water Supply,Medium,42,25,False,17.36012022,78.47799764,Pending,2025-10-24 08:52:51
C04490,Overflowing waste bins,Overflowing waste bins. Those week indicate news almost letter time several focus notice either.,Sanitation,Low,6,77,False,17.35327679,78.63096934,Closed,2025-07-31 08:52:51
C04491,Broken bench,Broken bench. Find draw main past building degree physical ball.,Parks,Medium,39,24,True,17.27065432,78.48022114,In Progress,2025-11-15 08:52:51
C04492,No water supply,No water supply. Specific value thus its activity responsibility professional.,Water Supply,Low,25,30,False,17.31249767,78.39117603,In Progress,2025-09-19 08:52:51
C04493,Street light not working,Street light not working. Six human focus field course year opportunity the between down mean act American whole left parent.,Electrical,Low,3,43,False,17.3166209,78.60358624,In Progress,2026-01-13 08:52:51
C04494,Broken bench,Broken bench. Debate some learn couple road improve quite democratic authority rise fish message time.,Parks,Low,9,99,False,17.38777624,78.40217923,Closed,2026-01-09 08:52:51
C04495,Loose electric wire,Loose electric wire. Nation food good maintain chair notice since money catch leg.,Electrical,Critical,84,29,False,17.44120652,78.51527326,In Progress,2026-02-09 08:52:51
C04496,Trash accumulation,Trash accumulation. Option suddenly like at the probably shake everyone large early unit different feeling according hot support.,Sanitation,Low,18,89,False,17.53481864,78.4878898,Pending,2025-09-11 08:52:51
C04497,Unsafe area,Unsafe area. School international vote every include top company manager director good small or senior around.,Public Safety,Critical,95,37,False,17.31780297,78.45776962,Assigned,2026-02-17 08:52:51
C04498,Trash accumulation,Trash accumulation. Born other worker time hour who then real number unit soldier think society level explain probably.,Sanitation,Medium,39,6,False,17.3530625,78.45319632,Resolved,2025-07-17 08:52:51
C04499,Pipeline burst,Pipeline burst. Reality instead call every edge travel one hard light main hair.,Water Supply,Medium,43,19,False,17.51940883,78.59167137,Resolved,2026-02-23 08:52:51
C04500,Traffic congestion,Traffic congestion. In state its late fire well father take.,Traffic,High,96,80,False,17.3185116,78.34309409,Pending,2026-04-21 08:52:51
C04501,Pothole on road,Pothole on road. What set fire floor themselves movie politics.,Roads,Medium,48,73,False,17.386643,78.51198445,Pending,2025-12-05 08:52:51
C04502,Power outage,Power outage. Central education whatever defense ever house social sure small need feel simply himself professional itself various.,Electrical,Critical,91,66,False,17.49993678,78.38078986,Pending,2026-03-17 08:52:51
C04503,Damaged playground,Damaged playground. Drop wonder along room discussion Mrs sign.,Parks,High,97,85,False,17.23525641,78.40631448,Assigned,2026-01-28 08:52:51
C04504,No water supply,No water supply. See compare lawyer enter case already magazine show financial oil great.,Water Supply,Medium,40,54,False,17.26018346,78.40170682,In Progress,2025-07-21 08:52:51
C04505,Broken bench,Broken bench. Notice various special challenge address morning expert data.,Parks,Medium,26,37,False,17.47073114,78.55213331,Assigned,2025-09-05 08:52:51
C04506,Pipeline burst,Pipeline burst. Cell use picture debate agree student lawyer decision until way study.,Water Supply,Low,4,62,False,17.36058079,78.50068941,Assigned,2026-01-05 08:52:51
C04507,Pipeline burst,Pipeline burst. Another now common four learn company way painting big production issue rock hot unit support art.,Water Supply,Low,6,6,False,17.40835146,78.38233091,Pending,2025-06-24 08:52:51
C04508,Overflowing waste bins,Overflowing waste bins. Bit offer so early on can stop memory.,Sanitation,Low,12,85,False,17.3442117,78.38110088,Pending,2025-10-29 08:52:51
C04509,Street light not working,Street light not working. Factor available commercial leave great maybe field contain agreement science avoid remain food people appear police.,Electrical,Low,10,48,False,17.50888951,78.4923967,Resolved,2026-01-21 08:52:51
C04510,Power outage,Power outage. Image since operation force boy hot as area reach.,Electrical,Low,11,47,False,17.38927055,78.56499282,In Progress,2025-07-16 08:52:51
C04511,Damaged playground,Damaged playground. Resource mission in more two job speak hour understand spring order drop best feel.,Parks,High,61,36,False,17.49342834,78.56541213,Assigned,2025-12-26 08:52:51
C04512,Street light not working,Street light not working. Believe choice rise white local community important call official bring general clearly.,Electrical,Critical,88,95,False,17.48398364,78.4358915,In Progress,2026-03-27 08:52:51
C04513,Power outage,Power outage. Record property security loss school phone on question green thousand no.,Electrical,Low,8,57,False,17.38696008,78.45076713,In Progress,2025-12-02 08:52:51
C04514,Water leakage,Water leakage. Teach improve doctor agent game music above choose region too.,Water Supply,Medium,46,42,False,17.33885565,78.42423164,Resolved,2025-12-16 08:52:51
C04515,Sewage overflow,Sewage overflow. Enter present civil necessary say difference Republican by paper age.,Drainage,Low,19,13,False,17.37089092,78.39171282,Closed,2025-09-30 08:52:51
C04516,Drain blockage,Drain blockage. Leader bed course parent decision customer reach series indicate brother career fly.,Drainage,Low,20,99,True,17.42543768,78.45104282,Pending,2026-02-19 08:52:51
C04517,Pothole on road,Pothole on road. Tax key around opportunity can fill space affect just television.,Roads,Medium,32,6,False,17.46574373,78.47078512,Closed,2025-12-24 08:52:51
C04518,Traffic congestion,Traffic congestion. Report station major interesting hear upon close where make protect despite must.,Traffic,High,86,1,False,17.39293879,78.55619132,Resolved,2025-11-14 08:52:51
C04519,Traffic signal failure,Traffic signal failure. Anything treat product interesting represent work maybe.,Traffic,Medium,32,83,False,17.42208852,78.55068979,Assigned,2025-11-09 08:52:51
C04520,Park maintenance issue,Park maintenance issue. Degree grow standard sing specific specific nice know protect yes.,Parks,Critical,86,57,False,17.44221466,78.41599965,In Progress,2025-11-06 08:52:51
C04521,Garbage not collected,Garbage not collected. Investment yeah policy all a someone where official tonight phone send.,Sanitation,Medium,27,23,False,17.51661008,78.532852,In Progress,2026-04-25 08:52:51
C04522,Loose electric wire,Loose electric wire. Process role maybe group run challenge involve learn even amount price care.,Electrical,Low,5,99,False,17.26918567,78.39364589,Pending,2025-08-02 08:52:51
C04523,Trash accumulation,Trash accumulation. Stand choose shoulder discuss could fear save miss school then much.,Sanitation,Low,19,33,False,17.3100762,78.41315191,Assigned,2025-08-09 08:52:51
C04524,Public nuisance,Public nuisance. Produce citizen east financial pick small sign.,Public Safety,Low,20,22,False,17.42872107,78.62670351,Resolved,2025-11-08 08:52:51
C04525,Garbage not collected,Garbage not collected. Agreement size past he theory girl area window language possible whether.,Sanitation,Low,22,77,False,17.46200883,78.52010927,Closed,2026-02-14 08:52:51
C04526,Public nuisance,Public nuisance. Effort gun develop plant crime market be sit most.,Public Safety,Critical,88,22,False,17.25272661,78.41587706,In Progress,2026-01-16 08:52:51
C04527,Street light not working,Street light not working. Could skill military white attention produce traditional he.,Electrical,Critical,94,11,False,17.50228744,78.50356464,In Progress,2025-08-25 08:52:51
C04528,Sewage overflow,Sewage overflow. Official positive receive site right have stay art argue.,Drainage,Medium,42,89,True,17.43381841,78.62231847,In Progress,2025-11-12 08:52:51
C04529,Damaged playground,Damaged playground. Food young play speak organization agent wall all official peace.,Parks,Low,14,19,False,17.40223837,78.34120765,Pending,2025-08-08 08:52:51
C04530,Garbage not collected,Garbage not collected. Choice begin reduce chair travel huge enough keep ago both yeah former yes laugh.,Sanitation,High,69,15,False,17.34411382,78.49255074,Pending,2025-12-21 08:52:51
C04531,Power outage,Power outage. Begin action identify pick foreign cover special agent rock fight concern according long.,Electrical,Low,25,1,False,17.41519332,78.53542397,Closed,2026-04-29 08:52:51
C04532,Road crack,Road crack. Say clear relationship he western include know represent science.,Roads,Medium,36,95,False,17.45273134,78.47710355,Pending,2026-05-16 08:52:51
C04533,Waterlogging,Waterlogging. Color effect garden wrong pass what reach direction top similar rate.,Drainage,Critical,85,35,False,17.40747409,78.48423544,Closed,2025-07-28 08:52:51
C04534,Pipeline burst,Pipeline burst. Boy maintain rise bed away major say population increase.,Water Supply,High,81,92,False,17.2610922,78.57336409,Assigned,2026-02-15 08:52:51
C04535,Drain blockage,Drain blockage. Their start ball democratic become operation discover run team where performance.,Drainage,Medium,38,5,False,17.36460652,78.48825713,Resolved,2026-02-08 08:52:51
C04536,Broken bench,Broken bench. Deal collection day many attack friend pressure feel community dog rock toward cost report wait.,Parks,High,76,28,False,17.35585987,78.43232685,Pending,2026-02-16 08:52:51
C04537,Power outage,Power outage. Fill couple main of clearly design whatever if truth safe stand old agent everyone.,Electrical,Critical,85,92,False,17.45374472,78.55364129,In Progress,2025-08-29 08:52:51
C04538,Abandoned vehicle,Abandoned vehicle. Season director its medical area hear owner city.,Public Safety,High,71,87,False,17.3833169,78.52527508,Pending,2025-06-03 08:52:51
C04539,Pothole on road,Pothole on road. Almost run blood budget rock resource strategy share in hundred billion play none.,Roads,High,52,81,True,17.45342391,78.48149008,Pending,2025-10-29 08:52:51
C04540,Trash accumulation,Trash accumulation. Billion threat community to nothing wide democratic away in American it myself official hospital south middle.,Sanitation,High,52,45,False,17.24676228,78.35448336,Pending,2026-04-22 08:52:51
C04541,Water leakage,Water leakage. Program head fact check school modern serve feel guy table.,Water Supply,Low,18,73,False,17.32929334,78.43423922,Pending,2026-03-07 08:52:51
C04542,No water supply,No water supply. Still Mr condition throw case building again.,Water Supply,Medium,36,76,False,17.39491395,78.42668749,Pending,2025-10-07 08:52:51
C04543,Street light not working,Street light not working. Arrive night prevent although smile game him partner center our personal out live half.,Electrical,Low,13,45,False,17.25142697,78.5676271,Pending,2025-10-10 08:52:51
C04544,Broken bench,Broken bench. Determine against thing owner suffer identify fear hope but child bit performance far would age.,Parks,Low,5,60,True,17.46079306,78.36294622,Pending,2026-03-12 08:52:51
C04545,Traffic signal failure,Traffic signal failure. Determine seek suggest visit go despite think sell.,Traffic,Medium,33,78,False,17.23758409,78.57653786,Pending,2026-01-21 08:52:51
C04546,Damaged playground,Damaged playground. Surface also mission recognize fish issue season better.,Parks,Medium,29,31,False,17.42104173,78.61465874,Resolved,2026-04-07 08:52:51
C04547,Power outage,Power outage. Ten before add mention reason understand everybody prove mean.,Electrical,Medium,42,55,False,17.26377434,78.55923731,Assigned,2026-04-01 08:52:51
C04548,Overflowing waste bins,Overflowing waste bins. Worry girl range character century bring often mother idea leg response design.,Sanitation,High,91,37,False,17.25633441,78.44373554,Pending,2025-12-30 08:52:51
C04549,Trash accumulation,Trash accumulation. Show view long series somebody example mind along ahead fill increase page great I face rate.,Sanitation,Low,4,92,False,17.31663344,78.4210336,In Progress,2025-08-19 08:52:51
C04550,Traffic signal failure,Traffic signal failure. Success suffer shoulder road us push decision who father.,Traffic,High,60,47,False,17.36345504,78.4254289,Resolved,2026-03-12 08:52:51
C04551,Drain blockage,Drain blockage. Career seek consumer interview use analysis reach future assume.,Drainage,Medium,46,13,True,17.42142239,78.35172539,Resolved,2025-07-26 08:52:51
C04552,Water leakage,Water leakage. Result between central energy a the something understand go dog.,Water Supply,High,68,48,True,17.3074901,78.35574887,Assigned,2025-09-11 08:52:51
C04553,Sewage overflow,Sewage overflow. Feel policy response material manager do lead whole weight walk through home service boy money.,Drainage,High,54,1,False,17.3608404,78.40702131,In Progress,2025-11-19 08:52:51
C04554,Sewage overflow,Sewage overflow. Something indeed culture who outside even vote any mean apply very police once teacher right significant.,Drainage,Low,15,68,True,17.50603462,78.39232674,Closed,2025-11-28 08:52:51
C04555,Damaged pavement,Damaged pavement. Enjoy sport decide information most not against pretty people expert blue.,Roads,High,65,82,False,17.26862154,78.44562834,Closed,2025-06-10 08:52:51
C04556,Broken bench,Broken bench. Do letter wrong hope door happen enter election thing.,Parks,Low,12,26,False,17.2801502,78.40351644,In Progress,2025-08-07 08:52:51
C04557,Park maintenance issue,Park maintenance issue. Talk ever administration bit remain radio table yeah young beyond finally rate my example find trade.,Parks,Critical,99,5,False,17.24163915,78.50293519,Closed,2026-01-09 08:52:51
C04558,Damaged playground,Damaged playground. Surface civil throughout civil drug statement between law.,Parks,High,72,17,False,17.4299099,78.53655501,Pending,2025-10-08 08:52:51
C04559,Abandoned vehicle,Abandoned vehicle. Week coach alone side physical knowledge couple will response bank network draw bed easy if site.,Public Safety,Critical,100,63,False,17.31551583,78.43717253,Resolved,2025-12-09 08:52:51
C04560,Loose electric wire,Loose electric wire. Let loss career network Mr line real person series.,Electrical,High,66,14,False,17.30823978,78.54900787,Resolved,2026-05-03 08:52:51
C04561,No water supply,No water supply. Develop again walk arm news herself certain.,Water Supply,Critical,96,90,False,17.34992097,78.46821504,Pending,2026-02-07 08:52:51
C04562,Unsafe area,Unsafe area. Voice vote spend ground important deep face sense large physical president second animal.,Public Safety,Low,4,18,False,17.37690792,78.48861404,Assigned,2025-09-26 08:52:51
C04563,Pipeline burst,Pipeline burst. Plant use church open order consumer long foreign late.,Water Supply,Critical,98,50,False,17.27226238,78.52377906,In Progress,2025-10-10 08:52:51
C04564,Abandoned vehicle,Abandoned vehicle. Water recently western time protect buy for operation.,Public Safety,High,96,22,False,17.36562921,78.6239542,Resolved,2025-11-25 08:52:51
C04565,Public nuisance,Public nuisance. Safe region question science nation level pay little have resource on into hit.,Public Safety,Medium,38,23,False,17.3699395,78.58774281,Closed,2026-01-29 08:52:51
C04566,Damaged playground,Damaged playground. Many several become effort put cultural act so skin force energy.,Parks,Low,2,35,False,17.52015143,78.60601187,Closed,2025-07-13 08:52:51
C04567,Pothole on road,Pothole on road. Fact occur on recently public operation watch bag turn.,Roads,Low,17,11,False,17.34223009,78.37467132,Assigned,2026-03-14 08:52:51
C04568,Loose electric wire,Loose electric wire. Pass energy general first my explain country pressure yes whole important benefit side between listen high.,Electrical,Low,21,26,False,17.36321348,78.50665853,Pending,2025-10-08 08:52:51
C04569,Damaged pavement,Damaged pavement. Deep later also grow interesting office class beyond.,Roads,Critical,81,67,False,17.27811292,78.55723456,In Progress,2026-01-20 08:52:51
C04570,Unsafe area,Unsafe area. Place trouble win forget practice turn yourself report interview a specific very try again.,Public Safety,High,60,0,False,17.38262971,78.42576124,In Progress,2025-12-30 08:52:51
C04571,Street light not working,Street light not working. General pick continue raise tonight guess ready rock performance.,Electrical,Low,8,4,False,17.46948958,78.53698073,In Progress,2025-09-27 08:52:51
C04572,Pothole on road,Pothole on road. Stuff quality show base big color long lawyer.,Roads,Low,24,77,False,17.49707252,78.49000669,Resolved,2026-02-11 08:52:51
C04573,Damaged playground,Damaged playground. Style edge series past month indeed interview media war way fear.,Parks,Low,6,87,False,17.3321102,78.48819789,Closed,2026-06-01 08:52:51
C04574,Overflowing waste bins,Overflowing waste bins. Sing understand mean accept may arm indeed see toward in trouble particular.,Sanitation,Medium,49,62,False,17.46145671,78.62652408,Pending,2025-08-23 08:52:51
C04575,Unsafe area,Unsafe area. President turn available attention movie art southern important.,Public Safety,High,71,88,False,17.46009,78.52878827,Resolved,2025-12-06 08:52:51
C04576,Pothole on road,Pothole on road. Something improve administration draw two sort expect color claim room likely box cell successful history sound.,Roads,Medium,31,93,False,17.43503167,78.47328082,Closed,2026-05-24 08:52:51
C04577,Power outage,Power outage. Any thank plant phone know for focus activity often kind here real.,Electrical,High,71,47,False,17.51626567,78.39203549,Resolved,2026-05-05 08:52:51
C04578,Pipeline burst,Pipeline burst. Fast approach season age star face reach choice wall you left southern clearly offer big.,Water Supply,Medium,30,29,False,17.43287681,78.50710346,Resolved,2025-06-23 08:52:51
C04579,Water leakage,Water leakage. Central painting out drive buy professor population risk.,Water Supply,High,71,26,False,17.34800825,78.49247168,Pending,2025-06-24 08:52:51
C04580,Traffic signal failure,Traffic signal failure. Movement almost hospital economy she discover magazine enough expert agree protect.,Traffic,Medium,44,94,False,17.26299523,78.42086463,Closed,2026-05-14 08:52:51
C04581,Broken bench,Broken bench. Sell game be himself education sure scientist top well writer pick national turn build voice.,Parks,High,62,91,False,17.38350596,78.61843365,In Progress,2026-01-12 08:52:51
C04582,Drain blockage,Drain blockage. International significant name environmental sign face ten glass whether.,Drainage,Medium,29,43,True,17.51599864,78.50269237,In Progress,2025-09-17 08:52:51
C04583,Traffic signal failure,Traffic signal failure. Because be indeed change management although movie game shake best best understand those upon.,Traffic,High,55,47,False,17.48280201,78.48231285,In Progress,2026-03-10 08:52:51
C04584,Traffic congestion,Traffic congestion. Meeting country simply middle west decision yourself.,Traffic,High,60,65,False,17.28543807,78.35460039,Closed,2026-04-12 08:52:51
C04585,Public nuisance,Public nuisance. During girl important seven writer brother rich glass check religious rest none range include ground up.,Public Safety,High,100,94,False,17.37067907,78.46655024,In Progress,2025-07-14 08:52:51
C04586,Pothole on road,Pothole on road. Hotel song site something religious individual impact information issue worker itself could whatever.,Roads,Medium,36,83,False,17.25967092,78.34965197,In Progress,2026-02-07 08:52:51
C04587,Unsafe area,Unsafe area. Left address which high administration energy maintain would my yourself evening guess fast.,Public Safety,Medium,30,3,False,17.28998959,78.53735827,Resolved,2026-03-21 08:52:51
C04588,Trash accumulation,Trash accumulation. Capital option fund experience explain after go small window seven guy return perhaps address.,Sanitation,High,100,72,False,17.27648371,78.55123246,In Progress,2026-03-10 08:52:51
C04589,Drain blockage,Drain blockage. Keep those surface lawyer one reflect team program behavior whatever officer rich military season.,Drainage,High,61,38,False,17.4857162,78.42138967,Pending,2025-12-26 08:52:51
C04590,Broken bench,Broken bench. American article seven media style cultural send never between administration political interview.,Parks,Medium,40,73,False,17.44683107,78.59529916,In Progress,2026-02-28 08:52:51
C04591,Garbage not collected,Garbage not collected. Current relate prepare often college certain remain three decide big such own experience.,Sanitation,High,87,71,False,17.39346119,78.43582695,In Progress,2025-12-24 08:52:51
C04592,Public nuisance,Public nuisance. Blood protect happy continue soldier cut daughter fight indeed central vote call teach family second.,Public Safety,High,60,14,True,17.44846249,78.40122098,Resolved,2025-08-18 08:52:51
C04593,Sewage overflow,Sewage overflow. Energy capital billion such answer show general lead anything last.,Drainage,Critical,99,63,False,17.28222425,78.52913623,Pending,2026-04-19 08:52:51
C04594,Public nuisance,Public nuisance. Huge lay effort like try play rate agree certain bar remain attorney.,Public Safety,Medium,44,0,False,17.32424909,78.57607397,In Progress,2026-02-26 08:52:51
C04595,Public nuisance,Public nuisance. Energy still question land worker senior edge yeah design.,Public Safety,High,71,48,False,17.29717794,78.59052501,Assigned,2026-01-16 08:52:51
C04596,Damaged pavement,Damaged pavement. Age say never participant will care name occur list why debate store.,Roads,Low,17,11,False,17.45354727,78.38160634,Assigned,2025-07-14 08:52:51
C04597,Unsafe area,Unsafe area. News stage age let wide agreement direction sea customer remain mention science.,Public Safety,High,98,71,False,17.24964645,78.41184103,Closed,2026-01-13 08:52:51
C04598,Abandoned vehicle,Abandoned vehicle. Election management herself floor spend lay in despite both pass question father such.,Public Safety,High,62,98,False,17.29310483,78.48148883,Closed,2025-12-30 08:52:51
C04599,Illegal parking,Illegal parking. Hair audience general threat I common hotel trial father night animal success main.,Traffic,Medium,32,68,False,17.28184521,78.4485915,In Progress,2025-12-31 08:52:51
C04600,Overflowing waste bins,Overflowing waste bins. Form source go article make onto again teach around together company.,Sanitation,Low,12,79,False,17.34478436,78.51240353,In Progress,2026-04-06 08:52:51
C04601,Power outage,Power outage. Low accept its soon capital office record ground member man send center surface everybody more gun.,Electrical,Low,13,47,False,17.31834255,78.55652697,Resolved,2025-09-03 08:52:51
C04602,Road crack,Road crack. Modern throughout face toward page still create rather try knowledge.,Roads,High,90,65,False,17.53412537,78.37517964,Assigned,2025-07-30 08:52:51
C04603,Damaged playground,Damaged playground. Value image accept skill list travel majority conference.,Parks,High,71,36,False,17.44685738,78.60374813,Resolved,2026-01-05 08:52:51
C04604,Loose electric wire,Loose electric wire. Skill machine manager in member business what doctor what gun charge compare.,Electrical,Medium,41,99,False,17.336322,78.53113771,Closed,2026-03-24 08:52:51
C04605,Damaged pavement,Damaged pavement. See agree customer including especially sure wear return store high then organization class college.,Roads,High,74,64,True,17.33384718,78.56082923,In Progress,2025-09-08 08:52:51
C04606,Park maintenance issue,Park maintenance issue. Maybe guy responsibility short between light race continue among man.,Parks,High,61,83,False,17.2918613,78.52440435,Assigned,2025-08-14 08:52:51
C04607,Damaged pavement,Damaged pavement. Top agreement instead company major leader yet.,Roads,High,72,32,False,17.37926594,78.44449741,Assigned,2025-06-28 08:52:51
C04608,Damaged playground,Damaged playground. Fire parent southern school away give including TV occur add wonder during record simple read.,Parks,Low,9,12,False,17.39035294,78.59314972,Closed,2025-06-19 08:52:51
C04609,Drain blockage,Drain blockage. Drop create candidate TV recent cold situation why bad water reason.,Drainage,High,51,40,True,17.51385622,78.45552239,In Progress,2026-03-19 08:52:51
C04610,Loose electric wire,Loose electric wire. Improve full through teach everything from either individual action available federal movie daughter hundred conference.,Electrical,High,82,6,False,17.38324725,78.35418289,Pending,2026-03-01 08:52:51
C04611,Waterlogging,Waterlogging. Class fly like everybody office dark yourself able produce poor conference concern table.,Drainage,Critical,87,29,True,17.32197113,78.54800593,Closed,2026-05-15 08:52:51
C04612,Pipeline burst,Pipeline burst. Trade fish instead Mrs fall view since mention smile yeah second.,Water Supply,High,86,18,False,17.23911726,78.615269,Closed,2025-09-17 08:52:51
C04613,Pipeline burst,Pipeline burst. Once old partner scene owner production should.,Water Supply,Low,15,39,False,17.45469962,78.5650879,Assigned,2026-03-11 08:52:51
C04614,Loose electric wire,Loose electric wire. Scene develop team upon almost western rather together.,Electrical,Critical,92,17,False,17.49590354,78.57842285,Resolved,2026-01-02 08:52:51
C04615,Overflowing waste bins,Overflowing waste bins. Manage Democrat only author need early trouble candidate letter tax consumer work.,Sanitation,Medium,33,48,False,17.24248718,78.37526758,Assigned,2025-08-09 08:52:51
C04616,Drain blockage,Drain blockage. Environmental single just without same current police most weight away officer top citizen how back.,Drainage,Medium,31,99,False,17.46215233,78.45489571,Closed,2025-08-30 08:52:51
C04617,Road crack,Road crack. Spring charge respond wonder space forget exactly fill husband consumer into society management prevent design.,Roads,Low,16,79,False,17.45512928,78.37477929,Closed,2025-10-07 08:52:51
C04618,Loose electric wire,Loose electric wire. Left mother learn pattern whole home that moment draw state back assume.,Electrical,Medium,48,97,False,17.48139211,78.42142472,Resolved,2026-02-20 08:52:51
C04619,Street light not working,Street light not working. Pay against life eat stand election up.,Electrical,High,53,2,True,17.49830467,78.44928385,Closed,2026-03-02 08:52:51
C04620,Traffic signal failure,Traffic signal failure. Believe even study address finish future training.,Traffic,High,71,68,False,17.39359552,78.43405518,Closed,2026-05-14 08:52:51
C04621,Overflowing waste bins,Overflowing waste bins. Box individual deep school increase official game benefit effect us son serious begin.,Sanitation,Medium,47,96,False,17.27222243,78.43295178,Assigned,2026-01-20 08:52:51
C04622,Park maintenance issue,Park maintenance issue. Put decade require improve important speech kind travel include.,Parks,High,80,19,False,17.3762322,78.4529941,Assigned,2026-03-01 08:52:51
C04623,Abandoned vehicle,Abandoned vehicle. Value remain tend recent until degree there citizen hear than sort boy when special simply.,Public Safety,High,77,22,False,17.43964892,78.43792443,Closed,2025-12-28 08:52:51
C04624,Pothole on road,Pothole on road. Participant she wrong firm believe five million fall road.,Roads,Medium,47,99,False,17.4279705,78.60383044,Closed,2026-03-03 08:52:51
C04625,Sewage overflow,Sewage overflow. Third international anyone collection sister allow food kitchen economic day fund.,Drainage,Medium,49,38,False,17.45525944,78.5359511,In Progress,2025-06-10 08:52:51
C04626,Unsafe area,Unsafe area. Voice western key building door board piece change wear employee laugh case all marriage money.,Public Safety,High,64,49,False,17.3694818,78.38933711,In Progress,2025-11-18 08:52:51
C04627,Damaged pavement,Damaged pavement. Could rest south all far policy produce during.,Roads,High,88,74,False,17.23619577,78.5718326,Closed,2026-02-27 08:52:51
C04628,Abandoned vehicle,Abandoned vehicle. Seat rule me explain check I ten teacher blood ground always strong identify phone reflect kitchen.,Public Safety,Critical,95,44,False,17.29099018,78.46646446,Resolved,2026-02-03 08:52:51
C04629,Water leakage,Water leakage. Order population themselves likely whatever teach program white.,Water Supply,High,73,29,False,17.47939881,78.53769827,Pending,2025-12-15 08:52:51
C04630,Traffic congestion,Traffic congestion. Return its level while audience cultural little back it recognize state charge once child.,Traffic,High,76,5,False,17.31739365,78.38796259,In Progress,2025-08-24 08:52:51
C04631,Drain blockage,Drain blockage. Contain various wide unit along strong power statement against woman future by individual.,Drainage,High,74,36,False,17.42324012,78.6276745,Assigned,2026-04-24 08:52:51
C04632,Broken bench,Broken bench. Plant structure point those everything movement authority mention team cause exactly bed what than.,Parks,High,87,61,False,17.47709272,78.37516827,Resolved,2026-04-21 08:52:51
C04633,Park maintenance issue,Park maintenance issue. Walk specific vote open amount economic away environmental similar light light against.,Parks,Medium,49,87,False,17.29486648,78.56658397,In Progress,2026-05-01 08:52:51
C04634,Garbage not collected,Garbage not collected. Discover tell difficult movement heart will everybody base the party vote.,Sanitation,Low,2,40,True,17.47590108,78.48335146,Assigned,2026-01-31 08:52:51
C04635,Illegal parking,Illegal parking. Stuff general decade heart send oil me number.,Traffic,High,52,40,False,17.37723418,78.41400088,Resolved,2026-02-04 08:52:51
C04636,Power outage,Power outage. Next amount or field they course court.,Electrical,Low,8,68,False,17.52854442,78.61116256,Pending,2025-08-10 08:52:51
C04637,Unsafe area,Unsafe area. How kind almost task show hear safe election difference several rock stage remember owner approach.,Public Safety,High,71,57,False,17.5062007,78.57792519,Assigned,2025-07-22 08:52:51
C04638,Illegal parking,Illegal parking. Per wish position Mr conference question standard.,Traffic,High,64,49,False,17.31518859,78.63586336,Closed,2025-09-06 08:52:51
C04639,Street light not working,Street light not working. Building body itself if friend light have theory.,Electrical,Low,19,100,False,17.38319182,78.53972339,Pending,2025-11-16 08:52:51
C04640,Illegal parking,Illegal parking. Middle likely green term crime security society each no hit reveal Mr.,Traffic,Low,6,15,False,17.35410268,78.61525025,Pending,2026-01-18 08:52:51
C04641,Trash accumulation,Trash accumulation. Simply exactly feeling wall visit partner sure low idea.,Sanitation,High,80,69,True,17.40804776,78.38530291,Assigned,2026-02-08 08:52:51
C04642,Garbage not collected,Garbage not collected. Foreign glass man yet line eat election.,Sanitation,Low,10,15,False,17.49705371,78.40026062,Closed,2025-08-24 08:52:51
C04643,Park maintenance issue,Park maintenance issue. Himself stock military natural home together treatment break region so expert party.,Parks,High,60,7,False,17.41582466,78.61430132,Closed,2025-10-20 08:52:51
C04644,Water leakage,Water leakage. Candidate energy can big law expert size standard quite hear where.,Water Supply,Low,18,93,False,17.44509032,78.49934199,In Progress,2026-04-12 08:52:51
C04645,Water leakage,Water leakage. Term anything push modern scene the station thing maybe.,Water Supply,Low,10,57,False,17.29604743,78.48504986,Pending,2025-10-29 08:52:51
C04646,Loose electric wire,Loose electric wire. Happen drop series speech identify part professor result purpose.,Electrical,High,65,59,False,17.43018826,78.59321603,Pending,2026-04-02 08:52:51
C04647,Road crack,Road crack. Shake later conference open fire work skin.,Roads,Medium,49,20,False,17.53335831,78.46863229,In Progress,2025-12-20 08:52:51
C04648,Loose electric wire,Loose electric wire. Size nation maintain sign prepare white more loss economic direction take light.,Electrical,High,99,54,True,17.24485314,78.61679446,In Progress,2025-11-22 08:52:51
C04649,Power outage,Power outage. Language policy police go support listen whom someone them everything figure.,Electrical,High,68,93,False,17.33188317,78.37940875,Closed,2026-03-31 08:52:51
C04650,Power outage,Power outage. Own work radio question whom staff Republican bit car.,Electrical,High,88,95,False,17.3097939,78.58155526,Pending,2025-09-20 08:52:51
C04651,Traffic signal failure,Traffic signal failure. Key great collection officer recognize raise marriage organization say form major hour heavy president table subject.,Traffic,Medium,49,67,False,17.47106889,78.47287231,Assigned,2025-10-18 08:52:51
C04652,Sewage overflow,Sewage overflow. Quickly all bring government one think player step usually war choice seem.,Drainage,High,57,60,False,17.48049053,78.54888582,In Progress,2026-02-28 08:52:51
C04653,Pothole on road,Pothole on road. More some million professor interesting movement indicate figure protect.,Roads,High,70,9,False,17.3032852,78.37446457,Resolved,2026-02-21 08:52:51
C04654,Trash accumulation,Trash accumulation. True fear trip sound attention give free two.,Sanitation,High,79,23,False,17.25571213,78.45726632,Pending,2025-12-07 08:52:51
C04655,Illegal parking,Illegal parking. Ahead in cup sure black money drive dinner here.,Traffic,Medium,39,65,False,17.49400549,78.56694682,Assigned,2025-09-07 08:52:51
C04656,Traffic congestion,Traffic congestion. Fall require for chance its soon hair customer believe central some apply.,Traffic,Low,17,40,False,17.45073398,78.41150141,In Progress,2025-11-30 08:52:51
C04657,Water leakage,Water leakage. Consider down we lay direction fill anything else exist upon just lay way total bar other.,Water Supply,Medium,37,0,False,17.51394089,78.41887649,Closed,2026-04-28 08:52:51
C04658,Trash accumulation,Trash accumulation. Into method tonight reduce rich none relationship morning affect.,Sanitation,Low,13,89,False,17.41355686,78.45575875,Pending,2025-10-15 08:52:51
C04659,Abandoned vehicle,Abandoned vehicle. Low represent officer western good security quickly determine account size lawyer onto sometimes sense.,Public Safety,High,79,84,False,17.49881215,78.63651957,Resolved,2026-04-05 08:52:51
C04660,Power outage,Power outage. Its once start certain property plan true see environment ever young final white.,Electrical,High,65,84,False,17.48312779,78.41705932,In Progress,2026-06-01 08:52:51
C04661,Damaged playground,Damaged playground. Body style nearly short have early toward training traditional other business floor outside record history.,Parks,Low,13,94,False,17.39071195,78.48302247,Assigned,2026-05-22 08:52:51
C04662,Damaged playground,Damaged playground. Ask paper company according product evening billion why land laugh add charge around take.,Parks,High,72,24,False,17.40776985,78.345482,Pending,2025-08-30 08:52:51
C04663,Traffic signal failure,Traffic signal failure. Worry attention leader analysis art man month finish nor high goal movement believe Congress talk.,Traffic,High,55,24,False,17.30859591,78.41074229,Closed,2026-05-17 08:52:51
C04664,Broken bench,Broken bench. Four if this also fund visit air management hospital believe decade country.,Parks,High,56,62,False,17.32325553,78.62973835,Assigned,2026-04-10 08:52:51
C04665,Damaged pavement,Damaged pavement. Decade safe arm majority his discuss rest field.,Roads,High,56,14,False,17.48878292,78.36716867,Pending,2026-01-17 08:52:51
C04666,Power outage,Power outage. Paper happen chance resource say sell language also think.,Electrical,Low,2,86,False,17.37629471,78.4849938,Resolved,2026-01-20 08:52:51
C04667,Water leakage,Water leakage. Bar since she able staff it along lose culture.,Water Supply,Low,1,47,False,17.34958033,78.51394982,Assigned,2025-11-15 08:52:51
C04668,Unsafe area,Unsafe area. Vote ok teach decide born position light fear this investment agent why best they.,Public Safety,High,62,44,False,17.4122867,78.47574206,Resolved,2025-07-08 08:52:51
C04669,Public nuisance,Public nuisance. Test return compare money perhaps second station take.,Public Safety,Medium,35,7,False,17.38358163,78.49849934,In Progress,2026-03-29 08:52:51
C04670,Overflowing waste bins,Overflowing waste bins. Run allow join budget man friend guess their specific.,Sanitation,Medium,29,79,False,17.528534,78.42795919,Resolved,2026-04-15 08:52:51
C04671,Loose electric wire,Loose electric wire. Purpose answer front seven create however dinner TV bag in.,Electrical,Low,8,25,False,17.51483101,78.62563487,Assigned,2026-02-01 08:52:51
C04672,Road crack,Road crack. Case police difficult hot accept turn himself traditional by customer worry true my last gas stand.,Roads,High,93,7,False,17.38271895,78.50870633,In Progress,2025-08-22 08:52:51
C04673,Overflowing waste bins,Overflowing waste bins. Tv hair amount buy focus clearly south local another fear father stop.,Sanitation,Critical,82,81,False,17.52356253,78.39222834,Resolved,2025-06-10 08:52:51
C04674,Power outage,Power outage. Choose effort agreement radio process product ok goal final.,Electrical,Low,11,70,False,17.53104051,78.41156898,Assigned,2025-08-19 08:52:51
C04675,Road crack,Road crack. Much total so attorney compare wear official walk.,Roads,High,88,62,False,17.24677373,78.56816882,Assigned,2026-01-20 08:52:51
C04676,Overflowing waste bins,Overflowing waste bins. Future last series for realize daughter structure watch best study final reach response song.,Sanitation,Low,7,31,False,17.30966522,78.36580681,Closed,2026-03-25 08:52:51
C04677,Garbage not collected,Garbage not collected. Teach during company chance girl seem audience.,Sanitation,High,55,69,False,17.35985469,78.42993337,Pending,2025-06-14 08:52:51
C04678,Pipeline burst,Pipeline burst. Yard good she coach significant off event tell up watch within.,Water Supply,Low,23,31,True,17.40698146,78.59866182,Closed,2026-04-06 08:52:51
C04679,Abandoned vehicle,Abandoned vehicle. Central time style program place never visit billion around.,Public Safety,High,61,8,False,17.44722833,78.53852553,In Progress,2026-05-09 08:52:51
C04680,Park maintenance issue,Park maintenance issue. Whom hit agree cell tend work instead town child any art.,Parks,Low,9,47,False,17.44017169,78.54646442,Resolved,2025-07-31 08:52:51
C04681,Illegal parking,Illegal parking. Seem say wide city four within leg newspaper boy social professor interesting.,Traffic,Low,20,4,False,17.53250724,78.546871,Pending,2025-06-21 08:52:51
C04682,Drain blockage,Drain blockage. One care turn feeling another fear those wrong fire guy phone food.,Drainage,Low,5,13,False,17.27366722,78.61402647,Closed,2025-12-18 08:52:51
C04683,Loose electric wire,Loose electric wire. National very find finally style who example name check not drug add message feeling fund.,Electrical,High,69,31,False,17.52022323,78.5415818,Resolved,2025-06-09 08:52:51
C04684,Pothole on road,Pothole on road. Law full key good organization so especially show leader commercial movement need family.,Roads,Low,22,2,False,17.34005766,78.63104791,Resolved,2025-12-06 08:52:51
C04685,Unsafe area,Unsafe area. Affect modern popular necessary share fear from feel.,Public Safety,Medium,30,50,False,17.26882938,78.34580021,In Progress,2025-12-28 08:52:51
C04686,Traffic signal failure,Traffic signal failure. Full according address include not body because book issue why main few church example.,Traffic,High,78,50,False,17.48037874,78.38912054,In Progress,2026-04-15 08:52:51
C04687,No water supply,No water supply. Official arm industry have fund administration while together year wrong maintain particular adult.,Water Supply,High,80,73,False,17.42034477,78.48687659,Resolved,2025-07-09 08:52:51
C04688,Overflowing waste bins,Overflowing waste bins. Address here down couple edge within need foot according likely magazine purpose artist.,Sanitation,Medium,43,5,False,17.4175269,78.62706039,Assigned,2026-03-30 08:52:51
C04689,Abandoned vehicle,Abandoned vehicle. Lead nearly western seem pick into how watch paper describe more wear but friend bring.,Public Safety,High,97,93,False,17.33150004,78.34663486,Closed,2026-01-06 08:52:51
C04690,Broken bench,Broken bench. Nearly over study wear air against dream north involve reduce.,Parks,Medium,36,46,False,17.46216537,78.53996554,In Progress,2026-04-06 08:52:51
C04691,Traffic congestion,Traffic congestion. Design specific room bit song send marriage within society TV.,Traffic,High,73,97,False,17.37732587,78.48415815,Pending,2025-07-03 08:52:51
C04692,Unsafe area,Unsafe area. Better on interesting although career individual rate practice process when news conference their time final increase.,Public Safety,Low,1,8,False,17.47612146,78.36913546,Pending,2026-05-04 08:52:51
C04693,Street light not working,Street light not working. Environmental especially reality organization about sister resource within word Democrat behind three serve growth foreign no.,Electrical,Low,10,94,False,17.5179852,78.42692418,Resolved,2025-12-19 08:52:51
C04694,Abandoned vehicle,Abandoned vehicle. Miss color speak mention class other foot citizen owner seek hot onto quality system behavior happy.,Public Safety,Medium,33,78,False,17.33514346,78.3437117,Pending,2026-05-06 08:52:51
C04695,Pipeline burst,Pipeline burst. Amount budget size painting resource price according identify.,Water Supply,High,66,13,False,17.40236483,78.53297975,Closed,2026-04-26 08:52:51
C04696,Garbage not collected,Garbage not collected. Human population suggest local animal as player idea senior at hand last agree memory.,Sanitation,Low,18,46,False,17.42972715,78.38563603,Assigned,2026-05-02 08:52:51
C04697,Traffic congestion,Traffic congestion. Conference civil little all big difficult receive yeah charge or record dark economy.,Traffic,Low,17,45,False,17.27947441,78.35735694,Pending,2025-12-07 08:52:51
C04698,Traffic congestion,Traffic congestion. Area none state white film person box movie especially country fish exist cost spring several local.,Traffic,Medium,38,96,False,17.34481846,78.48006619,Resolved,2025-12-22 08:52:51
C04699,Loose electric wire,Loose electric wire. Enjoy production still building machine military discussion participant in.,Electrical,Low,25,95,False,17.31903927,78.36519244,Closed,2025-07-13 08:52:51
C04700,Sewage overflow,Sewage overflow. While consider share green our low free voice employee market after here president often support want.,Drainage,Low,5,81,False,17.24930021,78.43886494,In Progress,2026-05-20 08:52:51
C04701,Overflowing waste bins,Overflowing waste bins. Across stop nearly long activity human back reveal medical own.,Sanitation,Low,11,33,False,17.51433247,78.57246715,Resolved,2025-08-04 08:52:51
C04702,Damaged playground,Damaged playground. Significant time happen conference executive side capital family strategy black health help player difficult board others.,Parks,High,53,58,False,17.33813568,78.41329006,Pending,2026-05-27 08:52:51
C04703,Garbage not collected,Garbage not collected. Any usually this as might child list employee agreement company dark choice now reveal interesting.,Sanitation,Medium,26,86,False,17.2516042,78.57109106,Assigned,2026-04-13 08:52:51
C04704,Garbage not collected,Garbage not collected. Meeting win different Mr than know number head capital western plan scene person consumer east might.,Sanitation,High,96,17,False,17.2633844,78.42256255,Assigned,2025-10-23 08:52:51
C04705,Pothole on road,Pothole on road. Ability magazine rate pull oil better think family what her vote would democratic almost.,Roads,Medium,37,70,False,17.31758884,78.4925009,Closed,2025-08-11 08:52:51
C04706,Water leakage,Water leakage. When million low guess religious fine table service debate.,Water Supply,Low,2,7,True,17.37722024,78.37505098,Pending,2025-10-13 08:52:51
C04707,Pothole on road,Pothole on road. Customer provide sense energy matter people sea against design Mr fund follow.,Roads,High,79,40,False,17.45996571,78.46793376,Pending,2025-10-28 08:52:51
C04708,Waterlogging,Waterlogging. Moment stage ahead whom know size off foot special field rather claim consider my.,Drainage,Low,23,76,False,17.47233651,78.60762298,Assigned,2025-10-01 08:52:51
C04709,Water leakage,Water leakage. Authority into book professional sing with investment word minute fast for million.,Water Supply,High,51,26,False,17.45105706,78.47679077,Resolved,2026-06-03 08:52:51
C04710,Trash accumulation,Trash accumulation. Girl art option billion dinner most everybody person no join seat young art heart try situation.,Sanitation,Low,9,14,False,17.38494841,78.37126681,Resolved,2026-04-27 08:52:51
C04711,Loose electric wire,Loose electric wire. Could rock along amount development maybe rule keep those.,Electrical,Low,3,76,False,17.41611664,78.49948684,Assigned,2026-01-22 08:52:51
C04712,Traffic signal failure,Traffic signal failure. American president someone follow several appear large free certainly decade.,Traffic,High,62,3,False,17.28612689,78.56114228,Resolved,2026-05-14 08:52:51
C04713,Water leakage,Water leakage. Memory natural necessary quite project meeting everything near idea probably true city series now.,Water Supply,High,59,84,False,17.49870813,78.46937432,Resolved,2025-12-09 08:52:51
C04714,Illegal parking,Illegal parking. Clear know during recognize wife imagine house imagine you party once mother.,Traffic,Medium,42,29,False,17.27886552,78.577248,Assigned,2025-12-01 08:52:51
C04715,Overflowing waste bins,Overflowing waste bins. Citizen hit left finish quality operation card white week certain realize.,Sanitation,Low,14,81,False,17.37602048,78.49361263,Pending,2025-09-19 08:52:51
C04716,Damaged playground,Damaged playground. Again project specific home dog exist live three with short already.,Parks,High,78,66,False,17.251525,78.59913768,Assigned,2025-12-12 08:52:51
C04717,Damaged playground,Damaged playground. Attorney walk deal maybe site why all minute dark standard.,Parks,Low,18,51,False,17.41822524,78.46796565,Resolved,2026-05-19 08:52:51
C04718,Illegal parking,Illegal parking. Sound page safe course analysis western better section paper relate recently say sing.,Traffic,Medium,42,8,False,17.26118264,78.60402894,Pending,2026-05-31 08:52:51
C04719,Public nuisance,Public nuisance. Fire purpose effort attention accept begin reduce next lose decide lead too of evidence.,Public Safety,High,65,37,False,17.38923944,78.50255618,Assigned,2025-10-30 08:52:51
C04720,Traffic signal failure,Traffic signal failure. Common attention tax generation old run financial.,Traffic,High,72,94,False,17.32673246,78.59578428,In Progress,2025-07-01 08:52:51
C04721,Trash accumulation,Trash accumulation. High baby represent reduce lawyer number factor decision role foreign baby seven seat across writer.,Sanitation,High,91,75,False,17.37542047,78.56745937,Resolved,2026-02-23 08:52:51
C04722,Loose electric wire,Loose electric wire. Second stock light attorney same hair plan phone memory resource impact pattern wonder from.,Electrical,Low,15,20,True,17.25242851,78.46147667,Resolved,2026-04-09 08:52:51
C04723,Garbage not collected,Garbage not collected. Information another end reality two start family event environment customer gas production.,Sanitation,High,57,17,False,17.44766109,78.6191782,Pending,2025-10-05 08:52:51
C04724,Overflowing waste bins,Overflowing waste bins. Unit save style effect lose almost certainly choice safe weight mouth mission season kind open.,Sanitation,High,66,94,False,17.3307816,78.39906917,Pending,2026-01-10 08:52:51
C04725,Unsafe area,Unsafe area. Be life value heavy main author listen that statement a accept perhaps sit.,Public Safety,Medium,46,72,False,17.2380809,78.40305705,Pending,2026-02-26 08:52:51
C04726,Public nuisance,Public nuisance. Modern strategy hotel throughout mission lose window new include ground follow board.,Public Safety,High,51,42,False,17.44410427,78.37289166,Closed,2025-08-02 08:52:51
C04727,Street light not working,Street light not working. Bad chance environmental you necessary since social myself quite either money community sing foot.,Electrical,Medium,26,65,True,17.48692848,78.59071933,Resolved,2026-05-23 08:52:51
C04728,Street light not working,Street light not working. Produce college around ball provide allow should bill car thank seat consider hear stage.,Electrical,High,52,75,False,17.48249641,78.41163466,Resolved,2026-02-20 08:52:51
C04729,Loose electric wire,Loose electric wire. Stay so here reveal character will gas.,Electrical,Critical,89,61,False,17.41618949,78.63033164,Closed,2025-07-30 08:52:51
C04730,Damaged pavement,Damaged pavement. Guess soon happy manager something break price deal assume office audience begin.,Roads,Low,1,11,False,17.51588023,78.35500269,Resolved,2025-07-02 08:52:51
C04731,Loose electric wire,Loose electric wire. Care push study level speak everybody town catch then program collection firm.,Electrical,Low,22,21,False,17.36369309,78.35267188,Resolved,2025-07-26 08:52:51
C04732,Damaged playground,Damaged playground. Culture seek she recognize fast put style rate soon mind scene I section TV.,Parks,Low,10,80,False,17.44909913,78.50096612,Assigned,2025-07-11 08:52:51
C04733,Power outage,Power outage. Enough religious wish human task establish five half energy eight which effort.,Electrical,Low,22,54,False,17.43886498,78.39751061,Closed,2026-04-14 08:52:51
C04734,Garbage not collected,Garbage not collected. Green case wrong sea serve citizen east wind time social threat degree accept ask director.,Sanitation,High,85,68,True,17.29808458,78.41420909,Closed,2025-06-11 08:52:51
C04735,Water leakage,Water leakage. Ready run specific drop fill key party long store ever cup image teacher.,Water Supply,Medium,35,18,False,17.24909822,78.51307813,Resolved,2026-01-14 08:52:51
C04736,Pothole on road,Pothole on road. Group fine notice couple speech yourself focus role think rule.,Roads,Medium,46,14,False,17.51707461,78.54677842,In Progress,2025-10-06 08:52:51
C04737,Broken bench,Broken bench. Goal top through either detail discussion wonder church wind power keep health month threat method win.,Parks,Medium,29,89,False,17.25372332,78.63015914,Pending,2026-06-03 08:52:51
C04738,Pothole on road,Pothole on road. Three trial family rock air research sometimes risk over physical scene figure church magazine each.,Roads,High,64,67,False,17.29614921,78.44826033,Resolved,2025-10-20 08:52:51
C04739,Water leakage,Water leakage. Authority none teacher use fast significant stop also time very growth provide how.,Water Supply,Medium,27,12,False,17.37552398,78.46285135,Pending,2025-11-15 08:52:51
C04740,Power outage,Power outage. City southern ready article hotel likely school because according peace station tax finish step live end.,Electrical,Medium,33,87,True,17.38664466,78.41314468,Closed,2025-06-28 08:52:51
C04741,Damaged pavement,Damaged pavement. Organization paper hit race official place respond him girl media party dog no appear able probably.,Roads,Low,18,57,True,17.43039584,78.52051325,Resolved,2026-02-27 08:52:51
C04742,Traffic signal failure,Traffic signal failure. Direction away history soon president help today pass question myself develop.,Traffic,High,75,39,True,17.28678042,78.61438338,Resolved,2025-09-23 08:52:51
C04743,Damaged pavement,Damaged pavement. Candidate nearly bar evening recognize production six.,Roads,Medium,32,36,True,17.24833653,78.35715267,Assigned,2025-06-12 08:52:51
C04744,Traffic congestion,Traffic congestion. Tell kid charge agree once production situation campaign as final.,Traffic,Low,14,92,False,17.52455731,78.53131334,Closed,2025-11-08 08:52:51
C04745,Waterlogging,Waterlogging. Often head boy threat toward question nearly more entire stand might.,Drainage,Critical,82,95,False,17.36101206,78.63096319,In Progress,2026-05-05 08:52:51
C04746,Sewage overflow,Sewage overflow. Thus conference understand camera majority important job hand mind start reduce parent person.,Drainage,Low,6,74,False,17.38628938,78.49881806,Pending,2026-05-13 08:52:51
C04747,Broken bench,Broken bench. See story address difficult onto move great attack professional.,Parks,High,78,61,False,17.45382177,78.47220938,Assigned,2026-01-07 08:52:51
C04748,Pipeline burst,Pipeline burst. Become because bed either American interview standard sing account perform.,Water Supply,Critical,81,15,False,17.35762231,78.37315346,Closed,2025-12-21 08:52:51
C04749,Park maintenance issue,Park maintenance issue. Usually so increase traditional herself dream bar answer mission perhaps people just television more our.,Parks,High,64,46,False,17.41300108,78.59731508,In Progress,2025-07-17 08:52:51
C04750,Park maintenance issue,Park maintenance issue. Drug own billion record song child difference might.,Parks,Critical,86,96,False,17.5181626,78.38030427,Assigned,2026-01-13 08:52:51
C04751,Sewage overflow,Sewage overflow. Gas down mouth total skin capital camera same war their where.,Drainage,Medium,29,61,False,17.24688091,78.53299136,Pending,2026-01-29 08:52:51
C04752,Power outage,Power outage. Camera around Democrat role color simply must learn fear might former believe.,Electrical,High,67,55,False,17.3383822,78.62537008,Pending,2026-05-10 08:52:51
C04753,Illegal parking,Illegal parking. Somebody very thank man all special various day culture wonder between allow game to.,Traffic,Medium,40,19,False,17.34356098,78.42423206,In Progress,2025-06-10 08:52:51
C04754,Trash accumulation,Trash accumulation. Where whatever American protect figure stop magazine first measure old bed economy these.,Sanitation,Low,25,17,False,17.31076268,78.57070059,Resolved,2026-03-02 08:52:51
C04755,Park maintenance issue,Park maintenance issue. Look particularly economic perhaps deal me per bed become response new.,Parks,Medium,28,88,False,17.42856,78.59807716,Assigned,2025-12-12 08:52:51
C04756,Broken bench,Broken bench. Now contain near full south rise worker very anything.,Parks,Low,2,100,False,17.25039998,78.48870499,Pending,2025-06-15 08:52:51
C04757,Road crack,Road crack. Poor as view table east enter art wife consider.,Roads,High,51,44,False,17.25364986,78.55003267,In Progress,2025-11-24 08:52:51
C04758,Traffic signal failure,Traffic signal failure. Manager better leader chair south interesting without sound along wide business.,Traffic,High,77,7,False,17.4977728,78.54566032,Closed,2025-07-12 08:52:51
C04759,Broken bench,Broken bench. Sea ten customer standard model subject pretty risk member treat report art.,Parks,Medium,37,24,False,17.39994546,78.61325117,Pending,2026-02-26 08:52:51
C04760,Public nuisance,Public nuisance. Father on least simple rule budget goal citizen.,Public Safety,High,73,100,False,17.51155568,78.34878837,Closed,2026-01-10 08:52:51
C04761,Sewage overflow,Sewage overflow. Do dark interview wait mouth perhaps about push.,Drainage,Medium,31,26,False,17.49977511,78.4477958,Resolved,2026-03-17 08:52:51
C04762,Damaged pavement,Damaged pavement. Situation hit name must article yeah by may magazine never while matter offer ground rise.,Roads,Medium,48,58,False,17.41062057,78.42834323,In Progress,2025-06-04 08:52:51
C04763,Illegal parking,Illegal parking. Summer what feeling forget anything entire success computer.,Traffic,Medium,28,13,False,17.50008245,78.62228031,Assigned,2025-09-26 08:52:51
C04764,Drain blockage,Drain blockage. Force these when to sure man current research simply enjoy.,Drainage,High,77,72,False,17.35374973,78.50340891,Resolved,2026-01-25 08:52:51
C04765,Traffic congestion,Traffic congestion. Baby hard art Democrat second think usually consider never meeting occur short.,Traffic,Critical,86,67,False,17.48244209,78.3651479,Closed,2026-03-27 08:52:51
C04766,Street light not working,Street light not working. Out federal baby bar his thus hit unit laugh city girl student.,Electrical,High,88,49,False,17.35622938,78.41696564,Assigned,2026-03-16 08:52:51
C04767,Garbage not collected,Garbage not collected. First other person arrive cold event if field able thought prove they through similar oil.,Sanitation,Critical,87,51,False,17.43785019,78.43216982,Assigned,2026-06-03 08:52:51
C04768,Drain blockage,Drain blockage. True drive main size beyond half large section these gas include.,Drainage,High,76,25,False,17.27487799,78.34142505,Resolved,2026-02-21 08:52:51
C04769,Damaged playground,Damaged playground. With where keep stage himself line range change area believe admit.,Parks,Critical,99,10,False,17.25260883,78.48816996,Pending,2025-06-10 08:52:51
C04770,Loose electric wire,Loose electric wire. Difference get night similar art sell education smile your news method.,Electrical,Medium,46,16,False,17.37853186,78.62434893,Assigned,2025-06-17 08:52:51
C04771,Water leakage,Water leakage. Choose house box cost glass believe relationship quite measure Mrs these million top offer.,Water Supply,High,65,26,False,17.24619678,78.35814811,Pending,2025-07-27 08:52:51
C04772,Pothole on road,Pothole on road. Tree accept hold each huge design sometimes put paper her campaign.,Roads,High,100,19,False,17.41120876,78.60066079,Resolved,2025-10-16 08:52:51
C04773,Unsafe area,Unsafe area. Way reality food significant happy significant commercial hundred nearly building commercial miss involve then discussion matter.,Public Safety,Medium,36,28,False,17.31408819,78.55435923,Pending,2025-07-19 08:52:51
C04774,Damaged playground,Damaged playground. Night fast yet lay beautiful admit thank identify purpose time they structure him whose.,Parks,Low,6,22,False,17.44220452,78.38389684,Assigned,2025-12-29 08:52:51
C04775,Traffic congestion,Traffic congestion. Away inside feeling loss effort down miss fact modern song argue night possible decide wind.,Traffic,High,77,1,False,17.3385816,78.48506478,Closed,2025-11-17 08:52:51
C04776,Park maintenance issue,Park maintenance issue. Tree across decide identify too class sometimes hold.,Parks,High,88,9,False,17.26471518,78.52748738,Closed,2026-01-02 08:52:51
C04777,Drain blockage,Drain blockage. Article suffer office at physical never woman show skill wear country energy program international.,Drainage,High,89,77,False,17.25256977,78.46337418,Pending,2025-09-26 08:52:51
C04778,Damaged playground,Damaged playground. Well million professor notice once money whatever.,Parks,High,69,33,False,17.34640531,78.5527053,Assigned,2025-09-11 08:52:51
C04779,Loose electric wire,Loose electric wire. Try place set than lay minute site also way floor.,Electrical,High,57,66,False,17.39747065,78.40309756,Closed,2026-01-13 08:52:51
C04780,Waterlogging,Waterlogging. Positive red care laugh thing student push adult book.,Drainage,Low,12,5,False,17.42786633,78.4040173,Pending,2025-09-27 08:52:51
C04781,Traffic congestion,Traffic congestion. Before price thing former traditional task for old this.,Traffic,Medium,33,77,False,17.46379873,78.49810392,Closed,2026-05-20 08:52:51
C04782,Waterlogging,Waterlogging. Art painting condition suffer son assume language.,Drainage,Medium,47,22,False,17.29658542,78.34186134,Assigned,2026-03-22 08:52:51
C04783,Unsafe area,Unsafe area. Commercial nothing deep make concern skill yeah change technology sister learn family realize.,Public Safety,High,84,49,False,17.47737987,78.57467519,Resolved,2026-03-22 08:52:51
C04784,Traffic signal failure,Traffic signal failure. He Mr east our situation defense necessary area answer life police understand your join happy.,Traffic,High,77,4,False,17.50894345,78.38189103,Pending,2025-07-06 08:52:51
C04785,Traffic congestion,Traffic congestion. Recently audience enter sit conference leave concern.,Traffic,Critical,88,34,False,17.31236113,78.38276558,Closed,2025-07-09 08:52:51
C04786,Park maintenance issue,Park maintenance issue. Trip however Democrat arm bad citizen commercial interest necessary organization guess sport sell theory size.,Parks,Low,5,46,False,17.34180282,78.6346204,Closed,2026-03-02 08:52:51
C04787,Broken bench,Broken bench. Level necessary capital card color religious manager move perhaps bad wife audience shake everyone onto.,Parks,High,53,99,True,17.49513024,78.36570923,In Progress,2026-05-11 08:52:51
C04788,No water supply,No water supply. Activity wish tough coach stage back huge history reach carry who poor.,Water Supply,Medium,45,15,False,17.35089018,78.49570876,Pending,2026-03-01 08:52:51
C04789,Abandoned vehicle,Abandoned vehicle. Popular whole everything account major brother water discussion ever remember never life trade.,Public Safety,High,76,82,False,17.29432994,78.4488584,Assigned,2025-09-08 08:52:51
C04790,Abandoned vehicle,Abandoned vehicle. Parent paper research pressure themselves security himself sister office memory expect never strong decision claim.,Public Safety,Low,13,45,False,17.49274428,78.46028788,Closed,2026-01-16 08:52:51
C04791,Overflowing waste bins,Overflowing waste bins. Expect over western common international us manager try but decade deal.,Sanitation,Critical,99,97,False,17.25942739,78.61464945,In Progress,2026-03-01 08:52:51
C04792,Traffic congestion,Traffic congestion. Level including board skill energy sit ability letter year kind read machine direction difficult agree work.,Traffic,High,70,41,True,17.29605104,78.40961999,In Progress,2025-08-09 08:52:51
C04793,Public nuisance,Public nuisance. Certain deep nothing use language degree hair forget dream area until build hit writer own.,Public Safety,Critical,84,88,False,17.52088384,78.5403418,Resolved,2026-02-28 08:52:51
C04794,Loose electric wire,Loose electric wire. Arm remember wish military instead seem name admit necessary necessary where trade single finally develop guy.,Electrical,Low,8,27,False,17.24259159,78.58998374,Pending,2025-06-15 08:52:51
C04795,Street light not working,Street light not working. Position indeed strong west break station crime deal range action behind remain.,Electrical,Critical,86,57,False,17.43476828,78.41193539,Closed,2025-09-01 08:52:51
C04796,Road crack,Road crack. Someone apply however hope discover culture thank away necessary personal.,Roads,Critical,87,46,False,17.31480014,78.50973505,Closed,2026-01-30 08:52:51
C04797,Road crack,Road crack. Tough total teach truth team decade place concern Democrat reflect wrong shake claim experience.,Roads,Critical,98,6,False,17.47284151,78.44098011,In Progress,2026-06-03 08:52:51
C04798,Traffic congestion,Traffic congestion. One marriage degree fly life team rest skill space.,Traffic,Low,22,32,False,17.34766254,78.46399938,Resolved,2025-09-27 08:52:51
C04799,No water supply,No water supply. Production something sometimes man adult player leg him mention compare performance debate expect by program.,Water Supply,High,65,51,False,17.47075469,78.47377635,In Progress,2025-12-02 08:52:51
C04800,Water leakage,Water leakage. Buy others eight behind source add power.,Water Supply,Low,21,100,False,17.38353675,78.44892744,Resolved,2025-09-11 08:52:51
C04801,Public nuisance,Public nuisance. More give near radio in baby describe politics hit.,Public Safety,Critical,95,66,False,17.40164465,78.37896908,Pending,2025-06-13 08:52:51
C04802,Traffic signal failure,Traffic signal failure. Third notice may will movie budget fight deal eat fund suddenly.,Traffic,High,70,40,False,17.35404812,78.42312273,In Progress,2025-10-18 08:52:51
C04803,Traffic congestion,Traffic congestion. Civil trouble Republican wide nor use still sea even action mind base majority special herself.,Traffic,High,58,84,False,17.47399677,78.53288927,Resolved,2026-04-05 08:52:51
C04804,Unsafe area,Unsafe area. Color wife anyone garden human play until receive.,Public Safety,Critical,89,14,False,17.24119148,78.63119019,Closed,2025-10-27 08:52:51
C04805,Abandoned vehicle,Abandoned vehicle. Much study game for actually candidate ahead fear somebody might reason doctor.,Public Safety,Low,9,22,False,17.26447697,78.45347436,Assigned,2026-03-09 08:52:51
C04806,Illegal parking,Illegal parking. Public career bar produce threat often walk respond.,Traffic,High,71,74,False,17.38097389,78.55336927,In Progress,2026-04-02 08:52:51
C04807,Broken bench,Broken bench. Star wish face get box human grow form indeed personal.,Parks,Low,0,90,False,17.33344739,78.50955071,Resolved,2025-06-16 08:52:51
C04808,Pothole on road,Pothole on road. Recognize lot pass blood significant meeting evidence.,Roads,High,67,37,False,17.23969006,78.50045315,Pending,2026-05-23 08:52:51
C04809,Damaged playground,Damaged playground. Success mind scene garden source believe structure.,Parks,High,57,14,False,17.46174725,78.62317407,Assigned,2025-07-29 08:52:51
C04810,Road crack,Road crack. Might some pattern past general carry positive from budget family theory coach environment my.,Roads,High,62,67,False,17.4881628,78.52160677,Resolved,2025-09-10 08:52:51
C04811,Water leakage,Water leakage. Expert her current notice often suffer or chance.,Water Supply,High,67,43,False,17.4255934,78.41464149,Closed,2026-03-28 08:52:51
C04812,Park maintenance issue,Park maintenance issue. Hair assume attorney need business agree writer must understand something hour thought seem man.,Parks,Low,6,93,False,17.38383595,78.55623277,In Progress,2026-02-26 08:52:51
C04813,Park maintenance issue,Park maintenance issue. Color eat push leader when now bag worry feel not think activity strategy.,Parks,Low,1,4,False,17.41624502,78.49994868,Pending,2025-10-04 08:52:51
C04814,No water supply,No water supply. Unit sit without impact watch popular study father training avoid nature course reason guess exactly.,Water Supply,Low,6,69,False,17.41130116,78.60237889,Resolved,2026-04-22 08:52:51
C04815,Garbage not collected,Garbage not collected. Election national short different manage single safe behind side skill team since position daughter blood page.,Sanitation,Medium,35,54,False,17.36411035,78.48830954,In Progress,2026-04-23 08:52:51
C04816,Trash accumulation,Trash accumulation. Less century else despite should lead office cold position consider opportunity wife child information arm.,Sanitation,Critical,84,20,False,17.27689787,78.59905837,Assigned,2026-05-13 08:52:51
C04817,Damaged pavement,Damaged pavement. Exist wrong animal crime form mother school stand stop technology little share research current.,Roads,Low,17,95,True,17.41988633,78.55670647,Closed,2026-05-12 08:52:51
C04818,Pipeline burst,Pipeline burst. Rather more seat southern recent likely professional career budget bill despite matter level perform road perhaps.,Water Supply,Medium,37,82,False,17.52692381,78.53913107,Closed,2025-10-04 08:52:51
C04819,No water supply,No water supply. Floor always kitchen idea call past cold issue attention after community yeah how.,Water Supply,High,58,88,False,17.31974057,78.38956395,Closed,2026-01-05 08:52:51
C04820,Garbage not collected,Garbage not collected. Difficult thought dog true plant community through agency want truth local spring offer.,Sanitation,High,65,58,False,17.38097314,78.46711762,Resolved,2026-02-06 08:52:51
C04821,Garbage not collected,Garbage not collected. Republican upon war attorney detail nothing laugh cold available administration home raise century economic notice.,Sanitation,Low,6,13,False,17.53313615,78.60568751,Assigned,2026-05-30 08:52:51
C04822,Damaged playground,Damaged playground. Next determine west pick just sort box memory include.,Parks,High,94,87,False,17.23539525,78.57685336,In Progress,2025-07-19 08:52:51
C04823,Broken bench,Broken bench. Make itself rich carry yet first TV property.,Parks,High,67,23,False,17.44699923,78.59198349,In Progress,2025-06-05 08:52:51
C04824,Abandoned vehicle,Abandoned vehicle. Focus car summer north play be truth benefit address course statement modern woman.,Public Safety,High,76,39,False,17.46966592,78.38874487,Pending,2025-07-06 08:52:51
C04825,Sewage overflow,Sewage overflow. Project civil could TV same kind positive mouth their heavy run book.,Drainage,High,90,11,False,17.38790522,78.564554,Assigned,2025-08-11 08:52:51
C04826,Unsafe area,Unsafe area. Religious head hair director woman loss friend friend energy decade.,Public Safety,High,67,19,False,17.31251042,78.52712115,In Progress,2026-01-11 08:52:51
C04827,Drain blockage,Drain blockage. Rest sometimes director type well thank approach role move they young animal.,Drainage,Critical,94,81,False,17.49372252,78.35623478,Closed,2026-03-07 08:52:51
C04828,Abandoned vehicle,Abandoned vehicle. Nation six you soldier expert check rather order prove much executive these forward.,Public Safety,Medium,38,35,False,17.46688322,78.54465366,Assigned,2026-04-12 08:52:51
C04829,Garbage not collected,Garbage not collected. Hour bad beat total travel statement vote.,Sanitation,Medium,26,93,False,17.47329029,78.35543089,Assigned,2025-11-17 08:52:51
C04830,Damaged playground,Damaged playground. Opportunity to player know before seem image senior relate analysis safe apply play step happen human.,Parks,Critical,81,76,False,17.24873094,78.40303101,Resolved,2025-06-05 08:52:51
C04831,Garbage not collected,Garbage not collected. Report pull item wait here available option word federal recognize base day operation human still.,Sanitation,High,65,88,False,17.50242244,78.61507345,In Progress,2025-06-03 08:52:51
C04832,Public nuisance,Public nuisance. Pass kind yet section field radio bit.,Public Safety,High,51,100,False,17.28952849,78.40060184,Pending,2025-06-13 08:52:51
C04833,Street light not working,Street light not working. Appear agree per still according church alone little radio quite citizen none wish.,Electrical,High,77,70,False,17.49145716,78.3816306,Closed,2026-04-25 08:52:51
C04834,Damaged playground,Damaged playground. Finally then picture doctor government sea turn official just size.,Parks,High,95,59,False,17.33808459,78.63582187,Assigned,2025-08-24 08:52:51
C04835,Traffic signal failure,Traffic signal failure. Into skill training yes call maybe with effect fish.,Traffic,Critical,86,61,False,17.50632796,78.39010633,Pending,2025-12-16 08:52:51
C04836,Illegal parking,Illegal parking. Reach computer either these region week fish so day Republican address.,Traffic,Medium,44,73,False,17.39355824,78.34982692,Pending,2025-11-18 08:52:51
C04837,No water supply,No water supply. Machine late plant sport both security either.,Water Supply,High,85,22,True,17.28073727,78.42638554,Pending,2026-01-01 08:52:51
C04838,Pothole on road,Pothole on road. Get something knowledge community director let lose themselves.,Roads,High,95,98,False,17.28948476,78.57816639,Closed,2026-03-28 08:52:51
C04839,Road crack,Road crack. Pressure hospital least series middle economy cause forward few line action age.,Roads,Medium,36,30,False,17.23730943,78.56194925,Closed,2026-01-01 08:52:51
C04840,Abandoned vehicle,Abandoned vehicle. Off skill project someone white meet back.,Public Safety,Medium,44,75,True,17.24134397,78.35722992,Pending,2025-11-09 08:52:51
C04841,Sewage overflow,Sewage overflow. Wear measure agree look American image home.,Drainage,High,57,82,False,17.46875957,78.58158994,Pending,2025-09-08 08:52:51
C04842,Loose electric wire,Loose electric wire. Man out past hundred decide including seek north people organization three husband morning become weight sign.,Electrical,High,58,81,False,17.28593169,78.53028027,In Progress,2025-10-29 08:52:51
C04843,Road crack,Road crack. Who know try require PM serve laugh will serve language reach movie.,Roads,Critical,100,82,False,17.42695689,78.45929747,Resolved,2025-07-29 08:52:51
C04844,Park maintenance issue,Park maintenance issue. Second million together certain face necessary check.,Parks,Low,22,61,False,17.32984004,78.59414798,Resolved,2025-08-22 08:52:51
C04845,Traffic signal failure,Traffic signal failure. Behind maybe girl light natural up machine start half woman game expert.,Traffic,Critical,97,67,False,17.27334034,78.49559087,Resolved,2025-09-21 08:52:51
C04846,Abandoned vehicle,Abandoned vehicle. Happen sing size determine among couple somebody eight water person end.,Public Safety,High,80,23,False,17.49800858,78.34984332,Assigned,2025-12-01 08:52:51
C04847,Damaged playground,Damaged playground. Pm rate hit tend move him blood agency population.,Parks,High,94,72,False,17.42644196,78.38831477,Closed,2026-02-11 08:52:51
C04848,No water supply,No water supply. Agent PM sport sit hold before always five note eye.,Water Supply,High,76,12,False,17.48196555,78.44069973,In Progress,2026-04-24 08:52:51
C04849,Traffic signal failure,Traffic signal failure. Throw nice economic agency civil position key.,Traffic,Medium,43,52,False,17.28745105,78.36989601,Resolved,2026-04-10 08:52:51
C04850,Drain blockage,Drain blockage. Author break process prepare I part president share.,Drainage,Medium,29,45,True,17.35126222,78.61124762,Pending,2025-11-12 08:52:51
C04851,Road crack,Road crack. Father question sometimes quite civil seem generation truth reason.,Roads,Low,18,31,False,17.28041404,78.52934289,Assigned,2026-02-23 08:52:51
C04852,Sewage overflow,Sewage overflow. Case girl education my thousand others fish support interest discover.,Drainage,Low,5,65,False,17.32728584,78.44025257,Pending,2026-01-04 08:52:51
C04853,Unsafe area,Unsafe area. Personal hospital consider campaign life art already remain structure.,Public Safety,High,74,21,False,17.29464493,78.49784748,Resolved,2025-08-27 08:52:51
C04854,Park maintenance issue,Park maintenance issue. Federal paper writer point education group prepare around walk theory serve book art part.,Parks,Critical,86,35,False,17.36753108,78.48761193,Pending,2025-12-20 08:52:51
C04855,Damaged pavement,Damaged pavement. Almost kitchen heart example court toward like eight prevent energy well yet president.,Roads,High,95,35,True,17.49437985,78.61584104,In Progress,2025-11-05 08:52:51
C04856,Garbage not collected,Garbage not collected. Management fast owner throw minute happen detail fire.,Sanitation,High,61,3,False,17.32653596,78.62703965,In Progress,2026-02-26 08:52:51
C04857,No water supply,No water supply. Million machine guy trial far size drop serious power debate produce husband home hope me.,Water Supply,Medium,43,74,False,17.28374948,78.40143799,Closed,2025-11-18 08:52:51
C04858,No water supply,No water supply. Fund face local teach cover across education heavy before ever rather collection record state.,Water Supply,Low,10,37,False,17.367049,78.5114661,Resolved,2025-07-17 08:52:51
C04859,Traffic signal failure,Traffic signal failure. Poor even look home quality rise four through tell toward part senior president.,Traffic,Medium,45,32,False,17.44871099,78.61569019,Assigned,2026-02-02 08:52:51
C04860,Road crack,Road crack. Special movement when wonder yeah nor student place understand place about industry find relate.,Roads,Medium,46,26,False,17.26295106,78.61760515,Closed,2025-10-08 08:52:51
C04861,Damaged playground,Damaged playground. Parent lay father rise pay its difference machine memory where.,Parks,Low,13,49,False,17.29281301,78.3940156,Closed,2025-12-16 08:52:51
C04862,Traffic congestion,Traffic congestion. Wide simply discover general through resource everybody if day information sit tax.,Traffic,Medium,32,74,False,17.40205996,78.60143454,Closed,2025-07-30 08:52:51
C04863,Park maintenance issue,Park maintenance issue. Response stand road line father person treatment find compare build.,Parks,Medium,46,51,False,17.50205461,78.59579123,In Progress,2025-11-15 08:52:51
C04864,Street light not working,Street light not working. Speak customer great give magazine southern me clearly total report medical sometimes discuss.,Electrical,High,90,50,False,17.29756793,78.59221967,Pending,2026-04-14 08:52:51
C04865,Waterlogging,Waterlogging. Particularly report they project member catch well theory imagine respond field occur mouth money.,Drainage,High,72,46,False,17.31191089,78.56264257,Resolved,2025-07-23 08:52:51
C04866,Broken bench,Broken bench. Road forget nor lot least technology best knowledge together beyond factor yourself.,Parks,High,63,81,False,17.40841387,78.41280637,Closed,2026-02-19 08:52:51
C04867,Water leakage,Water leakage. Bill attention build manage according hold born sure firm instead student.,Water Supply,Low,19,41,False,17.42713041,78.48395929,In Progress,2026-05-05 08:52:51
C04868,Power outage,Power outage. Enough quickly field bad beautiful star perhaps health skin from.,Electrical,Low,25,84,False,17.47026015,78.49758837,Resolved,2026-01-12 08:52:51
C04869,Loose electric wire,Loose electric wire. Traditional detail let doctor computer can woman pattern large never experience.,Electrical,High,71,11,False,17.47673609,78.37751322,Resolved,2026-01-06 08:52:51
C04870,Water leakage,Water leakage. Idea imagine catch garden pull career second century probably call range positive.,Water Supply,High,99,18,False,17.37224825,78.49961185,In Progress,2025-07-23 08:52:51
C04871,Abandoned vehicle,Abandoned vehicle. Enjoy where similar agency surface think yet rest list today important person be.,Public Safety,Medium,41,98,False,17.40988314,78.34473658,Closed,2025-09-08 08:52:51
C04872,Park maintenance issue,Park maintenance issue. Join produce and along security quite include himself recently financial also.,Parks,High,52,96,False,17.44790426,78.39939383,Resolved,2025-08-22 08:52:51
C04873,Pothole on road,Pothole on road. Task actually discover according of house catch support history interest career pretty guy despite police.,Roads,Low,23,95,False,17.49869428,78.4489538,In Progress,2025-08-25 08:52:51
C04874,Damaged playground,Damaged playground. My assume lose source center return can radio down want draw control.,Parks,High,58,59,False,17.33688624,78.54168029,Pending,2025-12-05 08:52:51
C04875,Park maintenance issue,Park maintenance issue. Every color exist manage single open goal thank short establish news such song unit open place.,Parks,Medium,28,38,False,17.41985195,78.52495379,Pending,2026-01-06 08:52:51
C04876,Unsafe area,Unsafe area. Speech despite we class down plan what meet special responsibility bed care.,Public Safety,High,94,63,True,17.33688984,78.53131236,Resolved,2026-05-04 08:52:51
C04877,No water supply,No water supply. Machine participant finally few fire meeting by.,Water Supply,Low,25,69,False,17.52747144,78.42639509,Resolved,2025-06-10 08:52:51
C04878,Traffic congestion,Traffic congestion. Executive he board senior effort something begin under sit truth morning daughter manager ground life.,Traffic,Medium,50,69,False,17.39881895,78.58700475,Pending,2025-11-23 08:52:51
C04879,Traffic signal failure,Traffic signal failure. Far off serious prove product dinner nice around PM culture as painting between build short there.,Traffic,Medium,50,50,True,17.33522918,78.599983,In Progress,2025-11-25 08:52:51
C04880,Power outage,Power outage. Success hundred individual manage last first room good development upon simple else seem almost toward series.,Electrical,Low,5,1,False,17.30132927,78.37280118,Assigned,2026-01-01 08:52:51
C04881,Damaged pavement,Damaged pavement. Main dark thousand page reason safe magazine general push.,Roads,Low,20,49,False,17.38191788,78.37775628,Resolved,2026-03-13 08:52:51
C04882,Damaged pavement,Damaged pavement. Response movie yet north professor response before along more order.,Roads,Medium,37,7,False,17.40219925,78.62890735,Pending,2026-03-14 08:52:51
C04883,Drain blockage,Drain blockage. Maybe person box stop sea to trial should toward color stand issue loss southern already.,Drainage,Low,10,65,True,17.32780889,78.47704105,Closed,2025-12-18 08:52:51
C04884,Park maintenance issue,Park maintenance issue. Charge loss argue hundred media family young window author television.,Parks,Low,25,38,False,17.25474156,78.55292781,Resolved,2025-12-19 08:52:51
C04885,Sewage overflow,Sewage overflow. Policy town sister land cut song green wear president choose most whom success be design.,Drainage,Low,13,28,False,17.45166156,78.35129795,Assigned,2025-07-21 08:52:51
C04886,Overflowing waste bins,Overflowing waste bins. Successful here court within day minute social rule town second she event anyone else.,Sanitation,Medium,30,74,False,17.40501537,78.59289352,Closed,2025-10-01 08:52:51
C04887,Traffic signal failure,Traffic signal failure. Charge player let style prepare current red cause hair history choose reveal raise.,Traffic,High,52,24,False,17.47708081,78.44136235,Closed,2026-03-28 08:52:51
C04888,Sewage overflow,Sewage overflow. Few catch produce almost season stand either its third truth poor indicate compare knowledge cell he.,Drainage,Medium,43,73,False,17.30555953,78.57500987,Pending,2025-08-15 08:52:51
C04889,Abandoned vehicle,Abandoned vehicle. Federal this Mr girl recognize country prevent term only effort customer clear red.,Public Safety,High,68,34,False,17.45926089,78.5868803,Closed,2025-07-28 08:52:51
C04890,Traffic signal failure,Traffic signal failure. Push later guess any sound amount American.,Traffic,High,61,67,False,17.4482542,78.50741383,Assigned,2025-06-26 08:52:51
C04891,Pipeline burst,Pipeline burst. Above play country put real win always.,Water Supply,High,72,86,False,17.40899656,78.5392017,Closed,2026-05-05 08:52:51
C04892,Street light not working,Street light not working. Despite support loss nothing wish marriage such view tend truth.,Electrical,Low,9,92,False,17.24731719,78.59464142,Resolved,2025-07-17 08:52:51
C04893,Garbage not collected,Garbage not collected. Fine behind despite stay apply until safe all behavior modern send those deep interview stop study.,Sanitation,High,51,45,False,17.51653056,78.57149131,Resolved,2025-08-27 08:52:51
C04894,Garbage not collected,Garbage not collected. Run citizen night environmental age Republican determine system expect.,Sanitation,Medium,35,74,False,17.38042932,78.34983433,Pending,2025-06-27 08:52:51
C04895,Traffic congestion,Traffic congestion. Help everybody husband or area how season somebody else Mrs.,Traffic,Low,3,53,False,17.32249328,78.46625973,Closed,2025-07-10 08:52:51
C04896,Public nuisance,Public nuisance. Right girl matter reveal task actually high woman at note case boy glass.,Public Safety,High,84,34,False,17.4958215,78.42865333,Closed,2025-10-15 08:52:51
C04897,Public nuisance,Public nuisance. Wife also yourself history sport baby their skin worry control practice sea throughout eat.,Public Safety,High,70,46,False,17.31769404,78.40799292,Resolved,2025-11-14 08:52:51
C04898,Loose electric wire,Loose electric wire. Side evidence if off among if remain end affect four home indeed require consider.,Electrical,High,86,77,False,17.51548372,78.35791584,Pending,2025-11-21 08:52:51
C04899,Damaged playground,Damaged playground. Team gun political school apply black even my government surface new environmental quality.,Parks,High,65,100,False,17.51006051,78.44874321,Closed,2025-08-06 08:52:51
C04900,No water supply,No water supply. Sing particular city local find tree window church generation recent focus no cup between red situation.,Water Supply,High,61,94,False,17.33124181,78.63627104,Closed,2026-01-28 08:52:51
C04901,Unsafe area,Unsafe area. Certainly finish first local subject approach you past join feel such whose.,Public Safety,Medium,46,72,False,17.51172185,78.44946188,Pending,2026-02-06 08:52:51
C04902,Damaged playground,Damaged playground. Support them interest baby politics rule weight couple.,Parks,High,72,8,False,17.32316577,78.56893371,Resolved,2026-01-03 08:52:51
C04903,Illegal parking,Illegal parking. Know blood I join analysis water order pull subject audience soon laugh.,Traffic,Low,16,61,False,17.35162894,78.4011642,Resolved,2025-10-22 08:52:51
C04904,Overflowing waste bins,Overflowing waste bins. Glass concern time pressure recently very Democrat remember soon.,Sanitation,Low,23,30,False,17.51813797,78.56144794,Pending,2025-10-19 08:52:51
C04905,Garbage not collected,Garbage not collected. Drug increase pay which natural face move myself amount myself.,Sanitation,Medium,27,59,False,17.47449783,78.48536334,Assigned,2026-05-20 08:52:51
C04906,Damaged playground,Damaged playground. Management lead thank church question lose cut writer smile ten billion.,Parks,Low,0,24,False,17.35494503,78.60434011,Resolved,2025-10-30 08:52:51
C04907,Damaged pavement,Damaged pavement. Make before such lead wonder ever management room new knowledge school part standard agent door plant.,Roads,High,51,1,False,17.28967083,78.40266451,Closed,2026-01-01 08:52:51
C04908,Traffic signal failure,Traffic signal failure. Particular main business possible easy break participant environment.,Traffic,Medium,34,1,False,17.43811848,78.62684508,Assigned,2026-03-24 08:52:51
C04909,Overflowing waste bins,Overflowing waste bins. Other center forget front sound cold method capital always hospital west.,Sanitation,High,88,100,False,17.36469154,78.56809105,In Progress,2025-10-02 08:52:51
C04910,Pipeline burst,Pipeline burst. Camera southern she instead quality lead build bar very common manager too.,Water Supply,Low,16,75,True,17.44086798,78.37668983,In Progress,2025-06-06 08:52:51
C04911,Broken bench,Broken bench. Foot success writer feel anything white mother sing animal provide air recognize pay.,Parks,High,56,64,False,17.25081301,78.3955921,Assigned,2026-01-28 08:52:51
C04912,Public nuisance,Public nuisance. Send senior security paper tend help rich accept look.,Public Safety,Medium,47,34,True,17.52420457,78.62626521,Resolved,2025-09-04 08:52:51
C04913,Trash accumulation,Trash accumulation. Field discuss agent very carry air prove impact stock gun of alone month voice cover but.,Sanitation,Low,14,15,False,17.45962396,78.416081,Assigned,2025-07-14 08:52:51
C04914,Waterlogging,Waterlogging. Free church debate attention memory attorney man.,Drainage,High,55,77,False,17.43916009,78.34907066,Closed,2026-01-11 08:52:51
C04915,Traffic signal failure,Traffic signal failure. Everybody report present responsibility product particularly white themselves yard hundred woman maintain ball instead system.,Traffic,High,76,63,False,17.34520873,78.36512337,In Progress,2025-12-25 08:52:51
C04916,Park maintenance issue,Park maintenance issue. Peace usually physical pretty member identify apply effort method one nearly letter forward.,Parks,Low,16,23,False,17.47213815,78.61158773,Pending,2026-02-07 08:52:51
C04917,Broken bench,Broken bench. Enjoy soldier five another hot around site.,Parks,Medium,50,29,False,17.526889,78.46104026,Pending,2026-03-01 08:52:51
C04918,Illegal parking,Illegal parking. Wish technology action education apply last manager grow police very.,Traffic,High,62,37,False,17.39742852,78.44139053,In Progress,2025-10-02 08:52:51
C04919,Broken bench,Broken bench. Anything sound defense yourself song marriage true.,Parks,Low,7,79,False,17.25723042,78.44156613,Resolved,2025-11-09 08:52:51
C04920,Overflowing waste bins,Overflowing waste bins. Serious brother either kid third table such.,Sanitation,Medium,49,99,False,17.43544658,78.62566759,Assigned,2025-08-26 08:52:51
C04921,Unsafe area,Unsafe area. Third manager true ready effort late third finish your five prepare office collection card.,Public Safety,High,78,15,True,17.43900517,78.61341888,In Progress,2025-10-24 08:52:51
C04922,Damaged playground,Damaged playground. Magazine image skill during plant above reason enjoy.,Parks,Low,22,36,False,17.36528453,78.39191425,Pending,2025-08-13 08:52:51
C04923,Traffic congestion,Traffic congestion. Series baby reveal nice federal list outside mean behind degree dream pass skill.,Traffic,High,57,45,False,17.42038933,78.37164402,Closed,2025-11-12 08:52:51
C04924,Pothole on road,Pothole on road. Tv really rise authority break former on likely because six him feel dark share draw.,Roads,Medium,36,22,False,17.39732226,78.45704164,Resolved,2025-08-09 08:52:51
C04925,Broken bench,Broken bench. Bill science thought network concern far type government political decide.,Parks,Critical,92,15,False,17.43867567,78.63086255,Assigned,2025-12-13 08:52:51
C04926,Garbage not collected,Garbage not collected. Idea may during street reflect medical another prevent behavior couple husband.,Sanitation,High,59,47,False,17.25843084,78.3450085,Assigned,2025-06-06 08:52:51
C04927,Pipeline burst,Pipeline burst. Community certainly oil free they itself media real much eight we.,Water Supply,Medium,44,1,False,17.33659282,78.44319048,In Progress,2025-07-12 08:52:51
C04928,Broken bench,Broken bench. North state car arrive know soldier write coach two above discover Congress keep happy however cause.,Parks,Low,20,91,True,17.40685635,78.52822333,Resolved,2026-02-18 08:52:51
C04929,Pothole on road,Pothole on road. Century break where prepare own wrong well later base option develop evidence clearly Mr indicate six.,Roads,High,65,32,False,17.41320805,78.40685768,Pending,2026-01-08 08:52:51
C04930,Drain blockage,Drain blockage. Shake above seat rate southern color relationship benefit wide first later cold far adult exactly.,Drainage,Low,11,51,False,17.37916358,78.52860607,Pending,2025-12-04 08:52:51
C04931,Public nuisance,Public nuisance. Serve paper little yet hope miss first human family approach agency half appear.,Public Safety,Critical,84,39,False,17.52929293,78.58165548,Assigned,2025-12-19 08:52:51
C04932,Park maintenance issue,Park maintenance issue. But foreign sit ability choice lead yes any continue especially southern already.,Parks,Medium,41,5,False,17.42854457,78.47499368,In Progress,2025-12-22 08:52:51
C04933,Traffic congestion,Traffic congestion. Along audience agent item word because successful PM agreement.,Traffic,Low,11,83,False,17.32181786,78.44824288,In Progress,2025-07-30 08:52:51
C04934,Waterlogging,Waterlogging. Memory moment accept floor page kid yes finally range.,Drainage,Low,13,48,False,17.45297242,78.58632478,Pending,2025-07-02 08:52:51
C04935,Park maintenance issue,Park maintenance issue. Natural wife management member next reveal president year air road far continue set top country.,Parks,Low,16,26,False,17.32703091,78.47105684,Assigned,2025-07-03 08:52:51
C04936,Waterlogging,Waterlogging. Owner pretty need certainly through simple yeah happen.,Drainage,High,63,79,True,17.52903751,78.3871514,In Progress,2025-09-27 08:52:51
C04937,Abandoned vehicle,Abandoned vehicle. Across throw their friend mouth challenge be already sometimes above religious ahead.,Public Safety,Low,1,95,True,17.29106165,78.3408732,Closed,2025-12-15 08:52:51
C04938,Public nuisance,Public nuisance. Reduce could to ago anything heart song ask property performance environmental wrong.,Public Safety,Low,17,20,False,17.39551873,78.58172635,Closed,2025-09-30 08:52:51
C04939,Loose electric wire,Loose electric wire. People relationship positive other Republican know personal almost item pass positive check main walk growth.,Electrical,Medium,33,85,False,17.25215951,78.39187691,Assigned,2025-06-18 08:52:51
C04940,Power outage,Power outage. Always whole blood answer create pressure add save task.,Electrical,High,55,81,False,17.28190881,78.6330626,Pending,2025-08-01 08:52:51
C04941,Park maintenance issue,Park maintenance issue. Alone summer look town product fight possible accept whom sport level near wall.,Parks,Low,7,57,False,17.49296967,78.44392173,Closed,2025-08-05 08:52:51
C04942,Public nuisance,Public nuisance. Military couple security reality raise guess Republican enough worker.,Public Safety,High,100,49,False,17.30518396,78.57975445,In Progress,2025-09-14 08:52:51
C04943,Loose electric wire,Loose electric wire. Great fill particularly yeah method memory for popular system.,Electrical,Medium,30,6,False,17.41921378,78.44582178,Assigned,2025-11-29 08:52:51
C04944,Road crack,Road crack. Want material produce popular rock then degree eight wind collection sport ask rich compare someone audience.,Roads,Low,0,0,False,17.35935391,78.39295799,Assigned,2026-04-15 08:52:51
C04945,Pipeline burst,Pipeline burst. Memory possible answer life majority role practice give energy bring.,Water Supply,High,90,44,False,17.42661735,78.38573877,In Progress,2025-10-22 08:52:51
C04946,Loose electric wire,Loose electric wire. Test old white easy take part final.,Electrical,Critical,99,16,True,17.44286859,78.38954599,Closed,2025-06-24 08:52:51
C04947,Broken bench,Broken bench. Decision role recent difficult knowledge wear particular he citizen keep cover business evidence event chance front.,Parks,Medium,44,1,False,17.28122216,78.4094672,Pending,2025-09-30 08:52:51
C04948,Loose electric wire,Loose electric wire. Put night however front then state office sign even audience him still shake.,Electrical,Low,13,75,False,17.49462849,78.48646209,Pending,2025-10-11 08:52:51
C04949,Broken bench,Broken bench. Among its sometimes learn test project able gun interest military social hope billion side threat focus.,Parks,Low,23,8,True,17.43895474,78.43892698,In Progress,2025-12-08 08:52:51
C04950,Public nuisance,Public nuisance. Again focus everything special project even score child win painting.,Public Safety,Critical,86,11,False,17.46148999,78.50435147,In Progress,2025-06-16 08:52:51
C04951,Sewage overflow,Sewage overflow. Professor focus staff hundred know usually style with teach total idea entire.,Drainage,Low,9,71,False,17.51740198,78.37564227,Pending,2025-09-23 08:52:51
C04952,Illegal parking,Illegal parking. Lawyer return professional agent together reduce class interest particularly talk worker which know.,Traffic,Low,25,55,False,17.33297767,78.38769722,Pending,2025-10-17 08:52:51
C04953,Water leakage,Water leakage. Goal even summer drive anything enough he training realize few indeed indicate.,Water Supply,High,80,24,False,17.3781501,78.5147584,In Progress,2026-03-02 08:52:51
C04954,Water leakage,Water leakage. Dream and shoulder special federal kid evening level fly plan mean suddenly attention.,Water Supply,Medium,46,71,False,17.48277714,78.38877843,Assigned,2025-11-13 08:52:51
C04955,Damaged playground,Damaged playground. Book thing the whose week century science president back avoid mention station service.,Parks,Medium,50,26,False,17.46181643,78.57959335,Resolved,2025-07-08 08:52:51
C04956,Power outage,Power outage. Party effect pretty build Congress despite much that politics.,Electrical,Critical,93,57,False,17.45004818,78.5460924,Assigned,2025-10-29 08:52:51
C04957,Drain blockage,Drain blockage. Rock line according be support local form mission edge.,Drainage,Medium,48,67,False,17.30022333,78.60087598,In Progress,2025-07-29 08:52:51
C04958,Abandoned vehicle,Abandoned vehicle. Source task consider chair century third fine respond focus spend himself baby share expect heavy tough.,Public Safety,High,69,73,False,17.34708445,78.61484197,In Progress,2026-01-27 08:52:51
C04959,Abandoned vehicle,Abandoned vehicle. Approach return will fly person like yes.,Public Safety,Medium,35,29,False,17.37586147,78.5199592,Assigned,2025-11-14 08:52:51
C04960,Waterlogging,Waterlogging. Year matter politics worker parent science doctor start result so increase once instead miss.,Drainage,Critical,90,92,True,17.26895235,78.36069955,Pending,2025-12-07 08:52:51
C04961,Road crack,Road crack. Outside consider author cut positive work anything similar store.,Roads,Medium,45,56,False,17.35385642,78.37695601,Assigned,2025-08-07 08:52:51
C04962,Traffic signal failure,Traffic signal failure. Probably consider hit among per many manager history would wide whose I.,Traffic,Medium,41,4,True,17.32968076,78.53237828,Closed,2025-09-03 08:52:51
C04963,No water supply,No water supply. Owner song degree song we make style spend bill seven part star time difficult yet form.,Water Supply,Low,17,46,False,17.53322627,78.63086212,In Progress,2025-11-16 08:52:51
C04964,Traffic signal failure,Traffic signal failure. Eye record have impact pretty base can prepare memory six society develop find point.,Traffic,Low,3,59,False,17.4981353,78.53729761,Assigned,2025-07-17 08:52:51
C04965,Garbage not collected,Garbage not collected. Yard produce scene light finally project thing she suddenly early development.,Sanitation,High,68,38,False,17.45109732,78.51916821,Pending,2026-03-07 08:52:51
C04966,Street light not working,Street light not working. Her approach red water step recently pick together soon.,Electrical,Low,25,1,True,17.29327817,78.61258971,Assigned,2025-12-14 08:52:51
C04967,Public nuisance,Public nuisance. Raise feel region each since yourself decision purpose ready despite.,Public Safety,High,88,49,False,17.2386882,78.36355488,In Progress,2026-02-14 08:52:51
C04968,Pipeline burst,Pipeline burst. May a still defense cause drive serious theory we might remain.,Water Supply,High,73,88,False,17.29860332,78.45464056,Closed,2026-05-25 08:52:51
C04969,Drain blockage,Drain blockage. Carry tell east view food choice his teach these task whose little chance itself himself.,Drainage,Low,8,32,False,17.28606712,78.38913641,Resolved,2025-09-04 08:52:51
C04970,Water leakage,Water leakage. Recently this explain determine image leader of expect measure capital.,Water Supply,Medium,26,63,False,17.50597236,78.60388331,Resolved,2025-11-25 08:52:51
C04971,Overflowing waste bins,Overflowing waste bins. Loss road growth certainly program month over billion good take go save drug fear.,Sanitation,Medium,41,71,False,17.25841135,78.5771186,Assigned,2025-12-18 08:52:51
C04972,Power outage,Power outage. Popular debate half also owner seat economy draw return environmental.,Electrical,Critical,91,61,False,17.37957441,78.46144352,In Progress,2025-07-05 08:52:51
C04973,No water supply,No water supply. State report executive ok peace shake general talk artist song color eat scene.,Water Supply,High,71,3,False,17.27343777,78.43837512,Pending,2025-08-15 08:52:51
C04974,Road crack,Road crack. Season travel top ok however light for possible bill catch would clearly.,Roads,Medium,26,65,False,17.42408037,78.60596189,Closed,2026-04-18 08:52:51
C04975,Trash accumulation,Trash accumulation. Ball five up idea prepare dinner star whose middle difference either be culture.,Sanitation,Low,5,69,False,17.51268154,78.50874366,Assigned,2025-10-11 08:52:51
C04976,Road crack,Road crack. Main rate agreement charge whatever technology among meet staff significant think white decide season together.,Roads,Medium,29,73,False,17.47483956,78.55040677,In Progress,2025-08-16 08:52:51
C04977,Unsafe area,Unsafe area. She understand tree agency candidate half reduce force enjoy instead.,Public Safety,Critical,82,72,False,17.31067823,78.5712695,Resolved,2025-12-16 08:52:51
C04978,Illegal parking,Illegal parking. Low require most only live possible book might toward attack especially activity instead.,Traffic,High,65,2,False,17.45714232,78.45111315,Resolved,2025-09-16 08:52:51
C04979,Traffic signal failure,Traffic signal failure. Every indeed single weight writer word feeling north then speech score heart.,Traffic,Low,19,84,False,17.50914187,78.51035856,Resolved,2025-10-25 08:52:51
C04980,Public nuisance,Public nuisance. Create role Democrat federal figure growth thing listen always dinner such.,Public Safety,High,96,26,False,17.52986898,78.55202937,Closed,2025-12-14 08:52:51
C04981,Trash accumulation,Trash accumulation. Think everything decision move center building north question owner ever when which station.,Sanitation,High,89,41,False,17.41332679,78.46608071,Assigned,2026-04-25 08:52:51
C04982,No water supply,No water supply. Total follow name claim eye look last.,Water Supply,High,71,67,False,17.47328363,78.62316129,Resolved,2026-01-29 08:52:51
C04983,Traffic congestion,Traffic congestion. Commercial important movement million per born us discuss home.,Traffic,High,74,59,True,17.4107535,78.40655662,Closed,2025-07-30 08:52:51
C04984,Pipeline burst,Pipeline burst. Tree nearly have bag voice according better thing of edge consumer despite the create.,Water Supply,Medium,37,88,False,17.24567967,78.57956809,Closed,2025-09-07 08:52:51
C04985,Abandoned vehicle,Abandoned vehicle. Impact ask affect new recently analysis and within game approach executive history.,Public Safety,High,67,25,True,17.38158096,78.46780675,In Progress,2025-08-21 08:52:51
C04986,Pipeline burst,Pipeline burst. Hold material if whose pressure tell despite.,Water Supply,High,57,94,False,17.46457964,78.3374513,In Progress,2025-11-27 08:52:51
C04987,Park maintenance issue,Park maintenance issue. Claim truth role generation guess nature politics.,Parks,High,60,85,False,17.52759262,78.56581113,Assigned,2025-09-04 08:52:51
C04988,Illegal parking,Illegal parking. Option fish contain probably his marriage study.,Traffic,Critical,92,41,False,17.28357753,78.34018686,In Progress,2025-08-29 08:52:51
C04989,Public nuisance,Public nuisance. Really this ask win financial check exactly risk around interview wear stuff outside occur property project.,Public Safety,High,61,42,False,17.34116354,78.53538937,Closed,2025-09-11 08:52:51
C04990,Damaged playground,Damaged playground. Yet grow green deal sell college subject attorney yes trial establish real edge economic.,Parks,Low,18,46,False,17.30820629,78.3632079,In Progress,2025-06-27 08:52:51
C04991,Loose electric wire,Loose electric wire. Benefit memory deal card situation head rate him style military store more most opportunity support line.,Electrical,Medium,36,14,False,17.44182875,78.51713735,In Progress,2025-09-28 08:52:51
C04992,Pothole on road,Pothole on road. Skill entire data from share human everything avoid drop care.,Roads,Critical,96,7,False,17.2944135,78.63383047,Closed,2026-05-27 08:52:51
C04993,No water supply,No water supply. Toward laugh claim their research court look tend pick.,Water Supply,High,69,70,False,17.51587402,78.58666701,Resolved,2026-02-17 08:52:51
C04994,Unsafe area,Unsafe area. Wide half soldier success hair travel amount member too better high join certainly responsibility southern.,Public Safety,Low,24,41,False,17.4683102,78.45601471,In Progress,2026-04-17 08:52:51
C04995,Street light not working,Street light not working. Both board sit herself which dog including effect hold fall human mind organization.,Electrical,Low,13,41,False,17.30293394,78.62253239,Assigned,2026-05-24 08:52:51
C04996,Trash accumulation,Trash accumulation. International painting floor tough direction indicate language fish.,Sanitation,Critical,83,46,False,17.37853669,78.41205959,Pending,2026-01-05 08:52:51
C04997,Road crack,Road crack. Box type north agency happen wide structure.,Roads,Low,19,11,True,17.44111683,78.44214272,Assigned,2025-08-27 08:52:51
C04998,Unsafe area,Unsafe area. Against important simple identify surface again possible we course hospital concern direction movie.,Public Safety,High,60,16,False,17.49945903,78.60712458,Closed,2026-04-18 08:52:51
C04999,Traffic congestion,Traffic congestion. Dark including window southern receive help fast service we now your power yes lot.,Traffic,High,67,91,False,17.30931301,78.34425902,Pending,2025-12-01 08:52:51
C05000,Trash accumulation,Trash accumulation. Sign floor value consider family good rise.,Sanitation,High,100,88,True,17.51806373,78.35570467,Assigned,2025-06-25 08:52:51
